wage,realwage
0.0,0.06909527555918545
0.06362942157628938,0.010414845992509011
0.06982409979007922,0.009768925536749884
0.06288036355188877,0.005789348777767239
0.05933629234391288,0.015826287722287037
0.09135478848868216,0.0693460420600821
0.070212830776196,0.013461407155023114
0.0571677031895334,0.015826063496048304
0.07395405132838621,0.026382526321516737
0.06728843877165183,0.011237626849683982
0.06892190638524084,0.010356269197394284
0.07070329535408859,0.011491539457654123
0.06738488117422019,0.012781294189341182
0.061838341482129536,0.011604977671752717
0.1080006567950998,0.0692434927267275
0.18660373436837557,0.164916645319745
0.0730868894937493,0.011622632050495199
0.08388765661038973,0.0401507102889843
0.06225562182849684,0.009178120447930135
0.06211134009244786,0.0064179507835953106
0.06161065425051363,0.013194054037552702
0.06400876520816506,0.006801781994455348
0.07645622081465507,0.019634050358995826
0.06923033296153791,0.030124323647947777
0.10071940068970654,0.04371160408811652
0.06678814163554186,0.01764610468735374
0.06498326480593225,0.005460650695125336
0.06768187058447966,0.005844372103294163
0.07831294728136992,0.040026087542304474
0.06323904790451697,0.02561422183004995
0.0910639371435177,0.055616312075433855
0.05961297876077802,0.01626140121110882
0.06543454605691329,0.00606238176205141
0.061421400110381816,0.017346028038546204
0.05516120123433844,0.03187259966702689
0.0714094392815759,0.006830122731313054
0.09701255197843225,0.05763027496258591
0.06565681091815959,0.002090766715270471
0.06534755073027812,0.013330887324207192
0.07026028639583265,0.016620371073466405
0.0661192401269317,0.02890832300235698
0.07272914982336882,0.020595857497403076
0.0682946089871424,0.009901280051395817
0.06977873246532944,0.0206176950427671
0.0679775024615036,0.009472075500744147
0.07461292867984348,0.029973628553985776
0.07168336554280019,0.02051342559317809
0.0758765701217643,0.02826548838055645
0.06788893723740287,0.015048608568034888
0.053885419040045936,0.028957096421462405
0.06507151861633895,0.011960965631327283
0.0667299632934884,0.01125586987383428
0.0781459772240129,0.061292901021901325
0.06410310085786464,0.014444389369990256
0.05580729858287571,0.044778321566001235
0.06890513715654,0.007743516427707389
0.0701255507935096,0.020954275789001314
0.06334002224464785,0.006136984028615757
0.06262494814100776,0.010906436665933609
0.0656460889015649,0.0035876623241542028
0.0676037490640581,0.003923647629000911
0.06461159967523193,0.0065880298937066005
0.06601149637592504,0.02397713364387527
0.06484890203003024,0.00918363996955387
0.06651937463903683,0.003472697584866529
0.06591297456109865,0.00809239940392896
0.06421613716761616,0.00817606331306195
0.06135913221820408,0.02590931022520909
0.10740735975568308,0.0608946123996584
0.06847398228646814,0.02859413412947377
0.06872731716454053,0.022575664833249406
0.06483931616509836,0.010213549530853764
0.06448096962709003,0.011632237670403165
0.06461566592315711,0.06611758100935058
0.07035522349101725,0.011953997639954634
0.0731657653070108,0.012996265752148288
0.06125688354547641,0.01585194685399369
0.11668275821094215,0.07410199214843315
0.07431103820359312,0.02767927057136951
0.07155659410185337,0.013063945181754908
0.08506692049586984,0.03229381488036011
0.07318547367501026,0.017192724514832034
0.07569780738087606,0.020720817358086216
0.0710337258168532,0.026322350972067147
0.0746604932338412,0.031379231924238006
0.06856656230736229,0.00503306821488306
0.06727051438713982,0.011460432539690323
0.06833356433126249,0.010927276488356886
0.06995972529304653,0.022609414662688357
0.06495657298625136,0.003052109661252952
0.061241777441004105,0.01247096481326014
0.07260639563560958,0.021532122241655006
0.0661696950384684,0.007225278035889108
0.07101464008688535,0.010857951988027562
0.06487008702361642,0.011016149345865494
0.07897201992897145,0.020032408686434154
0.07241683195830995,0.016963964249155302
0.06369905138166983,0.01057497473932665
0.07124268612501859,0.01178812749319295
0.06551486755892823,0.011648555519617904
0.07508624241853225,0.017445397230939255
0.06740562873233351,0.02953071344844765
0.05804602904594736,0.02167290440871911
0.0705025144710638,0.012550809273742195
0.06775116340491585,0.0188886069008806
0.08351638262173597,0.03456016103361162
0.07926268587550388,0.0314776436639902
0.06668186745948797,0.03177014088834149
0.0749188002344025,0.020583509713404707
0.0660181322681074,0.008008022988259365
0.07088060117984601,0.007088633458226261
0.07253808103283325,0.014580313287427196
0.0637335737885123,0.00843908996926516
0.06065352825555594,0.013579843461757538
0.06277974348695048,0.025075512338669566
0.06774208110083864,0.0161707121989185
0.06920188671686096,0.012313223668091936
0.06957903518142336,0.013624485683277319
0.06583704393845242,0.019347928809630495
0.06420923624989161,0.0076439478792816005
0.07516182273337578,0.015148690736576894
0.07818512235137035,0.02214683211017463
0.06817408717167205,0.009690092136091089
0.060131454959608664,0.021061131744895507
0.09874351171302373,0.051333462142825574
0.08147444549252657,0.027223364868270903
0.06896916426660632,0.012289843252466445
0.06708640892282564,0.01061682054270882
0.061570535514982705,0.035814861380831516
0.06508040839025592,0.007834571279665706
0.07121435823086394,0.01299254133702816
0.07802658334923925,0.042881844815459834
0.06842302020417394,0.013152004632683333
0.06747406291146472,0.021020034425737872
0.08038475257350512,0.018669629810177047
0.06644921694336828,0.005611223670533513
0.06229783506793874,0.01379099859825966
0.06183204193895674,0.017062368297832427
0.06831253375531193,0.016771648491064942
0.06635810043740008,0.011262528924804591
0.06786906335823886,0.01768977073105048
0.05499337854471574,0.023806804442628168
0.07283460968542774,0.014959045624505896
0.06545402794886827,0.012131405130173011
0.06267295474122855,0.02113068364421286
0.06108384570521142,0.014412733949292472
0.07014925523984265,0.006100369716573117
0.05415740856595278,0.026714029257099255
0.10702587264154738,0.06132299675743402
0.07914694723442518,0.03649247863133569
0.05128765457798382,0.03344289277363206
0.06867461311009707,0.044808055768368875
0.06834079647557996,0.028407099302916787
0.06803690302064418,0.005523921987194148
0.08126056033678715,0.04224490817614264
0.06523899398828623,0.02310139149121164
0.07551354389982393,0.018349613162640162
0.0649697835514874,0.004400514446736585
0.06028920751336854,0.010421490751177776
0.10198853183773479,0.0647797475280945
0.0868266951591147,0.03222019383892962
0.07692426831805628,0.01741494491700704
0.06435337333404126,0.021328391508255842
0.06797254943983104,0.006791043635582448
0.0694343462136311,0.01794737944905715
0.07780602481348978,0.023993514422715162
0.06710408284763378,0.006703029752411458
0.07202030191762866,0.012960755566809194
0.07469974240829083,0.018282869590536356
0.06635532035967388,0.012037087052738793
0.07066575217427284,0.015578912737844213
0.06217897065933066,0.021923905947708468
0.058830063773283016,0.026873759865075782
0.06849667392498902,0.01792036690897886
0.0797924523552884,0.02254362672148816
0.07408300487769764,0.026332210341707425
0.06877733674655041,0.014589385974398652
0.11651873878938446,0.08068374009605135
0.0662002064039968,0.01540256721155138
0.06231115436740088,0.010846418026735445
0.06714768935711292,0.012602461592572214
0.06722064807629342,0.012033043554838745
0.07134540458940099,0.015865615788141604
0.07083057794150106,0.011818343054960165
0.06772146535733208,0.009033879759782641
0.058877967687420915,0.020430035337329393
0.06506423127003425,0.005064355796094967
0.0707021585070707,0.011578193411333005
0.06809595099941967,0.013119885973758901
0.06821438321672167,0.0072154786829432055
0.06436570721358892,0.006906146889611951
0.06369005044823782,0.011505697775869524
0.08033072667052828,0.0320834682822832
0.06182712355844733,0.026413998012190694
0.06862177449527637,0.01105522037236084
0.0628968160001994,0.014175383963931143
0.06216866573516597,0.014380976085432826
0.07202569106582737,0.022405345561934173
0.17823457846410357,0.169064890755996
0.06792905958197996,0.008959644883705913
0.06680808230226967,0.011352351127764193
0.06133661689859094,0.02030907503394391
0.0655819448425484,0.009804864542522346
0.06752254660014798,0.0032097300734432745
0.07366836229438785,0.01270559050205311
0.06701941413763611,0.00383855675852514
0.07049167842216991,0.007730615763877734
0.07004784019375214,0.01062684328479822
0.06336817128839199,0.015480901997904476
0.07029667356939383,0.01822022070568023
0.0722548585208631,0.013179538222517629
0.06739056905724844,0.010905829978395114
0.06900395863043728,0.005911860086083446
0.06154650632550327,0.016369650462586406
0.0676240807528119,0.014708959920297181
0.06757370121977657,0.007853875156371499
0.09185479520561875,0.04979590024529503
0.07305031551604292,0.01537657562694092
0.06569597328128439,0.005362226769684253
0.06581916308512532,0.007187561489088874
0.06968961517849454,0.017147563603646134
0.07877838810367643,0.021267480467915333
0.07936478247339429,0.04864082252844777
0.06413092407575101,0.026397194989240348
0.06837692013283189,0.00973330852883347
0.06381998663010333,0.011791574593388511
0.06178402875552819,0.008684175132760897
0.05945174673626294,0.019354373811406877
0.06839761432882173,0.010705467587224331
0.06703610767967907,0.012772158816650865
0.06619196570066825,0.012670862409365945
0.06880240925783525,0.01234033400931131
0.0740616722340141,0.011369280202929797
0.06498384280840262,0.017740906820686714
0.07129344725218245,0.015668947438478534
0.06742393554592382,0.019412547622163486
0.06863752641840427,0.01325186653133638
0.06614095449768195,0.006710818778973859
0.0654559553902234,0.013844910890646298
0.06841035114188199,0.02598154179875728
0.07335296714050824,0.024287636672991834
0.0760101364169713,0.014692115280070283
0.07327359981180616,0.015973508422905708
0.0694857906281956,0.016912522899031165
0.06498458787259083,0.00998971645967035
0.06056067981047953,0.03753838164919628
0.0661081265399091,0.016819819808786936
0.06357215328922217,0.012819241626520123
0.07079647097217949,0.013498365354985642
0.06129093396885156,0.008672674771153443
0.0714286684646903,0.0206669714294626
0.06070369063421124,0.011093565219447694
0.06146012961383424,0.018536731445661234
0.07633878951599106,0.05075190338075066
0.08597239945411986,0.033010924062459375
0.08202730517324032,0.028361794821670307
0.06455483897034187,0.013715540253975061
0.08272323472812551,0.03352920251855934
0.07779830609626993,0.04436375140073656
0.05876794309497054,0.03622069151311523
0.06264942344684729,0.01996265567027924
0.05065174040067745,0.03445393136057784
0.0672995556580832,0.02341263865418944
0.0738101339710876,0.012930039995910254
0.08925473531623393,0.04356502243705554
0.09189113944627184,0.04286016909946448
0.06708750414727685,0.002855524552504502
0.0661348169484453,0.010994426532625279
0.07159632432911155,0.022133920250383174
0.1063347423005258,0.062391335793341385
0.07957609396640698,0.03893408415560712
0.06925459956961959,0.010596854660929994
0.059817912115942146,0.013705077966166254
0.0661215683344052,0.006661247148117147
0.06485311195598334,0.007692043921626593
0.08216519854561928,0.059398424136630205
0.06242002594715163,0.008317601771039268
0.0788242090090222,0.03372462960072252
0.07026053726855247,0.010393041951159912
0.06344630793703976,0.027068126722438086
0.07380946418813099,0.014642636338079848
0.07277646852073681,0.018438226574440206
0.06367502188998696,0.007452759607286413
0.07115059349541517,0.02760962167463996
0.06784018282898889,0.004829795133168584
0.07927819015818606,0.03219771120002609
0.06810394909973203,0.004493136881876381
0.07145271941317256,0.011607857108561838
0.07005363162465586,0.01113031780401587
0.08650533835248175,0.05526117213239984
0.05600331668083519,0.018268744226396214
0.06211804497786928,0.011536177869092097
0.07825588658659653,0.044547024194131174
0.07503966073756992,0.02137977986145594
0.08480975805411994,0.04914407168274166
0.0744776911714661,0.030910616448795558
0.07754709513410275,0.02833461511863559
0.06451477060276005,0.015720218590768942
0.07746646329103239,0.03573330374532218
0.06347760945110509,0.009824662116134374
0.07239188147503262,0.013641131711873497
0.07810880578822589,0.02544704864510846
0.06699557827669579,0.010493133028486624
0.06599352356834137,0.03197646848958369
0.07277697642022406,0.013533501416747688
0.07267469091544841,0.014520533057266694
0.061847259262958094,0.009769712333115762
0.06564375908379455,0.001677400705269658
0.06823337879512234,0.012142957313520287
0.07829721642433292,0.033065964135513846
0.0670263541144899,0.01729782685437388
0.07146570424524097,0.015418258508084402
0.07338479321928502,0.023451648556435584
0.07711794643624587,0.025637185379945714
0.059559736402560105,0.014650637412566036
0.07056129952690136,0.02114059888545305
0.06922564287198191,0.019381548821070793
0.0696026310339731,0.006334365909039512
0.06494193932954402,0.011591464731562792
0.06978753460085425,0.021704828485353628
0.08906044197788292,0.04405102854388715
0.07942241775800295,0.030199604586666415
0.05849047555573127,0.01628532271754218
NaN,NaN
0.08923745924766789,0.03393614897610408
0.08721930818745659,0.0409645815748091
0.07563301553261216,0.02570239049898573
0.07248168412973051,0.022339851291158654
0.05650931932670832,0.015761259107850735
0.0709464370265886,0.0240072633612746
0.06421625098493453,0.02442348907873934
0.0675175217601298,0.004818462316889687
0.06952334891854661,0.007552468639118269
0.0683937112780724,0.009357819945928622
0.12370285331425604,0.05824888375644962
0.0626303177912874,0.0077018099239583365
0.06936716356668332,0.012321331266362884
0.06352942983929392,0.00618943049161731
0.07198332359765476,0.018615415636469637
0.07134478408820408,0.008579674567327056
0.062243981222404134,0.00629319818574104
0.06745620374969118,0.004179108515714193
0.06647202750572158,0.0008206725182619908
0.06587706471103248,0.0009841182858429823
0.06694005584277869,0.004653627998317887
0.062172855588158576,0.006579371272609306
0.06684242175347566,0.0035722642923794855
0.06474394528189982,0.007002532796332042
0.06667880601303397,0.0043011891103026355
0.06730013311626783,0.003393446885640045
0.05556206464945513,0.025791852817150376
0.07065379664821722,0.012684120967551492
0.07958802478416831,0.05655617092964647
0.06270852831646119,0.005169460711977293
0.06725699882401995,0.0028841838509327767
0.0650688547214044,0.01570143208646833
0.06597453572912121,0.00436413705666441
0.06963330537526007,0.02480088835068969
0.0653536382200371,0.0012073600343922857
0.10679833868797685,0.054552121221941516
0.0672925404521349,0.00817253060164873
0.06342352329818908,0.009677783925630453
0.06755688999607279,0.009636037645083199
0.061807503007143785,0.03367049674058239
0.06315351764441356,0.015372602812734568
0.06880004932537259,0.021073883977572507
0.07396953036248527,0.04155659182614711
0.0622845736445913,0.010800596249922545
0.0670143624476996,0.02084856675716295
0.0734110851898041,0.018244262153083963
0.06991904843056233,0.015730409896068817
0.0854276302290247,0.03147791757318324
0.06628052434259833,0.004287836030488974
0.06542118920996128,0.017892505806191724
0.06334781820383178,0.01663669002117493
0.07597087977158604,0.028491125076715303
0.07470829870510186,0.011293489036063116
0.06794855485620103,0.008741774628922483
0.06399744315755057,0.012168035578994735
0.0681774161445131,0.013336140826697753
0.06604901474703978,0.013212606937746257
0.07103003994933102,0.01762596586676827
0.0639926260118944,0.012506679657879674
0.07090764456436902,0.010435930956591373
0.07103845315756306,0.021838052268699164
0.06898561609106059,0.010868862734919129
0.06861497426628378,0.005404220352722824
0.06400941136156005,0.019029708629734902
0.06752909628611081,0.01302739764047415
0.10241735175561134,0.052831507983607404
0.07526145738091428,0.015485582899217502
0.06586541794086287,0.010011817326733738
0.06644616138157097,0.01443553325774389
0.06487043054503437,0.010682940106764077
0.05968756568601804,0.015600827758645444
0.06575593755523136,0.010337612949188
0.06817510311879882,0.00615947466959515
0.06497898211461045,0.005830870711559235
0.07608391430585694,0.029707351910907058
0.06983251112025755,0.016954050753238133
0.0688261674500196,0.012752878939166289
0.07904320294168495,0.025169885248686907
0.06678893715360797,0.016416050237074847
0.07045406434567589,0.021812503291102483
0.07300761988039281,0.02037060173364885
0.0743863188885167,0.022738286066062055
0.06837277971560111,0.005908398686143424
0.06693404750365058,0.007745999558951236
0.06577652084672184,0.007071426399958241
0.07035750910851925,0.009808046325689247
0.06084525720025198,0.011457674716249545
0.06627687784800122,0.012248778078426836
0.07065555082871058,0.011937770838855844
0.06575607937405525,0.0037775067614722606
0.0740997603637752,0.028371712684705487
0.06553167499475385,0.008446849439797703
0.06723560757223922,0.006434142048463483
0.06436324958784384,0.004669147290087741
0.06533269205459014,0.009481247844125955
0.07066182447599005,0.007976285219939165
0.06743198986563018,0.01978577327667161
0.07434754886644852,0.018063559100675978
0.0672929071755417,0.00774975148679268
0.07017749732674254,0.025421722079365085
0.069335320988406,0.007987721502814361
0.06403027802015074,0.01066104285234525
0.06479418929052054,0.014465832901228347
0.06178135060760316,0.010549687971626823
0.07887119961607993,0.021420571385734413
0.059865508293738906,0.011128796489816661
0.06982341511526562,0.008621886289669544
0.0685466413776085,0.02050645008047204
0.06496190268860412,0.007278654361797063
0.06216270203324617,0.011956970856047192
0.061646192679543854,0.007841895284193073
0.06518384400636221,0.006680913868589708
0.061598548752330694,0.024261835123654735
0.06739907461784207,0.010796810388490107
0.06308993132450232,0.014990066116591143
0.07013773234530048,0.0115339240657153
0.06582499514353445,0.008493591349440159
0.07992796843936083,0.050574754432206236
0.06792902490185258,0.0383396596954142
0.058062720616847044,0.014986563384794841
0.06393386619284118,0.008916634238955399
0.06490165521668276,0.009017166611375305
0.06405941529696023,0.004257620346892885
0.06494540022244204,0.0032767258290873885
0.07269507588670346,0.016133691069124927
0.06434224388492878,0.00936410454385962
0.06770468271304601,0.0061443236462648
0.06897613842143159,0.005515695019109537
0.07075501516422865,0.010185180905276066
0.07254276179882226,0.012767901734200338
0.06186566536031262,0.014745005695048928
0.07022947739969482,0.022843052945622666
0.0666865782976211,0.010400169240035952
0.08822017547844611,0.0531069967511391
0.0676991746768661,0.012506554136985726
NaN,NaN
0.06315813824652479,0.012013934071028255
0.07343692458155959,0.021323391660291655
0.06940826206466047,0.02861388358062254
0.07540667064964299,0.022472803288237114
0.078878633224358,0.03538900161118599
0.07132184046549611,0.046255287705324624
0.07207525876658818,0.019417564651461643
NaN,NaN
0.05696490956000105,0.014312653593609132
0.0698805973838364,0.02136105743775041
0.06379421113408536,0.021562483009011615
0.06218804843595535,0.015741772180447658
0.05984033566731478,0.016087514677114913
0.066503675049095,0.0075766505581731
0.06910386202805144,0.036022139214751746
0.07668069996351813,0.03599446147252171
0.07076007574761974,0.033458612866195454
0.07817404732560879,0.03231662663243933
0.07252975525070009,0.03268118073052063
0.06882450098728082,0.009823718618884137
0.06242599016607076,0.00715460321199807
0.0701305390903187,0.012063491859206535
0.0692238848520085,0.011424534430476125
0.06638971854264357,0.006040043503118744
0.0630605221249885,0.01183293166422854
0.07042834665621053,0.007168027735914598
0.06733050946316177,0.016159326713683232
0.06805538725409724,0.00916342530852784
0.06472599044349651,0.012028933734466426
0.07209853551801794,0.01293958521448037
0.0744587784465188,0.01866720468473528
0.07460074920426367,0.04141534114500829
0.06489164295376647,0.010746923305633736
0.0756557023609541,0.03679943249851392
0.06696985625550247,0.016331165615899704
0.07856204287268784,0.022058857331116736
0.0701759039201284,0.019823949230633006
0.06507105983343567,0.021525529086980633
0.07453486558452183,0.018624852491210604
0.060784593701927195,0.014457879406266846
0.06065170367093181,0.013090238718110455
0.06656904779243776,0.009542754712006489
0.07310707895257451,0.016334122444467934
0.06860051144210791,0.008230122525681033
0.06953450032493554,0.018865023696399186
0.09032896395382699,0.03738444845995686
0.07045456645205346,0.006178316077103086
0.058965855743636296,0.02800323837486314
0.06430815629092605,0.006476960442027732
0.08902306217414396,0.052466342368511075
0.06592619657676428,0.010517103167021037
0.07110952873438027,0.011849430586546776
0.06541353110768937,0.005830013752833266
0.06815657563991803,0.018708174475611662
0.06700614868268548,0.008102079803863564
0.07660250833195556,0.038396898858205866
0.06432226609235947,0.010498901411279224
0.07061800812138452,0.016612757116110412
0.06205774470751122,0.006103709366477532
0.07327945096649559,0.022110555503864104
0.06758833439499373,0.010905540555463018
0.07184557932481306,0.027810678459105828
0.06579627131637385,0.005741534417381469
0.06769421148923223,0.00913369410417153
0.06012556885006442,0.013712281504827603
0.06368219637579073,0.007533260763081771
0.06732329755105887,0.013139310344067767
0.07057000002372638,0.017967673061166204
0.06600706757090681,0.0047596661694939875
0.06416621241787353,0.010659351116526397
0.0807283539883494,0.022485507467183568
0.06597073219764885,0.006390906326125576
0.06977376400914205,0.01227680523529602
0.08311264005172694,0.02177126931897656
0.07055467396474421,0.01333308072074982
0.07966856420569837,0.03129837739786676
0.07269260511147567,0.010540400240200745
0.0737471414714234,0.018635929663436464
0.06578667135043617,0.015574640697854731
NaN,NaN
0.06892086669333104,0.023087219349087133
0.06238338546469723,0.015639246982698148
0.0717130487294388,0.019834169639261066
0.06636378617564817,0.02320449509568234
0.0734777865187454,0.06562319872920289
0.07096939749037424,0.015422575445860386
0.08227979930688305,0.02704960597347122
0.0696813117607679,0.03024064773368417
NaN,NaN
0.06172900363880796,0.009322970855198927
0.06881270176976209,0.02814651300925172
0.06665819219221851,0.01037058031684445
0.0588167960204444,0.021000125530398147
0.07641519288282107,0.026043996674103825
0.07101230354387654,0.018948305911736713
0.05574400823689591,0.019014699927733057
0.0656898466829701,0.004511634891236636
0.07778237669771382,0.042536962141478604
0.07660254516043447,0.020070631095557744
0.07708092172511671,0.029552229807074025
0.06947520617846341,0.04589883786039024
0.07358138499941783,0.013832241749374774
0.058947955644548224,0.0163785897969279
0.06871825596623762,0.016532442229836398
0.07346598718452253,0.025571098428147962
0.05886461452074051,0.015031302471458072
0.07500912386804207,0.02553327180050124
0.07917877349133508,0.02557899468947801
0.0675579723977682,0.01327964525330745
0.06279808551471099,0.007915397346801882
0.06662951343986959,0.0059373591682242806
0.09114279118808911,0.06990815127249046
0.07344650489970603,0.027120907752044874
0.06685676301388245,0.015263695940597066
0.07025725898778226,0.014668292580631502
0.08318441791612143,0.037603148930185994
0.06724628294755525,0.009852167884356403
0.05884579389791014,0.031423652363920335
0.06516844250202639,0.02544105687863237
0.0687740639744027,0.013688517614163379
0.06838302971244645,0.004170229751623655
0.0670935258753763,0.01954463730805553
0.06509964123051824,0.011912984536354183
0.0733026813503782,0.017192456775821388
0.06166297388173199,0.011659591563499874
0.07210045486958959,0.020498336625817577
0.071220431059429,0.010380826650095978
0.062036106279190276,0.02082093025894326
0.06020888435818649,0.0407947451526522
0.06308738643257364,0.019785375691024815
0.06507228629756778,0.009800302970131033
0.06607752853952885,0.004254915223824127
0.07836943381803337,0.020289649643714856
0.06522983378198306,0.006506806878956423
0.06544041980331121,0.007344830122727909
0.08018495714098488,0.026825513629014024
0.06375668021543375,0.02633478918289821
0.07482874587037956,0.022699443069087784
0.06302779713289845,0.011221154520147136
0.07409167853823283,0.027030877705122563
0.07436757709344796,0.023196503473498824
0.07230881683567437,0.02598038048079336
0.07427127123231678,0.01937081370301291
0.06345701737695167,0.017858148800392035
0.06317901142261825,0.02241022475314285
0.06284125102257371,0.01476659359740273
0.0642076602475646,0.008130766671651553
0.07070961639415387,0.014160703098447995
0.06737119821805655,0.007971136053672216
0.06664107735363409,0.007424222806570474
0.05398918636166377,0.030654690229430608
0.06412790751741598,0.0097181941727156
0.07182042043696583,0.018292749963831418
0.06879945235063106,0.01263019396639976
0.07763421469479863,0.03189618257531441
0.06710510654914034,0.007836886436285152
0.0756750816756688,0.02930325097438551
0.0612002323408634,0.013640213060644828
0.06141578182646123,0.015773208846018173
0.06497443308284395,0.007120486899376395
0.05765432316229329,0.023274584474019786
0.06271667144825765,0.03598145302375686
0.06498908008399414,0.05759992393659092
0.06835837258202614,0.003587346331464424
0.07053956493208036,0.011038245340142971
0.05761546719318541,0.024345908158116807
0.07200388759419425,0.016074847042634652
0.060124792102639976,0.014167253612106872
0.06860650953750912,0.007263191359956636
0.06586784549054912,0.008284495910213092
0.06856310557282372,0.01603146022191212
0.07988430905826388,0.024208017979500878
0.06723795505951902,0.028482955648100175
0.12535518406677365,0.07481455197613253
0.07276267381010508,0.0320409062854255
0.07093775512482539,0.017239125299441483
0.06505321421308796,0.013299408417538891
0.06828826176515837,0.010151967190459526
0.06248524065527504,0.013428496613304003
0.07107254814162482,0.022001837555959358
0.06433497246504463,0.01354787898144023
0.08097813305425994,0.03311805746491734
0.06867185779272386,0.019951596359720252
0.06813179910917055,0.004901227481344113
0.07198653111674684,0.012698097118562943
0.0726745874844289,0.018036288249452588
0.06529502270748012,0.0035987707409380716
0.06309522998823959,0.014629809466305222
0.07477193684757222,0.024607364743173696
0.06757111161881492,0.010323909723083367
0.06747612440606209,0.013703167098573296
0.06619161335282571,0.010234605597186412
0.09895967588321775,0.06014499578100977
0.06085102032829718,0.013292263171619443
0.09380629514221323,0.03612775723165908
0.06554702989518879,0.014399517390682876
0.07585241869562209,0.031131343460416277
0.08425602359814355,0.0543874832643873
0.07097108418764665,0.008939043511466311
0.07806773960813805,0.021237667268701254
0.06720244543225239,0.019336692740873393
0.06732430491386983,0.008197314678103567
0.07775747752423996,0.04652135180706336
0.06930302001302618,0.006956269334985004
0.05911042292704484,0.0227760651640042
0.07282060229902458,0.016348712549923133
0.07037117315902984,0.012652246638266926
0.07499202392075546,0.02048056774551124
0.0696807405061951,0.0264562385811139
0.06605145140590736,0.02277699304946867
0.06781299020381615,0.013530831948252131
0.059677922788509086,0.030184128598659658
0.07001282081688204,0.011031704179372536
0.07070086931046454,0.01874268040184276
0.07487695091238354,0.02899980278670235
0.07449424279508811,0.015383720513981094
0.06670004262814018,0.010161807848556791
0.07575726924039845,0.024532519050855905
0.08010571526017704,0.037753162390603445
0.057405166177784454,0.02188667193148606
0.05739622972295957,0.02821337903486105
0.0650219975004421,0.010792670060068408
0.09506714452138805,0.06581816767455194
0.06571910406182704,0.009176028614239124
0.06317615107610465,0.04394843499863852
0.06419061512934573,0.030309917154938304
0.07357003731882741,0.028529151866928868
0.08826965519610508,0.047069009667732836
0.06575803513454094,0.018520761255597318
0.08503674382893303,0.03460307326330004
0.06320014534504668,0.012191387037710964
0.08170072821985837,0.033883567205313596
0.05744111433031463,0.013743156976686478
0.06601952289673968,0.015330288982776245
0.07094152547297874,0.010959746707379812
0.06144736763555677,0.007939114644694366
0.07511966386563995,0.02483634942390063
0.06493783967629414,0.013059339393381629
0.06945537964565361,0.015384297942501948
0.06390732284614747,0.01931165246902853
0.06648421521327538,0.011973315217574972
0.07400507739786662,0.02499296605359461
0.06724099025848583,0.008979500368722757
0.06163489536949812,0.01077911819764937
0.05729153850250429,0.01640441242234222
0.06779998360314196,0.014542574824255765
0.07553129680356634,0.015641268799239452
0.06485772003932856,0.024083122377619396
0.06814692876687715,0.015446343389319144
0.06696769193652186,0.014836944855215814
0.06374932398133364,0.014660459996640481
0.06737838470358101,0.005861527237367239
0.06500512686253768,0.01564011662997335
0.06874227604645375,0.014536316837690152
0.06784574483588492,0.010287256283761169
0.06640531617600649,0.007236163762801597
0.059302135922518324,0.016191770865651278
0.07422440113862941,0.015167251348828919
0.06549124904766546,0.016864710045500365
0.07759774978526769,0.015821888999989646
0.07336531110404822,0.019195819008933825
0.0647860729516121,0.0039456622418739444
0.06798324819875454,0.009096095697324363
0.07061650805334521,0.019097737045713672
0.060945551363402795,0.005891977049064025
0.06041278745934529,0.012754168157160217
0.06756398629667841,0.012992520825414959
0.09856158135763686,0.059907866505865104
0.07094356493652323,0.013553242412337558
0.06913115823289713,0.020539442433107048
0.07462498304992247,0.024860149993183183
0.06400750676856759,0.00821601697841549
0.07996506607350443,0.024591443092135103
0.0672389902575894,0.011318077237400668
0.07688434204189355,0.01525523101811146
0.06659782926751925,0.007682185118323494
0.06459604198349682,0.006410986694585241
0.06015279596136925,0.013767861873215546
0.06640154409038211,0.004580857695804123
0.07339355410750699,0.021321188107926048
0.06782234428318148,0.00553651861268118
0.065289066990617,0.006359775294719648
0.06991408125526495,0.014619820363800617
0.06713816911291709,0.0027674549782171877
0.06672452796410792,0.009081514285260208
0.06394282112403368,0.013693830977993014
NaN,NaN
0.06482329093798969,0.020071335300260496
0.06638137036714595,0.004395378559446189
0.07695543651437971,0.0187400213181811
0.06672455899325609,0.013870033645560392
0.06637955865730874,0.01211357508206357
0.0726885302093264,0.017335407270825557
0.057008120827731115,0.01113114762220227
0.06721637776715728,0.003914620931558312
0.06121294494758383,0.01510257548266109
0.06834760014390667,0.01296921460766233
0.07548614340594133,0.016692595936726177
0.06396477870391792,0.006399285050096715
0.07432959046682647,0.016333840216450138
0.06651441069974401,0.02185885100672993
0.06731551531311046,0.019238691782048265
0.0710221535884241,0.018682120887051453
0.06725181925751092,0.016556915543872584
0.065703334646932,0.005026799352855661
0.06848841047279337,0.015544646579483243
0.07528849111715075,0.02220254916693175
0.06837033599756247,0.029445257115219472
0.07068836622985687,0.015850203395362118
0.07128879649748691,0.007545779339426036
0.06945946604907885,0.01552244584238177
0.06615208846300855,0.014453543055127253
0.06243059554467421,0.012633948662824515
0.06849455586807425,0.010001820794337701
0.05951743230034825,0.016494154068655103
0.07914814599848315,0.02795556187832998
0.0745314703188543,0.016145093200124267
0.058580395184464853,0.017488602115619065
0.06705069776227215,0.007011850463557349
0.0682496591846588,0.011029960963452313
0.06739264336828521,0.012124316707997695
0.05750384837143905,0.023491878129632354
0.07206434408404606,0.01585638538208982
0.06772682017077468,0.007119816568206195
0.07043305762990341,0.014468500252530396
0.07183945471872931,0.013035846640896947
0.07140465387190552,0.01511688928873568
0.0648950399048093,0.010868237032310775
0.06604068840938636,0.010851167859844192
0.06734800620930412,0.01168193511147707
0.06830898202184499,0.01423774891616091
0.06842957258594784,0.010464638441133505
0.06233785045851796,0.008604602799508922
0.07058531440326933,0.006261511520760438
0.06503386131280885,0.005884936642471935
0.06594088202910478,0.005382151209084907
0.061658335692543705,0.020780815254549702
0.06632338542919869,0.015559404107418627
0.06573139754489168,0.008498488601233105
0.06430915923015276,0.019485047581865367
0.07537504322609935,0.031705759367599756
0.0687679686556108,0.0057620448850485865
0.06712310210851263,0.011111711645779032
0.06181924785463735,0.019059893457460113
0.06794487316280351,0.003980026389471969
0.06476094053245825,0.012129352530906112
0.06583253945912752,0.015461968531077709
0.06353889048180905,0.006425715758116186
0.06435441658478425,0.008770094713329797
0.0671163412101462,0.004829993294642506
0.06496901734163885,0.00858882251043105
0.07594721043606441,0.02142066246565851
0.06085465151509857,0.009851911708565747
0.06313032656808112,0.016936783763845234
0.06508171368684117,0.015407537927571248
0.06821176724903771,0.007531649552690764
0.08274756746026213,0.04288259186100101
0.0650493251241709,0.013219228522140435
0.08064410252427168,0.024152493410265003
0.06995234550113247,0.011860931093686645
0.06702702382357185,0.011684077529825376
0.07186872382628198,0.03033140582117561
0.060366439560200595,0.014742920985228678
0.060000998095033196,0.01113359753913501
0.06946107237182333,0.01269086375338247
0.06676390374882367,0.04438142578781319
0.06540597730237435,0.0050326505146068255
0.07630067799390748,0.020368023703517358
0.06448927223838014,0.014147710193568624
0.06894976705802827,0.015315738865982814
0.0653461804667862,0.008347491062647872
0.06407036786065894,0.004244743398045886
0.07197072197499389,0.011242520697583268
0.06681410411403808,0.005358663448093565
0.06302297781959594,0.024013239288430254
0.06948470803432127,0.014561863543973028
0.06837656037609736,0.021521740115667855
0.06555959639029306,0.005136716465263264
0.06199883264116739,0.01513329788165098
0.06943790162389786,0.02236048917789918
0.06942523255989014,0.014968325003832663
0.06474499387600009,0.011674554690033586
0.06246734794013255,0.009108163727479532
0.0669061591677196,0.012109245647759425
0.07463713927606855,0.01791536213453878
0.08496449130700837,0.030152131858803246
0.06381671987770175,0.008816862384771114
0.06645814355569679,0.005297000449056081
0.06536981575633288,0.007334226311020987
0.06305965392696576,0.021773779923459226
0.0655405637504585,0.02244988585118165
0.07126303015669484,0.01103590130240221
0.06665471516527101,0.029458412261640334
0.06742027763272934,0.011388286763236846
0.06637190560594239,0.017285676293883716
0.06382798014852632,0.005160397951749096
0.055605830634043625,0.03275389745488876
0.07086407974076352,0.018937404395706167
0.07135724773425314,0.012870185534011092
0.06622431260887915,0.047929984521037666
0.07914262856523069,0.04874788351833688
0.08749613294678035,0.0464250579360196
0.0665345669810275,0.005177260780618139
0.06775888860189044,0.014122143009897425
0.07188269220511562,0.014532044082599213
0.06589882728318983,0.030221650399176868
0.06758396801094857,0.005343069527557009
0.07033173883205798,0.019454797840340432
0.062023647380615124,0.051583357606411105
0.057102979969798594,0.02314518460758659
0.08142837819799247,0.03741098103901795
0.1079128251472777,0.058493397976926174
0.069530434245017,0.007844364394644246
0.06177576484215522,0.014392926470753097
0.06497422152745917,0.024553197597257187
0.07631901366894325,0.022866269563216052
0.07435570102390715,0.014968198000099965
0.06928595891018582,0.019014129342178526
0.08979795416162248,0.04589574393551812
0.07262648136920943,0.025309096929062306
0.06755478541544827,0.024271744340649284
0.08954891709951802,0.029568545065119255
0.06893450400759023,0.0060733229269286405
0.06583935731758433,0.018934094643987907
0.08391932875120463,0.03976472720585524
0.07406656494083545,0.01263272286234105
0.06590647591657904,0.01851890663720846
0.06618853459016266,0.006791228622270671
0.05114362066518828,0.025529576419202893
0.06980161256080669,0.014544103225619658
0.06690111779160535,0.004375860543770386
0.06255251929823111,0.014132569138171444
0.06553899156662647,0.012045174246039148
0.06581175221902631,0.01645036858543405
0.0751694570382009,0.023335167368824104
0.06460486706171374,0.015344030896268556
0.05714203513717785,0.03510849058240117
0.06455347716146288,0.030954973125799763
0.18886437639807138,0.1870503854408684
0.06412970411007567,0.01569144792801661
0.0551900296177084,0.017615032443686004
0.06582614543764935,0.013128168263693249
0.0657839637650681,0.0057552885633726635
0.07094140360326198,0.021259645188036833
0.06126482125201257,0.050488461710090866
0.06561683881179359,0.0075511016685952705
0.0743883887373679,0.014113742258821239
0.06360155526694936,0.012294589708738049
0.0635421228560842,0.012204674922593419
0.07706667314744176,0.03131887592013003
0.0760437534174023,0.04244828309890689
0.08523779094883244,0.03219111787197748
0.06983613616944603,0.018440380375087738
0.0725871368220566,0.012663120278320754
0.0864761589743164,0.04091331706714113
0.05923544883003368,0.030028174046611854
0.0635023665434114,0.0063628236246727875
0.07417326160780152,0.02577543105526504
0.06625489482158617,0.011585908822992683
0.06585339758322838,0.005733631099355409
0.07076675492122843,0.019762064186678585
0.09145953514504211,0.040435334145776075
0.1467459977734742,0.10155665772412789
0.0765392554359245,0.03507301184800492
0.06438064526620432,0.010398418686919965
0.07417486896710127,0.014244908036777996
0.06888959918802583,0.022077892173560112
0.07323191147993395,0.015702785307825328
0.066386138983717,0.010655500139687885
0.07092656323951542,0.030132136153574147
0.06682747145597723,0.009561073126738425
0.08586659544424821,0.03848578049611002
0.06785555640598603,0.008542760533885835
0.06751334403515791,0.0442671750276067
0.07150912603944888,0.018576926309701265
0.06138561381464799,0.013776854236240746
0.060401553134323716,0.02190345942501787
0.06517343374868906,0.0030936346184556826
0.07329506523490374,0.03924462092188787
0.06383862770402493,0.02431226215056804
0.06660891775825425,0.004558067668167916
0.0622285303114962,0.014089007380321997
0.07126889610461849,0.01255082452979566
0.07263977947698524,0.020065825856882977
0.06354944886968394,0.014437257259597389
0.06729086199434386,0.029205048993862434
0.08468259448798204,0.03241000920683231
0.06800207871818993,0.020572173937296597
0.07429059913574355,0.029519525896063704
0.04826126348788374,0.03886224117747496
0.06510847187573489,0.011013787084281215
0.08398351160962325,0.027975647612811197
0.0705653927490788,0.019728463390223504
0.07058057585377568,0.010219786178100243
0.07626922250984981,0.023516812498966633
0.07102546229060161,0.022896248522156586
0.08843762409534613,0.04556347545719738
0.06909119726719366,0.02037623027333967
0.07187545534927524,0.0317996750726533
0.08683006735670035,0.032324187220343664
0.06460551238918591,0.016316230083866932
0.06000355680111624,0.022349411589803768
0.09170041068095443,0.043122474843223096
0.06880911735046907,0.012575852642391666
0.06775028296148834,0.021306525619131107
0.07248957503066145,0.009409261794088433
0.059133521802116534,0.013873374826733027
0.06706811012567987,0.02940249757387592
0.06598730120722511,0.003966326364904572
0.0626190501837007,0.016777476525676023
0.07678216351563219,0.0397382690457288
0.10569348310090501,0.04764887227232512
0.0718116752154745,0.038438529707774276
0.06068053985816162,0.014300290977143144
0.06669733650171104,0.002118791310223564
0.07412130549913687,0.017603636545695082
0.10752551218786587,0.04919277263166517
0.14420008521215139,0.09863570446574234
0.09187830074621475,0.03641054469246121
0.05947879174623779,0.015359991739389147
0.07233138279009335,0.00858636357282615
0.06383545850157603,0.009734555209623137
0.061937643919098444,0.01325795956757017
0.07055695057227822,0.02444058980991058
0.07173522661871382,0.07546364036829617
0.06236814203357422,0.017537062764001445
0.07174806666629072,0.014501235249506082
0.07206493897344668,0.02898101803888108
0.06680259347333743,0.01650962447988455
0.06137628418139581,0.015507243698121717
0.08778742642671278,0.06933014913625388
0.07510657827654266,0.014641865570399235
0.0669001462030324,0.00400230302569217
0.058210906660900695,0.051001584856352616
0.08514801381389478,0.034816807141513646
0.07346724637405923,0.03634492115800258
0.0654268664468208,0.006922889914585718
NaN,NaN
0.06749375160408495,0.0065743501886362625
0.0653982729572025,0.014347993933890855
0.07344179681639464,0.020532875700036337
0.06671218820230564,0.019717230928584413
0.06349819066864013,0.009606419204441425
0.06299994440092538,0.005732270497264177
0.06618785983915265,0.013639382630428704
0.07214103238576383,0.024625043455962357
0.07778851403286194,0.02144592708646741
0.0702478144195659,0.014311923087613213
0.07722052462854993,0.03376908870121383
0.06286527221219863,0.012746802036044122
0.07750453886598078,0.030256698633989956
0.0953270062852701,0.04327780705903256
0.06847601502847726,0.039365188084056424
0.059146658552993406,0.011489424901119783
0.06580660609981279,0.024123865811548333
0.06953705308013142,0.05297439460036612
0.10287382716260342,0.10389667427612168
0.06493139640958262,0.033635557705788494
0.05505302411147884,0.03174740902741331
0.08640172212544237,0.06631171595478183
0.09560592221631399,0.051736917104663806
0.08258480126955116,0.034033681489522065
0.060548529663605244,0.030334006065795182
0.10820192741841884,0.058778710450542684
0.15031226721372878,0.12806853802167334
0.10449588753832269,0.06473620057119811
0.08359264863320338,0.03000097961726354
0.08238304628192761,0.03351957825365929
0.07658794917768565,0.02825585221908073
0.0828385579199834,0.033770556682272274
0.09078140733205568,0.06558076216676023
0.0719897389575154,0.016428466128066914
0.07391623079753333,0.03133297922083394
0.057934140318790246,0.0263292069639901
0.06779781238358679,0.0074090989990821645
0.06586559627516024,0.004085322550586517
0.06438809626985775,0.007323246343655747
0.06670728901198571,0.00755687368166014
0.06463927147792876,0.004498197803951981
0.10312598781767678,0.07261619719825453
0.06427122390930151,0.006297557931774808
0.11649696419337971,0.0687045854100492
0.07098503156906175,0.015353099605796212
0.08585975871937579,0.04474004075547089
0.06731325463889708,0.021621783391287924
0.058919029172083665,0.02129191248154569
0.07443144904904857,0.037664602080383275
0.06188337901532581,0.028816815060366617
0.07390103681954902,0.01590730704540847
0.06835911703710441,0.007421895159518046
0.06337495849831817,0.032718890376267115
NaN,NaN
0.06264696428574493,0.004741280198179827
0.07644602858400551,0.029123486358326046
0.08271986351026672,0.06987324754947165
0.07543210991405706,0.02441212014924306
0.07073906977071706,0.017943851672965284
0.08342891502053777,0.023807684577789832
0.07393795789595346,0.04532989831003702
NaN,NaN
0.056055714002644384,0.03993638992661958
0.07674059777981214,0.046961317416165084
0.06801971431544998,0.009918423829384479
0.07544768994456506,0.021862043828310123
0.06459830153401497,0.03024974529840481
0.08344848340664218,0.05283443374946779
0.06419562051378334,0.005947458834999788
0.07641053570182298,0.06976561582782699
0.07921211763445515,0.026145815694462775
0.07384695852919383,0.02885657881234277
0.06794149588989425,0.015171160788164531
0.06037250502305651,0.028973799006828335
0.0964479409921535,0.0514773606587856
0.06725151972570692,0.011543150577986697
0.08252189165253575,0.032907392955649165
0.0701589103666769,0.01615325258800667
0.06433918410352663,0.02402338882180308
0.05864934570862964,0.022998677223085406
0.08791194817621524,0.040248948819950926
0.07384642531019175,0.02589783974292706
0.06827402238291046,0.00904367932556975
0.08098806494289908,0.02525599154504459
0.08470928278872039,0.06950955466954666
0.07425909316143586,0.015823417979273204
0.05679320491858158,0.018158012838540186
0.07822124868947598,0.0455739369968389
0.0619312646401156,0.008992802458809183
0.06890761212631032,0.008006341278634468
0.06483230771354308,0.014225807013956223
0.06192429654940188,0.013469554537067973
0.06440521663764104,0.01484502862318338
0.06190347546536436,0.006883630326939697
0.06667397043469991,0.005840710523458077
0.06606446216161006,0.0011149775419797936
0.06396283664825847,0.004577404068703916
0.06605031449622845,0.0016697488773666108
0.06108481142958288,0.025777697312354304
0.08045876704864113,0.018205828188925976
0.06636833740400896,0.006619227333598853
0.06568403658292848,0.002115205417620174
0.0673227449284338,0.012865695321026797
0.06755109800055321,0.011090257676487391
0.06666326700707742,0.002741294703777867
0.0661341524159612,0.0025553901084247313
0.06426108072092702,0.006546038973588067
0.06604100670052684,0.005039800564219643
0.07702429571369818,0.04256869443256963
0.06641007740715416,0.0014209167619950943
0.06251821833436963,0.01286617259878447
0.06657759743129267,0.018270446506749635
0.10782919666865759,0.1163660843734729
0.06143130522369603,0.015640270224710404
0.07843513480731451,0.01904580771978758
0.06732794287170912,0.010735659812288769
0.06836864555988387,0.010697397657971008
0.0685086741978522,0.010452864851113778
0.06527358419248737,0.0012066223706446257
0.06809326490943424,0.01046901174262282
0.07389056754155157,0.015479071121940038
0.06539502443108204,0.0013980146931913725
0.06776919735174124,0.005762457568759993
0.06587018569893996,0.0017944994171615056
0.062249978124783466,0.007231460579932798
0.06822018447757837,0.005704749290894708
0.06358018821702174,0.010082914390587477
0.06486317773042832,0.0020362369406996803
0.06832226508765975,0.007400380551804567
0.06601565082020013,0.002732629446245247
0.06464300937547071,0.002368972581088673
0.06480402728219085,0.0036265266386302166
0.06960562980119249,0.008961678204591154
0.06582061917996249,0.003046810748608159
0.06298470529620823,0.013490199850026962
0.0675519503255161,0.0040711180809244515
0.06680391119077449,0.005717434463459046
0.060703245069475276,0.010505765054211696
0.0658395028018195,0.003501823858003883
0.06574156245743487,0.002879943665946948
0.0659307708154444,0.002092859768069614
0.06555996611795244,0.0027986668292926216
0.06772740279187682,0.010311820508093414
0.06449698393406948,0.003562646266458565
0.06557037027501995,0.0029801874219889442
0.06829636562165287,0.004114391546742302
0.06577139294682921,0.00265158277149551
0.06631258688956321,0.0067903761755753345
0.06924827858026324,0.009346461651490221
0.066786752951084,0.003747987766640784
0.06563696357752641,0.0013053285792825858
0.0638060423281012,0.0039742815006843756
0.06784593682138308,0.005718977551143218
0.06651748767505396,0.002481181300747928
0.06521139679677691,0.004092347990396284
0.06631672127151933,0.005211507142843116
0.06506345902807897,0.0019627745384517194
0.0652732081392574,0.0037006342167391136
0.06464672856671662,0.0066889301170625975
0.06678532753555143,0.0033548589063415756
0.0670654621289435,0.00213039223607196
0.06319631329446311,0.00557899788342385
0.06571522459121933,0.0024785899541667172
0.06821760725642916,0.010892238626630678
0.06566797620773024,0.0016025330900727428
0.06641838014672663,0.004876331124442432
0.06825731000364729,0.00401988247725608
0.06724128163433864,0.0029660382656185244
0.06466329026914452,0.0014010781070833101
0.06623679889360347,0.0028574891803925385
0.06564504346023778,0.0016318668779910846
0.06577051989424879,0.004022423200140649
0.0653393056943569,0.0015901329673457796
0.0715638902404556,0.012975308107157092
0.08256082116912018,0.03811629891496772
0.06745888702337625,0.007973140778291815
0.06605185154813303,0.0026497791559794846
0.06636255236585173,0.0012853094413102194
0.07109697263696814,0.009036878946872273
0.06622207382337392,0.0031459963051972163
0.06637347653660566,0.0040395728510301725
0.06532184130465435,0.0013973579487968992
0.06689555225733239,0.010154888434059126
0.065934463921328,0.0012748324343337164
0.06553582308666514,0.0016990085654855517
0.06604504054886354,0.0008571933154510998
0.06625404502237826,0.010691800569830651
0.06466377744991894,0.0035418733315780732
0.06606040272277457,0.0019312944591685505
0.06594193578342648,0.001358815583372817
0.06581545662463939,0.0011963968272571308
0.06567969765033033,0.0011049498534721764
0.06622058813524942,0.0033211443034771035
0.06561425983121381,0.0014385313356643367
0.06731051015797142,0.008830678661795958
0.06405361556181358,0.007331154843018961
0.06618938292471457,0.0015600266162817372
0.06680809384308453,0.0014650468620103075
0.0653815677387727,0.005879848550351672
0.06548027151993475,0.0014781005750126785
0.06625783148346774,0.002460577906717779
0.0651303896971662,0.002204057066805893
0.06598001064812332,0.0015760911847296488
0.06569650236032074,0.0013523402337000728
0.06470798891480874,0.0031540319905157344
0.06744822947346889,0.0038020435896221273
0.0656756254862734,0.0018893803005236424
0.06674305547103476,0.002199260526587149
0.06861398628551985,0.0064677800834606405
0.06961867301659413,0.007221903019206128
0.06593663129267857,0.001811036290481738
0.0664432431416214,0.00405392756746155
0.06450423812645437,0.003338169823534304
0.06675351567085061,0.0032462755304202852
0.06598938937615952,0.002224748847163875
0.06573215175706595,0.0015294735595312082
0.06634430633767999,0.0051971380155547905
0.06725892359254453,0.003079884926004765
0.06561869383813686,0.0038849578868116906
0.06704790412217364,0.0021353704858282528
0.0642966177091465,0.003075639094771919
0.0661483041631886,0.0017201267160987135
0.06713746041449697,0.004837767958702661
0.0671223451497248,0.005415356320818021
0.06694193581845011,0.004624315903339753
0.06908364129269275,0.003599159648493392
0.06462672331702203,0.003929422962062002
0.0662625278847011,0.0010014479483576309
0.06484436076183521,0.004657495799172655
0.06538345396968104,0.0033744941066675745
0.06561774010583019,0.004620696405802649
0.06578500574057407,0.005898930312394042
0.08075239173058191,0.019119112484080877
0.06974430710289217,0.009577101227337289
0.06541808795608312,0.00858690058184357
0.06546276662857464,0.0019022030858751305
0.06646416987314238,0.005764642080264281
0.06838645129173908,0.00881037627220411
0.06597174607587318,0.01268016204248537
0.0673700959827626,0.0063300568050609326
0.06540723034705682,0.004107426432340444
0.06691322447503091,0.002137964736613001
0.06779450174410426,0.0065555797361797966
0.0673375492615474,0.0058516821866280225
0.06585274520859095,0.008523700641615404
0.06292808916011582,0.006167490588185068
0.06483355771247452,0.0028983163957107634
0.06651021845521707,0.006866990400786478
0.06684516878970856,0.007091650404995573
0.06578673841509831,0.008553119843408348
0.06355685608343647,0.007204098036939051
0.06602391527840279,0.0035387186481162297
0.06898917291472671,0.008369800980964917
0.079125430003359,0.018345955284297836
0.06686178695610318,0.0040680131931037445
0.0641941027720775,0.004508822976250762
0.06458160589471675,0.009177292457054268
0.07039001157081412,0.007921776135969446
0.06880595163323779,0.010803116438403634
0.06477790168209023,0.004809854898014703
0.06389020774906085,0.007419640723217193
0.06432887320606985,0.005135204764952972
0.06852819070603643,0.008376367439493972
0.06696047414624602,0.005462873080875631
0.06653164483916905,0.0018111832737023523
0.06849092917119433,0.005809128128472811
0.06553350550461326,0.008438396704028728
0.06653999133660539,0.003174196767872254
0.06280097139603279,0.009654738211369402
0.06464011902630797,0.009322812251406099
0.06605673433373248,0.005137546316928677
0.06267425333562357,0.025198890666885018
0.06578801754897828,0.006534235493361034
0.06432552227644465,0.005682907420325903
0.06125563554143424,0.017381056332592352
0.06557377542152604,0.006619304931606693
0.0692725075040532,0.011371411297328
0.06194245557070888,0.008266365403664256
0.06179572602589129,0.015570560104295578
0.06387909725871431,0.007061423934343998
0.07216560189570365,0.016034828692359403
0.0677351316201003,0.014287207556908422
0.07062723255816236,0.024427630347616865
0.06774408628214412,0.007817741877307152
0.06641871924723071,0.009489906312652818
0.06978512102411952,0.006118811920359943
0.060415531230654185,0.011918728640942568
0.06636383852413456,0.008389957764358254
0.07668891512812187,0.01992572489489989
0.06894716998605033,0.010761050883350566
0.06490943792743682,0.002812738020232958
0.066558970748987,0.007920388437768548
0.06475114721908502,0.004019621224537516
0.06666848142235658,0.01753472953809982
0.04930031085850593,0.03430620824768916
0.06406012431289453,0.006973940057790591
0.06461658649665263,0.0063367321173436846
0.06454811221128198,0.010990145249665358
0.06597141254434043,0.005963713286151488
0.08215078957110267,0.02577573224237235
0.06672856016168202,0.0016928860010342608
0.06715836559360402,0.006033194718874554
0.0656430676999916,0.005863516806087901
0.0771108288953838,0.02644849824167199
0.06274451024723196,0.01529604863415892
0.06641569044972793,0.006315176144126626
0.064145647673796,0.041371552585723455
0.06508413029974078,0.0035038831774523794
0.06438459129137002,0.00514586141178549
0.06875309877022219,0.008224406651097057
0.06863773603533614,0.014327727501713149
0.06043902714037511,0.01728122707200844
0.06572331941376161,0.013809117314539163
0.06844079639150456,0.008363989787763102
0.06705019994683836,0.009034954051220671
0.06670067794961515,0.003995626185864173
0.06046320491563401,0.015944397360871575
0.05732854745741033,0.020830435843129044
0.06782363554282414,0.005932000691062975
0.06934912630050956,0.013615919608776244
0.06846550058206431,0.012575914256832642
0.056771065825080395,0.012320802023949433
0.0669798079073249,0.010607857696154023
0.0730005410238584,0.015551302841087269
0.06672539467635832,0.010800222208322092
0.0718703366711677,0.010113433921528525
0.06721793535904755,0.005587603619296572
0.07120513410998965,0.009112755733326582
0.07471982306979881,0.01923758583398855
0.07084839738523313,0.012625529896879607
0.0646536778372163,0.021019765229952983
0.07390411102189347,0.02815436703852924
0.07513283525618408,0.02103723518256309
0.09287623997743377,0.0558699806634397
0.06663250992695555,0.017851580749415827
0.06991615832181611,0.014767568140520194
0.06704863323086013,0.004287278441377174
0.07308691797385182,0.011290413289708662
0.06662504802658914,0.05210816384838941
0.10049782828461092,0.054893663465681135
0.06561990816737577,0.00431412589642834
0.06693344729678417,0.010125767966117919
0.08075431513179458,0.019100057472691525
0.07024682128466084,0.015366239392801484
0.06879116287798465,0.008710082352019841
0.05623828454416951,0.03687629196712714
0.06679645308846102,0.047300310260970334
0.0669666688596383,0.0026239811717377742
0.07405821765296672,0.014197775511254767
0.06304924627023796,0.0056015424942888956
0.06334922837624997,0.014865133115057372
0.07163207981848865,0.020282572454953622
0.06490822026085921,0.00896813937690614
0.06417734786646873,0.006257713103035218
0.06969624993345377,0.007549790002007973
0.11365004248682269,0.10025475761166568
0.0676867499843734,0.004606498871695344
0.06736488657955453,0.009608278885680527
0.059345464673511185,0.013360118836508375
0.07800472987709171,0.03184510075544268
0.06514088569842653,0.007559693260001912
0.06368686950813333,0.014541121082063235
0.07722359416044734,0.024298740068475287
0.06376585843865445,0.008784627407046363
0.067500752334526,0.009232538448470742
0.06269502631652706,0.01900819353996369
0.06265628235777343,0.0064293421790576994
0.06422958169892756,0.006851207357502005
0.07244867196385318,0.02842289944163713
0.09066608943198769,0.10106494341306196
0.07238717635127886,0.013366703009309686
0.07408943082798128,0.012619749736355915
0.06398974315613472,0.018973676865671796
0.06591272736813468,0.013808278617851935
0.12596912922951936,0.10805308143235291
0.06625740478622483,0.0027737832036313042
0.06701113147875735,0.0054433030326883295
0.06507764791831508,0.010614421238922969
0.06598786831546265,0.0024189956005871965
0.07987831541246966,0.04084839585657958
0.06359811113706929,0.010503091928894967
0.07167703000202288,0.024434239059581475
0.06595750157341283,0.00386283159732387
0.07093416526174352,0.030450146011981788
0.083527966966549,0.02389922315911741
0.05854392073615714,0.019673265349883607
0.07449012361372861,0.016137309021062696
0.06672977332521805,0.014993408952336348
0.059001866866276224,0.0244905305347176
0.06594807786502166,0.002673146239922664
0.08181000791985023,0.027205755502640677
0.07061136970141696,0.009781518542141246
0.06086730170541051,0.025335205062379754
0.06749978823605378,0.013465633327026176
0.07047815898286622,0.02390360137421396
0.06461615263719085,0.015420367015475698
0.08927269690584089,0.05277628894151349
0.06861435204753966,0.00680072002743074
0.06725568543833471,0.004215445247201867
0.06467001945415791,0.002482203863529069
0.0698103986437343,0.018600394726943366
0.07240215425906055,0.014935930710189728
0.06626520991362393,0.009727922315354671
0.07216472955995794,0.01822056011205104
0.06981469936025582,0.009906154713890494
0.05882860223405305,0.012553029965340154
0.07073568903605382,0.011331971723011494
0.0811001574890125,0.03009833234368009
0.07298213710778219,0.013707173737123888
0.061245011127792355,0.023106491804032805
0.07406342058988066,0.02037899067557932
0.07319382304064219,0.012536868548582554
0.06533140397157777,0.009418003923353754
0.07526115321908532,0.027525933408543434
0.07799146681425384,0.015394027391282851
0.05939299766103515,0.011370354097762814
0.06467215651458068,0.002555623556448867
0.06758775260561073,0.006677516670486297
0.05370394222361506,0.019516091916165566
0.06957047672233375,0.009413886870041674
0.06714621431169727,0.011697621531907815
0.08558481304044845,0.032351373243546665
0.07138171326267408,0.010235171068903585
0.06507756412045111,0.006869387937871313
0.06301783630516257,0.020447836650704782
0.06829126050567641,0.005889839927405771
0.06917481511353872,0.011645553425723865
0.06813219829272703,0.006190196775436149
0.0670685680697236,0.00790281958627885
0.07333927969475103,0.013130747004930648
0.06958984868641928,0.011908577652480655
0.08302457384425443,0.023512581031338284
0.06459778424419653,0.008473839040026538
0.07707015834328752,0.01775470436544414
0.06506586696456293,0.00424080440010357
0.07107111122504513,0.022134492561836222
0.06798885669162599,0.007496547614254281
0.06314251203388996,0.028256010502669307
0.07232046410111466,0.0500479644627713
0.08199301318383313,0.02359057743924199
0.06912140863844529,0.049172508512798835
0.09196842177739042,0.04616180585653753
0.061070834752107304,0.012661612371232953
0.0641870537961727,0.02269368204428804
0.050014024908299495,0.04774915904159062
0.05644858717554999,0.023183570638796933
0.06633182652040216,0.01803981145766092
0.07034977158867842,0.013494019657978036
0.07065107387260182,0.021451050197129843
0.07840300586237649,0.03340058954203934
0.06378172762115628,0.023996945999696394
0.07053680547909122,0.0142466005033792
0.07767984468341671,0.020590093010771207
0.05619040816526,0.0288873921504546
0.0736853823513207,0.016012470008658672
0.06557085439275383,0.012211114579975256
0.07390375165577141,0.010028495687447085
0.06612444708955625,0.013132050873370375
0.06717854721946245,0.010121663045567877
0.07324906080099522,0.042961784005537
0.0678700343251291,0.02026051379578292
0.07226154887000749,0.024850103951253782
0.08002210732461801,0.01993774315899153
0.06746212310918256,0.014287774568850742
0.06976764473914195,0.022910154268018578
0.06554222006201087,0.019124847030730367
0.06873132476664895,0.006604919363864709
0.07310274933568535,0.012757214311227704
0.07642809383095092,0.02647563107550297
0.07110560023691007,0.01822030869316448
0.07224255576995037,0.01864998606648206
0.07292794782715505,0.03430898869803787
0.06981791372701585,0.013415267737406632
0.06581858364009757,0.004790442034166493
0.06842259287593057,0.017906274312836607
0.04893710431045687,0.0297591407903941
0.06669203017483585,0.011968657842284063
0.06755010004207651,0.013954770350947573
0.053321403848451104,0.022869504544637632
0.06939469574471466,0.023009370170874847
0.0693017552278841,0.011558264056197776
0.07610499205668966,0.021434909846698366
0.063999552200861,0.004517502839904301
0.06853193151757345,0.010691811621166433
0.06621609759041314,0.0070325596134300705
0.0931247625599176,0.04415403652990756
0.07528711941394459,0.021112451240279363
0.1303108530907923,0.09103292977919084
0.07178229780438596,0.01602681009642577
0.0710898604543066,0.036732934279938616
0.08128031245407503,0.030949531903491503
0.07394167267100851,0.02704945109518445
0.07550300029277594,0.019996724484217254
0.06269463688930463,0.023281303410829433
0.060045443255008456,0.01202955370173991
0.05979142971020874,0.021253558941322078
0.06641951081231372,0.0048823165464628214
0.08046366670416254,0.026206250507080385
0.05982103379450254,0.010936717557279494
0.06288167992006315,0.01166678773284543
0.07141099199155103,0.018342635417635016
0.0789040554912761,0.03566454895252188
0.08577279191925276,0.04538609698337517
0.059691709352397926,0.012199923170961016
0.06728977468600608,0.012905304896727952
0.06648011807776215,0.010719649483902347
0.09377363081143666,0.042749565453027445
0.06634598484834295,0.004331473341222391
0.07891662869019311,0.025393281950566633
0.08037457839021793,0.03901005184111444
0.10039787377436983,0.05373946901822
0.07107058675566215,0.024736570846244185
0.06723659419968343,0.0025591348760449395
0.07823012578553473,0.03570392425054844
0.07344040046648687,0.02262204149285789
0.0637519762064337,0.008609828731029934
0.08095973010989009,0.047214483583880605
0.06487985127538906,0.009289993818743694
0.07465913509055622,0.0327114414505856
0.06584694494722504,0.023679150725150516
0.06310660166509054,0.025549036880011724
0.06602149434644615,0.018039412818603356
0.07146235431095377,0.030267750131812262
0.14162626974782144,0.11524867677862441
0.06433361545039926,0.009424949465744355
0.06306400744610823,0.029030117563863905
0.20237081759201062,0.1949549752868704
0.06676915357890575,0.043085031222262545
0.07794982709580807,0.03605812733079933
0.09801441399068558,0.04021166073084004
0.06624755010296662,0.002787868831049386
0.1311113079280437,0.09508597928264301
0.06765429102137764,0.010692471832253192
0.06807961930035476,0.004362462137271496
0.0696104245364702,0.02490146714181558
0.06885095963123555,0.010418732237393022
0.06943448827422466,0.011540542629364318
0.06788749835543079,0.008399511648497676
0.06562442630044402,0.005750970238973789
0.06592799930812637,0.004327177540987077
0.062393064181857444,0.016862828380443867
0.06468530543993406,0.021242328503354325
0.06714850998812387,0.01295943199196792
0.06825627788435816,0.032831859034311975
0.06754597395429725,0.007610766769749865
0.06260773508820949,0.009994632340131726
0.0676150338038936,0.004439009311731165
0.0663478847305164,0.00974065725612496
0.06957106744174137,0.012302777575253667
0.0664155153790221,0.010148601432019348
0.06618506603350968,0.008463645813990577
0.060451335240102946,0.01685316578748816
0.06948174896030739,0.012616391055136494
0.06665886907968648,0.011451110358233584
0.06887981594356879,0.018757608483475855
0.07626053056122657,0.013139716240965113
0.06929744709025251,0.015593857974796422
0.0620257326401813,0.013160774691159957
0.06592529263377953,0.008670632651048784
0.06404568817417645,0.013550871514704141
0.09498375497224495,0.03853654821407946
0.0698070368197184,0.007226339776995639
0.07121621198565943,0.03917120856992502
0.06303521112592864,0.011057130718502403
0.08426305462918315,0.04343657258969243
0.06408018090461003,0.01310846639877077
0.08514683662855957,0.044414280058730396
0.0753474178157803,0.017300221434278753
0.08383499941327253,0.02510680375765212
0.06746920240103763,0.005079432436487443
0.0633418586712385,0.009357039079273311
0.08319958501176665,0.026337940386566328
0.07563500550566532,0.03144293223855151
0.060607484785399075,0.013445330904332845
0.07482405781780856,0.01894057869027603
0.06296247663900659,0.010475324941041145
0.06757475901427593,0.012704665152031573
0.060674047699957816,0.030614674126171925
0.0664479397638806,0.01340969906007522
0.12007512024126148,0.07330910141300685
0.06082786828832907,0.014536761972266495
0.06966985047015135,0.014296690641104054
0.06733456913698033,0.009597649573600394
0.05524174933529044,0.026646869777215414
0.06979238775781561,0.008180396404137952
0.0641501342110164,0.012998868587270259
0.06870372192523773,0.017179655970622598
0.06857128231454156,0.012799145280250631
0.07505256253823046,0.032956916006636666
0.06484058888681113,0.010722725766621182
0.06709254705279681,0.010075153344882798
0.06102507615698129,0.01481479752944
0.06213069224978606,0.009243709737906324
0.07944738779651463,0.019685954069137947
0.062485448170541136,0.006938330487740354
0.07486720751889703,0.015083529154985766
0.06674397471934707,0.007092639504662818
0.0749247612079885,0.023547895509478653
0.06064466275053595,0.01180839698463751
0.06622828764214586,0.0057527890013847
0.06895672997847216,0.008672425249022031
0.06509184621290044,0.0034492652383376395
0.046402063523311464,0.03920997213138271
0.08056196461449584,0.027838109458214952
0.06826585030088088,0.012276624926088298
0.06940431127204869,0.03425788331768404
0.06523096012370302,0.002157723343651199
0.07448801047517901,0.041713364546203814
0.06740543939418726,0.005363876043410456
0.06978761019019364,0.021196472212386783
0.07618855970243277,0.01844579582482312
0.06300135731302707,0.012309505271859112
0.06952241437568683,0.027820124048461806
0.06887024236948526,0.013342057102410322
0.06322352589245128,0.01019741580830936
0.06814651351229298,0.008357322482432362
0.06596578421201518,0.006348050381023653
0.07941298384501633,0.025720208939763983
0.07144348621646972,0.02955943300636676
0.06224338396242226,0.016539201547624727
0.07065276623772536,0.013549066997005758
0.08371639335093871,0.03283037975625039
0.083828081382047,0.060287529468959156
NaN,NaN
0.0707876511876825,0.012104141193764064
0.07077399027377446,0.011266004734027073
0.08452973341741953,0.04083148897092253
0.053598354243662286,0.029118422053135067
0.06139682509951079,0.0244298010507344
0.07145297633725195,0.013808469423684777
0.06521506459151408,0.008159129507151808
0.06613268237167462,0.005766514983498519
0.09322001379986666,0.03803071280630223
0.06202880972292307,0.033767508861009835
0.08307952760351328,0.04010948034992166
0.061960817982229625,0.017174807109908274
0.07768424786801535,0.030641877784362635
0.05402476835354835,0.019014022378586525
0.08057399047817056,0.04905821807607994
0.06012821471199095,0.019391803226540157
0.056195849754722256,0.023661147707016994
0.07281841738603324,0.011856217396311278
0.06114163885679512,0.02238698218374688
0.053697780589789815,0.026384812313034786
0.10729743391302447,0.052380302299505875
0.06394075103573447,0.008798057910268966
0.06025728037119541,0.010742289639912129
0.06930241581240144,0.019202872348216722
0.07195035647501584,0.03403350559419524
0.06168945073871461,0.014545218180148752
0.07051355263652809,0.01704335225892211
0.07053363231199589,0.01767490710983976
0.07066745329643162,0.01888150231713366
0.07011303523774416,0.009406794002373133
0.08504486027653631,0.03706048810063345
0.06065547808936072,0.018808225056383094
0.06868562105893627,0.031006270353845504
0.07082496046550149,0.02484388277846186
0.06647269306470777,0.0054354045610384176
0.06461372995660704,0.005074433394028072
0.06864955735434622,0.00498687669537634
0.06626758061469164,0.009038778651611977
0.0777066893213547,0.021082070423826635
0.08291191339138325,0.03254111752402524
0.06816061636208984,0.012872009493197506
0.06015363107890408,0.01520014409971028
0.06415891209104603,0.013026947009065972
0.04988365416100977,0.04146958881971783
0.07073680573129373,0.03479666018912865
0.07068014459011199,0.008968110005005397
0.08442472479638129,0.04187737704834183
0.06452548589992049,0.005145244810739948
0.06745667350896767,0.01936155601704196
0.06694675544720627,0.0027775249986595595
0.07462963810476361,0.04124426796130244
0.07064502247270402,0.024516539248717134
0.059877816507210475,0.019181256854576112
0.06711112278667383,0.011765232510229264
0.07752430291091333,0.030959040711302906
0.06961670096265743,0.021240164797067966
0.06432501937973839,0.01143725636540009
0.06768101376290914,0.014666995633787625
0.06549337229331498,0.008906650116960797
0.059268994108124515,0.014493824405739897
0.06982154251948475,0.00868609763882008
0.07198376071201514,0.01672946584494983
0.07563492052475913,0.05171275607031939
0.06664058942756891,0.007514831692340155
0.06915337962864529,0.007987836484699558
0.06775399550409586,0.0036401290874492447
0.06490755214664091,0.010852667846635952
0.06898094400513591,0.019415001010047395
0.07133588292318795,0.030215339851130427
0.08250653113976734,0.030314255457583008
0.06536464137775244,0.011732064552525201
0.0668812568678221,0.009464888295935208
0.08350286919426717,0.04337068407775347
0.07448745501001189,0.023543166028933634
0.06814127987750507,0.013617573298970473
0.07361194375169634,0.06177595788931069
0.06871085506054797,0.020109645058947877
0.06954908752616734,0.016029969803070428
0.05862198529020151,0.014944252347242473
0.07346714963809899,0.01468214860661677
0.09410916471409245,0.10910057368955582
0.11098849566919511,0.09377922184202934
0.1098418135836034,0.07174643043673226
0.14301220711379437,0.13536084067853765
0.11657847881189423,0.10776630595717998
0.07213786196085731,0.01535243483898858
0.06559205689094556,0.03882783319706883
0.06467160216894183,0.025732108421586932
0.07585903727837681,0.02317183050334674
0.0825978497820314,0.025220821383293988
0.08352515982696065,0.05701411740730666
0.06271136816895026,0.009416871462246958
NaN,NaN
0.0637108249637098,0.00929899900336198
0.11440334334910278,0.09230451342988127
0.08597301089031734,0.0470922142919451
0.0646220638676881,0.011119568712683568
0.16011500056949782,0.13196112257568146
0.11082392745184719,0.09544400807294251
0.07065564820366854,0.015601563976702874
0.07095291319778926,0.017867993270840155
0.05859427461189719,0.0228236517256739
0.053292389211666256,0.040016321634200776
0.06718532972688798,0.007784227286624095
0.07461112551241406,0.024956340166197195
0.08667890369059383,0.038423252448438465
0.06267886444065883,0.005357707089769341
NaN,NaN
0.08838521708058629,0.038460851722627185
0.06570988003915663,0.011549632196576667
0.06279623324094603,0.008152262983580549
0.07725984621131289,0.017265946793074926
0.08194884806945894,0.022266840729620728
0.0750507029308869,0.0379065975995312
0.06541116046471812,0.01497095379476489
0.05620405945638237,0.014370863711210224
0.07310219512486797,0.014904921201637182
0.06687525389127306,0.012186994067620856
0.06386753394985079,0.00761785543991653
0.060753066789396355,0.015620164503830254
0.06678670480234725,0.014226837460970034
0.0869275234594046,0.06252705124210414
0.06528238536661533,0.006318221379186489
0.11663079340889959,0.07360944136003088
0.06725504069017506,0.013762674329316086
0.07873614669922319,0.056975358169662746
0.06385984205922703,0.022706406916743804
0.0639999227260789,0.039130059517157256
0.062388199222414516,0.018602199248477613
0.0853362784524695,0.03704689269207702
0.08730539656628261,0.028382625404739646
0.06560461147744559,0.04743913121349897
0.06881182205764441,0.00769523212184679
0.06155136935625842,0.008810789281409178
0.21039257486516133,0.16410038051957856
0.11926948147118135,0.0853679118134956
0.07605977099334374,0.021248074609863853
0.0692170322161846,0.019138591031518055
0.061596442140941385,0.009143280995567018
0.07039987300118765,0.038634183512956576
0.0701120468963535,0.01685839415365506
0.08026892697650476,0.02775415008804852
0.08425831539912823,0.026083650068232756
NaN,NaN
0.0700595170252613,0.014519313648867395
0.11135855848197947,0.06918261103269568
0.07438682394375022,0.016023013882521805
0.08655459406145537,0.02959891190278603
0.07106152398538414,0.030884093844119175
0.07907992360641389,0.0420814759456793
0.06762850349937279,0.00777153248041475
0.07959151320703718,0.02527219661967667
0.07058615587810962,0.013013508302212649
0.076421714131758,0.039351043839370804
0.06575305142861594,0.05625099986626662
0.0670987103728288,0.022093948633311097
0.14301324161234577,0.10070744057480359
0.06690249575925447,0.006498171242037268
0.06522920260408609,0.019991332858908868
0.09323658453439372,0.08393036943148044
0.18406520785480834,0.16502094318251528
0.06954410365885352,0.01946416846607436
0.09105303353750764,0.042926423046111904
0.058476820764617965,0.017033081620439733
0.14305311607307838,0.1224836066480806
0.06171494695390079,0.01270751973619107
0.07437729803881553,0.022307432727330757
0.06572262015279415,0.01474754677808607
0.07273595531482112,0.044522626014065154
0.07898237874932923,0.02537947815010607
0.06917779687482424,0.018616511467630974
0.046948053269518925,0.03257427121589735
0.0721361266361487,0.013331145292182999
0.08655286631584913,0.03607768771410509
0.06912486915048496,0.007749065930852067
0.06816899322781261,0.01712542102154368
0.06554435077661945,0.023202104887953996
0.0747955718288102,0.025633712628446916
0.06239471234298984,0.004763973384133933
0.07263548823057404,0.01397978175220493
0.06614578827504447,0.017133750335657186
0.06533993361277546,0.030732006338150323
NaN,NaN
0.06736977276199005,0.01259258225222466
0.13082915064096615,0.10631072921023853
0.0641346292324239,0.022567444335044838
0.06282517866415749,0.023299072357472587
0.061726164215486434,0.01916257422121451
0.06803122088540814,0.010885589867301624
0.06422114178464439,0.010456907496509942
0.07468079117466128,0.025134673389054986
0.050831757659692486,0.05794406403508798
0.07011899716737043,0.08130588965434936
0.06644966409388262,0.016972111375685495
0.06432233014252665,0.008567925043361816
0.07235714009439535,0.013574249479824456
0.07250906733654787,0.024612650500110383
0.05849716838928629,0.04554762736813979
0.07446366596354059,0.01714305210661672
0.07080939514593193,0.02607908908278454
0.06820962223238694,0.012703786584166979
0.06598334054718723,0.014883747701347058
0.0977247943032656,0.05513042603255542
0.067984475241741,0.004599450223477706
0.06493847671155019,0.018999467674445828
0.08466739422938784,0.027391255811627203
0.06888226925407395,0.008981935284857688
0.07436743411693739,0.017532924426194824
0.06417335349750085,0.01695177981191802
0.07443475373154043,0.018493523257532323
0.06860287268971046,0.014190395688594974
0.06545182447137685,0.023798690348575815
0.06863166835781176,0.022161080419159884
0.07191251849259009,0.019925410244648136
0.06503994007350215,0.0039726304467100175
0.06470569750665954,0.013701541007497268
0.059128352641503804,0.012612246484511378
0.061017736774529194,0.018841956889923524
0.07169430652688735,0.019963876511922784
0.06628963083329963,0.0014171161921564441
0.06821135259452919,0.0047409650622430586
0.07291378363085793,0.015437854017275928
0.04150550784956233,0.03728837723374865
0.07170548739068924,0.02082115462463958
0.06176444249383915,0.01541155933848174
0.06309191031963043,0.015330400734743007
0.058487820990342665,0.01633265741289598
0.06823048984096015,0.009066829001114827
0.064874321110072,0.006807182618158656
0.0684967582415444,0.018249378414939666
0.06615252043946669,0.009042001742229473
0.07184024856340746,0.018744269362464445
0.06157086845164817,0.017862066323186
0.06467738019021821,0.023451862676184224
0.06631899047316551,0.0018236765262315455
0.05845826904560476,0.010694515709980451
0.06241321628997726,0.0199283303350006
0.06583101253794285,0.01284160944406058
0.06662764784876224,0.009398936992599817
0.0644374963014404,0.008638119293539604
0.07308357633053358,0.013867569698623029
0.06710806189105537,0.013776809679572753
0.06669803171595368,0.0190915659748954
0.06538414959763562,0.01615527524340963
0.07520901250779047,0.02033794950265434
0.07388445656233843,0.014894002777980187
0.07222030020999072,0.02522617572527194
0.07989729772377245,0.024365641452177803
0.06401846594365421,0.036730966626457556
0.06736207269765826,0.011793285412525263
0.06930440693759922,0.01013546090110568
0.06889384826002533,0.008256115168170795
0.0684085045429746,0.003662655342807746
0.06699814543999683,0.011548341673737271
0.07080444802678869,0.022439093008814342
0.06596136947019215,0.006373631098722761
0.07762821696878176,0.025494089648286117
0.057982255296638294,0.013986756665855783
0.07406797234543917,0.021333224573679074
0.080163118973761,0.02393646177424234
0.06969735319041209,0.016751539898621777
0.07726178662226847,0.018883976123772413
0.0658975458353415,0.045234473326505174
0.07210709700048246,0.01271504799942155
0.0668007356033566,0.004574057104554412
0.0637821686745157,0.00466103775924326
0.07045292658777473,0.021892204697779524
0.06744863808613344,0.004200413757802204
0.06211761098188274,0.014973286182136772
0.06553835110685582,0.017356519807811527
0.06689654073807304,0.021004354700263177
0.07325250936394483,0.015100922142109686
0.07249144938826975,0.017653414412281243
0.06697845255432185,0.004990278561415984
0.06613869543634295,0.004671094363450892
0.07228782234897102,0.01874692625101987
0.06379636262732968,0.008824262711406516
0.06302775696567611,0.009050443995218736
0.06574271377024198,0.005051817102673175
0.06563671570301169,0.016525379160220795
NaN,NaN
0.06346348353226931,0.0049342863478315305
0.07612759647996856,0.03117264150052225
0.07090896695988341,0.007896934372418667
0.06758807091538188,0.01523872935416004
0.06827542582378039,0.007498788266347696
0.06647661573954762,0.0052863936457505645
0.06693848018472949,0.012053428502021747
0.0662197638022163,0.013532166771350058
0.06444296252841085,0.027315587500073124
0.06793094119201686,0.010670579460320564
0.06816577117188478,0.025088661730600065
0.07757538289291853,0.0177075248569681
0.06779896256295101,0.003640729578281995
0.0687802249544941,0.009787508552924358
0.06247873461891024,0.012875935781577584
0.06423673328478512,0.007046529232580371
0.07150876227401823,0.030398091524463284
0.08672327341134974,0.029618445819215408
0.0664944024011037,0.0034094845282718186
0.06977048197279016,0.023033212539834032
0.06144087243897459,0.015092894845400974
0.06837274563997119,0.003741572379213785
0.07074172607337892,0.016426783064423543
0.0903813710986362,0.03588955080953195
0.07147263075158165,0.016968871253388855
0.07331807470974167,0.018721189134080884
0.06282161686086615,0.00850130458776401
0.0772811706681902,0.03217877038774321
0.06367781834014154,0.006246546151344142
0.059418678526272035,0.014619213462389166
0.06330250751135033,0.031747085808821116
0.059496242899524064,0.06212985789893545
0.05779604245580544,0.01340442439329542
0.06998411079616738,0.0064277398471896535
0.06894965687435135,0.018888856095055306
0.06917587551131975,0.015111289176179207
0.0738557623952063,0.02210563897169149
0.08671715630915279,0.036590486386805406
0.06709141987843276,0.006613912195176572
0.06217518780870972,0.022210266522494426
0.06424790129504528,0.012197981908887373
0.05461130017286989,0.014888637141989111
0.06236329832523175,0.01859708086009077
0.07120837065464589,0.017564255267665703
0.07993835733904672,0.01845411684985779
0.06478221328175897,0.00940252299823784
0.0813749456600292,0.021492951812430074
0.06485164231042127,0.015100918288164572
0.05788935925264728,0.019430946157924293
0.06973440702058449,0.010423319173517789
0.0839891695636336,0.025678427146032273
0.06649208243608107,0.016386902630443196
0.06915276377746019,0.014341920173968898
0.06590990925379772,0.016899139492991974
0.07047936566491071,0.0597689831268871
0.07227409963112054,0.029000462818032497
0.07180334290551171,0.025878174806394413
0.05945597783342121,0.012011464383464869
0.0792845809736434,0.020714681893464208
0.05959294033572458,0.0076588490336512395
0.06433856554777555,0.00815925195635697
0.06670313224941143,0.014938287471605426
0.06778664412258575,0.006820307983351996
0.06623798582109475,0.01095635750225149
0.08139948321741307,0.018437802255551215
0.07190774350574995,0.016171150158829025
0.06905670506795027,0.047710171066437115
0.07382681276591925,0.021263680650524263
0.07388070891982933,0.017640918502816686
0.06465041636114699,0.014432198036763605
0.16852731576475538,0.13978562008723855
0.06927559023427234,0.054983860351828326
0.06628182589128602,0.00468622758439094
0.0538726640214389,0.041791514125820224
0.0655003624816093,0.010859247792242947
0.08136286272986508,0.030939009204707255
0.12444109356715577,0.07560061489004001
0.06729318489916147,0.011756895920989061
0.06924266294049786,0.010934026634495685
0.0598505729626629,0.011421567164823156
0.06484043327541929,0.006468490145075649
0.06842751229143283,0.014960744844691889
0.07074981960857883,0.012967828446034686
0.06695574449735167,0.00905411108549663
0.07095014527438148,0.010828380869570576
0.06516138415620892,0.006227400481965429
0.07038217575046751,0.007634583773317028
0.10475623530836096,0.09346157117635696
0.06987360034333898,0.02575825953062411
0.06786112450884293,0.012535476869274868
0.06455237502438937,0.024604803782880613
0.06869752387919452,0.009356580431977471
0.06988142634655721,0.017923721200347548
0.0820105290644949,0.03118849025210748
0.06403604942826005,0.007914601813588006
0.06323126463919614,0.007578198447066393
0.06776457799010975,0.016036471482724347
0.0700479601073993,0.012528917242942592
0.06631201966121911,0.019976706828281746
0.06968239471827316,0.02618608625614138
0.05539458106692215,0.01997915857376792
0.05726582441853223,0.029184364082585117
0.07661841487408498,0.030264592907310695
0.06975660969725685,0.020706446409958702
0.07136056962836919,0.017478587972377915
0.06290745417013638,0.01931354599098374
0.08521632365759406,0.032849290199123755
0.07102098936239984,0.037485707773506176
0.06812188254586925,0.011917184201647522
0.06775839048080885,0.01434322126883919
0.075673552329333,0.031476684129635606
0.0691377380238397,0.015341835556006472
0.06657812005114684,0.01471982023923417
0.07180484027054596,0.013804339480768226
0.06284163855525011,0.007230342727702727
0.069973924421242,0.014641194375252665
0.07239880162442137,0.019076721382107243
0.06301017554274077,0.014447939415716853
0.06892329614927119,0.007032605441072412
0.06797172993004613,0.00969476031441637
0.0588206241811467,0.012569555170153724
0.06834478606995724,0.01890172080598688
0.06385211059042249,0.005563619261260968
0.06736130293067435,0.0049118561976722016
0.06357351258578918,0.013040188743413512
0.07847333961057275,0.02037064365113716
0.058643507672820665,0.01803618564422437
0.06795062117046771,0.013151034770528406
0.0797677598090286,0.022357528898155565
0.07388686025468137,0.013111889383481998
0.06610529657395893,0.022737870733570097
0.063910901118148,0.00823921670583329
0.06835879279100528,0.009632351672894779
0.06652423560198215,0.015274933845037426
0.06609019229406721,0.018443357021688662
0.07612973329853559,0.04362940448522492
0.07588723381529235,0.020743897374553982
0.05573094430250311,0.01815034831283369
0.07248883276423701,0.022212899853508317
0.07316775552094011,0.020820786330169875
0.06862724473448019,0.01983548061969448
0.06693171640648844,0.013133620504963483
0.06405227660574143,0.008339990683466204
0.06469196619052235,0.019303173103241894
0.06860284544125277,0.033941654057320275
0.07617403858532788,0.024897699501394154
0.07035157945295033,0.014936724181974793
0.07146256098936574,0.012990073160642726
0.06678536156314667,0.013047255184521676
0.06740320185007628,0.008769746510942995
0.06682785038774278,0.019008319571106512
0.07117283864032038,0.009424814301568118
0.06512485724821888,0.0048185488525665345
0.06651201552475386,0.0020032031409565366
0.06501977430374431,0.013996587263379772
0.06829485901939501,0.006664721084506923
0.07076000724651234,0.026624056258967098
0.06626263314791105,0.009754330125573234
0.0676833078276797,0.009327317057739965
0.06652207125995496,0.010626769255955763
0.06816816522558304,0.011437219728971777
0.06612677947596864,0.008440082669667509
0.06258776430086473,0.008919531748606642
0.06660350853075765,0.008772128382824592
0.0697616898219616,0.008764757638820477
0.064791961443696,0.010856447470737164
0.0725964610591861,0.01449467062356538
0.05874376553170855,0.012296468911229666
0.07848012410061149,0.025252155934335142
0.06742772938876604,0.015247282832635599
0.07648331522881605,0.05204319192197114
0.06220242251833957,0.011926965010696051
0.04967447062458943,0.025837231772976574
0.06995728391336192,0.01569050335754683
0.07322744971971389,0.015404083472430148
NaN,NaN
0.06720324804575066,0.010555898284547303
0.060333962228008964,0.009837737849184845
0.07731286518327839,0.02217184188177352
0.0643701756426498,0.01188349955059984
0.0609128205232787,0.019305670399900176
0.06184432131266929,0.008319102510266994
0.06905510483715878,0.006112990986901465
0.06569326608848937,0.007106538476873753
0.0530914742618176,0.03328321209579053
0.06657684087818995,0.012787594825857335
0.06852288102118456,0.014379659620839876
0.15629743735852686,0.15566016412990835
0.06593888920625521,0.006282915768098361
0.06368162566848948,0.014531131429881283
0.06517877295583183,0.00985766854166529
0.06334296718652245,0.008456840329853917
0.06509590552593461,0.011505283744562002
0.06576439535859244,0.03683472335710827
0.06992066166502699,0.025719745514356466
0.07011212643051404,0.025234583993372875
0.07629096548943493,0.012828536217867625
0.07559444606735659,0.025709907431570343
0.07877591146266882,0.03747151754540063
0.07527937938863952,0.035779878656758905
0.06462119366567769,0.010954978601922872
0.06651725531298297,0.02037328315919911
0.06554488647208305,0.007913782008061436
0.06140635558970166,0.0210229065478678
0.06560555788044853,0.005536225012627834
0.0670482973305726,0.009549482367016072
0.07191003378659042,0.010909463025305743
0.053995928433435224,0.029398689156444203
0.07072045375200722,0.006820600919219361
0.06642070318035412,0.006295089959305894
0.06546412812928418,0.00807502789319093
0.0690427325210183,0.011665390163258968
0.062305008436086114,0.012827310905525415
0.06717548588863262,0.027355898276007644
0.06364165373654172,0.011763962034330193
0.0639083948622961,0.01578822742148258
0.06494782500104859,0.004295588967317067
0.06558114907534751,0.017447055717992956
0.05914469323442263,0.023511987567343618
0.06302691888461956,0.010971727804095017
0.06602392631571567,0.015184263255128082
0.07640770332172084,0.03332140718158515
0.06206746996304323,0.015833817039408785
0.06786610856308763,0.007169565832896823
0.070467225271738,0.020478380306682552
0.06582291439405501,0.0032956081676842114
0.0751164593896408,0.015457069601056537
0.06780018548540155,0.005487087875240099
0.07903843723610957,0.02232432038971241
0.06926687224357005,0.013961632527069228
0.059966856577195284,0.013443498929302985
0.06676276981709939,0.006878779137225632
0.0643827680491433,0.004090084551994565
0.06584254232475419,0.008192758933033763
0.06382256061944237,0.008681189775547863
0.06791096102405746,0.009198073623007301
0.0732707051580422,0.015989289528334515
0.06808308739481042,0.014139778301926718
0.06852228819233298,0.008593422917611622
0.06646632042049096,0.008048210652926248
