rent,realrent
0.06750595019576557,0.037513220354807884
0.06790578120066378,0.02861648026947794
0.062387522739425424,0.01668501250898216
0.056737150295323724,0.026480976970518495
0.07744418619231573,0.02255219806155075
0.07485216620513115,0.018529197829898605
0.0683817927512849,0.02191215835228864
0.18483351135941842,0.15338780542609848
0.07098203188296498,0.034898285360948585
0.05787853003062508,0.03504845046667265
0.0670629763100249,0.02896523861086808
0.06387178168718638,0.018874632823587513
0.07921680394129403,0.03308462306029566
0.07310375496015996,0.03503939160768706
0.060186595177709995,0.028541874777758203
0.11977883052437775,0.08977878645399669
0.09410809144699486,0.05416470004031169
0.06966508157156034,0.03397187340070791
0.058588895339547004,0.024050851417967985
0.07950582196372401,0.025527104496217083
0.0693404684522698,0.0200348982910281
0.07433618624534834,0.01999009436483773
0.060011698936869105,0.030317669838328735
0.07863773947637138,0.04970352299427173
0.06343584100414079,0.027147785961432566
0.06628054245774946,0.02324440532368887
0.07740891697071965,0.017229100781079355
0.08275428521920937,0.03785950326480544
0.07478497239958216,0.03139466288211485
0.06105582893981866,0.028812981659672342
0.08404890949386777,0.028775355325759682
0.07299815505088615,0.031766344465202004
0.0782021386984499,0.02691284499094236
0.04622201103244674,0.04519222967265834
0.09824773649552888,0.04116491819220612
0.0599088975454284,0.024968635083910926
0.0645742995300268,0.029944005005931133
0.07843112538982465,0.03455973246368553
0.08000832286648152,0.028089862048432498
0.07273157492229763,0.022136917587073653
0.07846387614707417,0.02404600559587497
0.06906525038073176,0.021334954139553285
0.06053926659336165,0.038895936785752455
0.07086890834963075,0.03141669212930875
0.060239066887333576,0.020806656516218894
0.06997040460610347,0.027024846470473058
0.08142473712097734,0.026562069806990243
0.06563282881810875,0.039789700689212656
0.0694073747379695,0.026791524815666524
0.07572421262929906,0.044024634615484844
0.07074970029726958,0.03116431278601715
0.07752428645745359,0.03704188492868501
0.07027459617821466,0.01621264076686827
0.05675768739761529,0.03677570192584084
0.07635027014508372,0.03134359899002123
0.07335637111285964,0.024986609756955852
0.08658228069753782,0.03186515533668561
0.08003855866616529,0.041329534236380076
0.0713806092997693,0.020900833077756923
0.06540189183557393,0.028473525306766726
0.06477449388576555,0.030519192070751794
0.0924573622287364,0.052837269101134114
0.08760333424579476,0.02839247899776562
0.3145999717233565,0.33159664841636677
0.07000359825572526,0.037789827928827915
0.07369248318069123,0.036711453550996
0.06372806723376939,0.038871917168721515
0.07100248705183278,0.0358904913641867
0.06774033940315771,0.035386904599126315
0.0942969873234955,0.04583992353907841
0.07287019439825529,0.01973787865297829
0.0642092588709567,0.03231594461555725
0.08704540124017653,0.0418249606984107
0.08338585649988282,0.04493907941890789
0.0679456729034571,0.037687105047175054
0.07769412660997171,0.023033355007811656
0.06787436532773392,0.025283916615420225
0.0793575247017973,0.03418857450064045
0.0684780485910955,0.02526408146031406
0.08388400104829999,0.029384670230626676
0.08144216649094604,0.040296805042150725
0.07180989635108156,0.049748291376521654
0.06290073322302818,0.018734912345911982
0.0828451711798604,0.029930255484617224
0.055948676588779354,0.03202326666867137
0.05867950149219057,0.025157668698370477
0.08064962190717155,0.03418179806547882
0.07721549417461639,0.022933691078876606
0.07166507194828395,0.03358085088899235
0.06412714044858077,0.03891651556871269
0.06658467219445753,0.043876259726467005
0.06064015371606624,0.02509533367156113
0.06971793368697606,0.02907795896236316
0.07625253186496611,0.02135690608481769
0.0612309649465623,0.026660622029784246
0.06498877764957724,0.011098773382785932
0.07986121815606692,0.036682992551327856
0.1476922720802249,0.11506837487683305
0.0749413478741823,0.05546742222046648
0.0840052442989106,0.05104055569074669
0.07596764069499971,0.03655151404747216
0.0600454269388246,0.039594361653726984
0.09785654994640257,0.045551679626717634
0.0950870715614911,0.09168058146386295
0.060221918759710155,0.03896535594856224
0.06311289877963557,0.03338614963325846
0.07633842664933864,0.027440259672258493
0.0784101214611615,0.03473698004721624
0.06386774446191966,0.03395420427801983
0.06661676626912492,0.030726310088175095
0.06405735219984407,0.03181368307245637
0.06994417618621715,0.021526351596859773
0.06517654750761927,0.023232991391215856
0.05823411068014611,0.028876320875533
0.06802805078007514,0.027520534484153914
0.08212778832225168,0.03211614616460892
0.06150245232752242,0.023687459350267007
0.07854414006881415,0.018247566463172913
0.07855109991854863,0.045193289132547505
0.07129321552905142,0.01924509780284008
0.07300758196007374,0.02300852683077899
0.07381886651529686,0.027270995241645484
0.055550342960353195,0.029335589747558437
0.08385663828684552,0.04413614753661559
0.06310749509529734,0.04150052386331102
0.06403163664571015,0.0322909209681232
0.06698739095460325,0.030172969106583958
0.06166514222774205,0.03817022413304242
0.07864013923140471,0.030147511693756675
0.0897360570195467,0.03360382414764623
0.07216268116901002,0.024780228027334466
0.06566985099947026,0.020391265720794412
0.08504822082755685,0.03662285917879254
0.09038351886304011,0.04400589982077277
0.0785461881758884,0.05336376453797048
0.07392370492679196,0.02364765934603733
0.08065656758630693,0.03874034017818061
0.06221471507532718,0.018435825879460178
0.06423100603863156,0.018200488349849813
0.07307335029195018,0.025565405897764806
0.06079862070714577,0.030406586525200563
0.06357812426188222,0.01970108209356353
0.08282231822018575,0.06103042058358945
0.0764023977018897,0.03531195110838265
0.07515619351464417,0.017599517495961125
0.06871008869482334,0.022666454336437963
0.06378052415821196,0.030069836828231195
0.08316541623944816,0.028018211440772982
0.08611146516265579,0.03041841561519142
0.08021979696728823,0.021346588546622903
0.09095192993422371,0.036289712108743814
0.07439013177087303,0.021666295795496653
0.08503878497589736,0.03154292467478879
0.11428183222475721,0.06685665268921441
0.07709447256234768,0.04264103196404322
0.07027276485212841,0.029424565064869585
0.07818152392047896,0.020835957697514573
0.07467531969915703,0.0262672390721475
0.07903068864636699,0.02453352875364523
0.07997852425079681,0.052678460650115416
0.0692585778560735,0.04099944515000391
0.07147479524576755,0.03821666974830411
0.0791236192793182,0.025062972837993636
0.06938288775598465,0.022801432416848306
0.06073574348856925,0.035820826902266796
0.07992328790331002,0.032100063617033214
0.06287578881200466,0.06638797172681805
0.06568171683536042,0.026087125924985903
0.06501908571135787,0.027583480288699388
0.10075502762382693,0.045408739928173125
0.06401862944676583,0.01376038831913936
0.0793861728209887,0.0200768092124601
0.07929864700556048,0.02101740131404227
0.07350472060369106,0.02770731655912362
0.06301661209423856,0.03737057732709209
0.054072427566250275,0.02482493706485045
0.08013624533141489,0.04252472686587783
0.08152263731834257,0.05708188569077873
0.08101655442709355,0.022226752594291396
0.09018764377465954,0.05899211299618963
0.07480378397651917,0.04951998398253743
0.07930074279015928,0.0297981653703311
0.06860026962792701,0.027313035485649444
0.0868711448196593,0.040234110667319044
0.0750001349960798,0.03822182795492672
0.07751305676595395,0.04284800839821217
0.07928910455210188,0.03614507680569143
0.07451231278347174,0.045642660016059856
0.0774161677724425,0.029758081656870477
0.0728727497279795,0.04479602627773854
0.07327792877266819,0.02491739683633892
0.079464695890494,0.020574175534253347
0.06716580766230382,0.030747795293287587
0.0813411436929607,0.04442277329588694
0.08094712974556548,0.027397895266530064
0.06011116945829115,0.03345341412676734
0.06971342228051108,0.02533486970078701
0.05759337751199196,0.04509445818240356
0.07974972807400943,0.026703000160855906
0.07499096765637044,0.022922570169425765
0.06504700207278866,0.04111232602660179
0.1520467354836072,0.14356458747408676
0.05726009595465238,0.015533085132484475
0.050638171598310196,0.02385845373700366
0.083037903432144,0.03554232815890138
0.060009380757082335,0.032966475779825165
0.07317662618948309,0.04883020360365326
0.08463561290240347,0.033782286307904204
0.06884260757107545,0.056110651678812525
0.07985110802537314,0.029371169294224043
0.07175848793333868,0.04043589664183792
0.07215406538949659,0.022664089679406228
0.09822077936610424,0.05741266246434431
0.05943753796574589,0.02208708715913898
0.05885190222443907,0.03054648322856586
0.06735914409498965,0.0292703192818542
0.08586055407117513,0.035921788047309694
0.06354863667820801,0.015863926696092583
0.05702502278945069,0.04638789552756531
0.06997023649243243,0.013892682184812969
0.05927142739973509,0.02468035207425983
0.0701006733629221,0.030625598555427447
0.08734008860620839,0.038237599684561696
0.09352876080139542,0.0562775500416739
0.08279750589276921,0.03337069615326099
0.08858739660347324,0.05040521568640161
0.062365844536767044,0.04137580406873306
0.1629367796615015,0.12175058297930917
0.07455805448550118,0.023800325911409362
0.07166109015338343,0.031125976308922044
0.07335523716721004,0.0298116432546045
0.0638576705008907,0.040052457173467
0.07184548067332262,0.0230649753725264
0.06759611597379155,0.02378334097924755
0.069568794501935,0.02049796102222659
0.12873476210413481,0.09364955365264842
0.05736076539250729,0.039773777658797936
0.07045904597563238,0.014862938173359866
0.07477836693160789,0.03099431568196419
0.06330945898502142,0.020772353047630015
0.05927615708069702,0.030255756223532215
0.09587255091694794,0.04186412319446669
0.07299523365262099,0.03186866635979941
0.08056153542456314,0.04510327613445756
0.06140725096850104,0.0334702164597165
0.06726185103466627,0.02877630019031102
0.05775652591947272,0.049346925222253174
0.09053526763746299,0.03960075207725371
0.06758084634954749,0.041879253470631025
0.07629179340814936,0.026169076007672626
0.0840919385626563,0.04898792073524468
0.0655464557602693,0.023841899710531963
0.061915582831658766,0.02366529547570392
0.06898754839047533,0.02589010435933132
0.06254843201240115,0.03801683940937917
0.07969167537500732,0.0300572824951998
0.07873500560327347,0.04080730443506106
0.0846006742277993,0.06798372544500314
0.07041905646302131,0.05761906103182282
0.06512510695337215,0.022438863612573537
0.10519123047596533,0.05458220891174516
0.0789303930452364,0.025484716412083788
0.08683656761327535,0.04515366530306411
0.09095166832685593,0.05477030483087735
0.07315055277255222,0.032958270696178245
0.06037448649243425,0.028481105356448867
0.07864025890726489,0.04322427666030553
0.07966655027305193,0.03811363415788141
0.06714706558619986,0.03515377918907161
0.08781586272847478,0.040656633325364205
0.08062152512212786,0.03734314938051961
0.058632218526616625,0.03256442269702291
0.07065333194646096,0.04092973111192123
0.08473549385554915,0.03685551807289347
0.06575728602602088,0.02102977585631436
0.08106598937769484,0.025908560725140677
0.08146238197954903,0.028093349657284054
0.07247054197288755,0.03742233391500321
0.05011452652727243,0.05476568898598831
0.07455150084350072,0.03729596256477293
0.09518357072795167,0.05888128060999927
0.07493293196621297,0.028008724244492026
0.06632089375362414,0.047168596835632674
0.07439886025493754,0.028449243088687008
0.07360353568586765,0.03011842683465032
0.07890044869882254,0.03460783065530387
0.06739369784438741,0.03339490879147347
0.07583132517447078,0.04765459792724415
0.0699308473102223,0.03497056998872948
0.07692756702808572,0.03212695211744045
0.08511659191909912,0.03520368781632658
0.056356832477953554,0.030794422927204527
0.08734585600747206,0.03139076951353287
0.048787574573881075,0.03872065422232686
0.07813216501381073,0.043317323125814336
0.06172553091420665,0.02662584730495788
0.07575399474276502,0.03630247134643117
0.07590616453412094,0.01871008782962523
0.06665283184941811,0.022794808556729086
0.07698120847676371,0.033948504380104286
0.07576512053736603,0.01625746962522054
0.08220977469170612,0.030010864223977866
0.06973350963639932,0.034853461723847526
0.06572097490355736,0.027501426380760113
0.06504379551078676,0.023240267993317295
0.06896763344916292,0.026018491529843608
0.060936641657430186,0.016712659019512834
0.07158395719154419,0.03418945433788536
0.06487403401475877,0.013247428947138819
0.07994080816411729,0.040028080615330766
0.07138265329900156,0.018119976168646298
0.08350424443323888,0.029611084552758977
0.06232587317949312,0.01977253177810809
0.06992975553553511,0.024068834523345184
0.07905913542049685,0.022968618167089002
0.04865409028495612,0.030504965830785935
0.06545430697259538,0.03249045083356224
0.08819485290214985,0.03410327370337862
0.07743892987237187,0.03451254599410447
0.06635991568917134,0.047769545782886336
0.06446905416400704,0.020207712386854614
0.06839246690530107,0.03519851284679984
0.16980493245103873,0.13351611065225305
0.07607740926756633,0.03167644664237362
0.07184863738089788,0.028770371498998595
0.07550516861168914,0.02047832530481577
0.06383819129125365,0.03499112077407648
0.08279635771766657,0.0419270488639311
0.06656232393547416,0.042454178542138996
0.08987879484653423,0.053276708330629294
0.08646710672720155,0.05840227394537217
0.0590533400362677,0.03274113125453393
0.08509282450070403,0.03715281797396655
0.06963045994481322,0.029795937302637424
0.060471861380311194,0.016136374112860202
0.0659544168583364,0.022924057932496557
0.06985801692009112,0.03256884737191506
0.06844078287059246,0.06336915883969846
0.08404401657307173,0.025833398271600055
0.0783025399821712,0.02675898231858649
0.047240859847709364,0.032417497314695745
0.07460351960474822,0.022505811255565746
0.09447304589360629,0.0360729667985954
0.0538885326284207,0.024355345683917402
0.07362330783596509,0.0310002226463281
0.06770250046618656,0.02774941269960132
0.11498296600909091,0.0843090117909889
0.08026292951604155,0.02770258400489688
0.06993257496568535,0.018217307318649695
0.12517790393820705,0.08383172062616533
0.07618233281822613,0.03159723531404363
0.07472850714534321,0.020538671577394557
0.07261803420956324,0.02154956293692567
0.05031013028776266,0.024437206494789254
0.08061883821259025,0.044947519732079354
0.07435325014340212,0.03335534581505283
0.05393511489707933,0.025312900464040083
0.0912098466666931,0.03660641374250842
0.08203803477710313,0.03248156882618632
0.07440611180840617,0.04426273862021189
0.07486413003943958,0.03349258766525719
0.11146983217834586,0.09982680003366744
0.06609330040050182,0.04409988988859708
0.0834609125024151,0.04256871714904303
0.08932300758344704,0.03375130424788384
0.07175186328027047,0.017991093333139127
0.08488653509857408,0.043720238079599946
0.05257515782753848,0.020167710769507262
0.07210988414624082,0.054735246297174495
0.07241817053045572,0.029382047232817333
0.06723903301855054,0.03813241086359021
0.08557875574139356,0.025808451774864943
0.07512690048045283,0.022571373082867312
0.09258738333162471,0.04272649612395072
0.07887836731395777,0.027264660740740417
0.07768587733042522,0.021679648824215428
0.06480757240864424,0.025954816946563947
0.06686250199295067,0.03868855322084019
0.06120576825972537,0.03630993806542674
0.07129842009040321,0.015414858567301393
0.07062131644566921,0.037746252616204956
0.06500826425046674,0.026369384809926445
0.07095726463634029,0.02721542879569183
0.07178437814680454,0.04625296203094485
0.06908768115534848,0.036650740484364876
0.06581472135428709,0.023965383320251346
0.0734610426426944,0.03372737246268349
0.07412474263897367,0.027303218477109353
0.06901351403989206,0.01881328101130918
0.06137174106490419,0.024126428381299983
0.08790848842979032,0.04253003908957993
0.06299721201168301,0.02393157731595987
0.07676211616461862,0.04446095923134107
0.06383893920270817,0.020746752276227944
0.06418220562527847,0.016750998574828768
0.07763256692395101,0.023002539463153674
0.06964403669689215,0.029329555726021604
0.08239320873372138,0.03294115774067637
0.0769786197284976,0.0315606414964669
0.07416933274994246,0.017898323765232375
0.09517557392308672,0.048455804701178315
0.08189153493296451,0.018816573334163426
0.11810816785443037,0.07675007024426185
0.06385888136195712,0.017274115900734535
0.0635606015044539,0.010443635745334832
0.07188108076589457,0.038061674677600674
0.06334835787381835,0.03091606978301735
0.07370689018402911,0.022493458773127487
0.07464323827967244,0.035569536522031445
0.06041409511148781,0.021787819984374724
0.0788902169499092,0.022552030232202074
0.06597422706617674,0.016339274191275184
0.07186774631443918,0.03806695237662834
0.07008663738206551,0.020058350108652655
0.07792065167540096,0.03100095899395208
0.06817304986428928,0.022570244130228925
0.09655313137827364,0.04146729362181637
0.0751329816386234,0.024444713372853623
0.06309906785730796,0.03667689965112598
0.06652522702132094,0.02995700058889982
0.06324146807978202,0.023801045891435498
0.07387647885256836,0.028982763088397676
0.09140148955936826,0.05657164838149651
0.07562027446214231,0.05481651770775963
0.0820571502258322,0.034802482013655565
0.07235145654727723,0.05322623113561056
0.07544386805904388,0.025314715711598938
0.07897583491294173,0.033006741070618774
0.09111004444899164,0.03494046415238257
0.07858364332175162,0.025651917546316308
0.0774013018984167,0.024973521625358753
0.06795061599862698,0.016499192828360373
0.07256823887742543,0.03449799868968492
0.06462654457741979,0.028232805475523273
0.07094455234631697,0.021050707676629983
0.06081112735025457,0.021405816096730586
0.06926240551035726,0.033843196889580845
0.0686300656959724,0.02709505275283338
0.07004343683308584,0.033002044280159425
0.05436949601971258,0.021838254623454786
0.07327407478294885,0.03352264024898413
0.070753184437334,0.022902532133235506
0.0698660195399078,0.03265366438108683
0.06943540122694532,0.02381300971584516
0.052939725589743705,0.025001932578663323
0.0744626651552177,0.024947644419325406
0.07516260040979704,0.03575923844132993
0.0682643925695837,0.02341087588716955
0.08248702837716632,0.05086756424057825
0.08209610250142765,0.045693818561803705
0.08943463370051005,0.03844078055240151
0.06331637695029294,0.04264001276643051
0.1119548964951527,0.11816931527293388
0.05847471833295494,0.035470485998146034
0.06771346554601732,0.021141742693051354
0.0568427366189009,0.020375852100537457
0.07218560797366841,0.028398195731000955
0.06534228591205736,0.027185614827378638
0.0651272264881958,0.029666726381068216
0.0832208474394274,0.02401605632838803
0.08767178556976332,0.0801586498940976
0.06591211796884336,0.025875145328051657
0.07629813467485785,0.03061645206851313
0.06022447639843952,0.02465022340251429
0.09758710846310617,0.045964147385388454
0.07123715923842491,0.021299961047795635
0.07566154493136393,0.035985782691374577
0.05989738747408943,0.026085085426091992
0.06346523660142568,0.02884520864746637
0.07433482928942198,0.036256321248613214
0.15187332393058076,0.10938704466100643
0.07546676691191781,0.031132793814297916
0.11641901444037964,0.08738679737667071
0.07568818821896876,0.029490780342766285
0.07559517034978862,0.020205744166212153
0.07871815322501063,0.025717125831520037
0.07550962595791154,0.022900233585345677
0.08072991057825507,0.03735964415572277
0.08811395640997824,0.03930877475658653
0.0770540399962645,0.02555427788698446
0.05097987383093367,0.027915706099980023
0.06060548092837412,0.045989800995023866
0.08068124299651513,0.030243622175242485
0.07730332979666389,0.03376823681315306
0.0724632344639965,0.022530685377487685
0.0651652150284226,0.038443290103833724
0.07759611380314871,0.03556622502269972
0.07753800705871322,0.024982658475290683
0.052200907379365884,0.03815819953524924
0.05663395169331784,0.028608226326361442
0.06872078473318087,0.026351278791854397
0.09465939513743374,0.03352689873110889
0.06333573591100242,0.021383393026879895
0.06334994978135153,0.020232992007429756
0.08001696785202603,0.03667491081839393
0.06951387074608853,0.0269596038697936
0.08933733480442778,0.05092289999560708
0.08848207105360363,0.03382226108382706
0.08453521685444941,0.03453804023758496
0.07981866584684293,0.02289610908450354
0.06964068991947138,0.0237505718345142
0.06973011961541409,0.015850424901556654
0.08647150771218409,0.037869791062292914
0.07015972916621176,0.029091003540623713
0.06706647409172582,0.03040868446246961
0.08890260788485005,0.03597826826374612
0.06970505088519591,0.02803185263717986
0.06120036831798985,0.030952945084954445
0.07651053858702601,0.03055238812611902
0.05252937991556697,0.04563002078121312
0.06655368362078244,0.029091305667614902
0.07382214822664496,0.01902152476250722
0.06719171369333495,0.031059025495274895
0.0880695582446645,0.03423663464976944
0.07058035039257043,0.03442521013321733
0.07787175405408114,0.03388577373694914
0.09489879759514668,0.03928689353925837
0.0629116010648274,0.043361505799657196
0.08282455888298583,0.032204242035618905
0.09531933925392987,0.03921190615120932
0.06566698830351667,0.028881781054490675
0.07190819456411303,0.02977100307099909
0.07539856425684349,0.02407198850237858
0.07121024358614506,0.04507302769968381
0.042864724821102235,0.027425549332044406
0.07969866518125429,0.027394068732901948
0.07121525040397744,0.03144174780327281
0.08156052030948163,0.028361654037632023
0.07408366501184761,0.03222854060314055
0.07218198564051659,0.024075465986654398
0.08568525644519608,0.030584773614966653
0.07524117350239173,0.04205093014909477
0.0783190692521885,0.03476623500676204
0.08688049064474193,0.04025071303334705
0.07984104121918482,0.0346487828811262
0.06559751317275402,0.027044340053334795
0.08840685598408829,0.04118234244989684
0.08027507228846387,0.04026651094536055
0.07187856562630944,0.04198564107082576
0.07125180381054944,0.04518930908145215
0.06629215620181873,0.03731459805713016
0.05569567397468255,0.02083342571536264
0.07502746392491685,0.026807686402535495
0.06984775639355387,0.020760514737484814
0.07167761212773378,0.02972422273234733
0.05920037740759442,0.031122476435164578
0.08171190850955137,0.03989840212877164
0.06658014168071606,0.02881210859601814
0.09089675150856086,0.049854804009648236
0.07387737315601972,0.03932252352013009
0.07845289875062154,0.026951244367742384
0.07733054840129407,0.02822311546834196
0.08431741115674873,0.039553159240183364
0.06318584938799657,0.040053925827125206
0.055295289932452446,0.03378591250192257
0.06347551556859583,0.02193584348587515
0.08525469630764076,0.03421493789726712
0.06686743162635028,0.02511301863401369
0.07378180573077221,0.02663167831824211
0.08691575458271493,0.04319988105075222
0.08286671965004665,0.04414311978979978
0.08727946369230266,0.033999413917709165
0.06608493619133014,0.027703597594756792
0.0791924868641823,0.027381934659523932
0.08580059361671304,0.038901210421386216
0.0770908784951486,0.02102143623178825
0.07471286390852364,0.037995421421955486
0.06825032229153813,0.02588005933572983
0.08161806082376385,0.04446760497211616
0.07155430207359152,0.04040330014488571
0.09762425823956795,0.06094925177482599
0.07088744832370805,0.03307942211375154
0.06560387522176234,0.017164213901024513
0.09147261449018268,0.03224579982946092
0.06123883377662779,0.020017913420307724
0.11434784897793325,0.07140930903279381
0.08727587553426432,0.04121502098228881
0.07011643225210051,0.01993275539926736
0.0894323482966205,0.03968699559438324
0.0666262806836434,0.03917081135480888
0.08354727367260015,0.035090101608823886
0.08077165023141487,0.028934304400601765
0.09769057577461142,0.057807235830660775
0.0775101741874396,0.03955702984065952
0.09538019659549928,0.05130481067950355
0.05800211082334018,0.03518412630086455
0.0656915475583563,0.03146306256028063
0.06651285730672268,0.02918648294757131
0.07797744747299891,0.02496407868816429
0.08645666983260497,0.03189550990031473
0.09198913228709041,0.04094834329592402
0.07062443613344271,0.028139272740591106
0.0794505676165519,0.027652457576688827
0.06735671557327709,0.0379080488800847
0.06926594891297098,0.014904031089096987
0.08386931233028354,0.04033105304505021
0.06923818939123458,0.01631956855153533
0.07944224802774345,0.042841533294835706
0.06848985815874267,0.023784993752951355
0.06489875982022895,0.02267279186842932
0.09036384163716081,0.04368561414620032
0.08030336952822249,0.03410517443089059
0.07824559914902542,0.03926812261011425
0.05284604940309425,0.022982480912660534
0.07903424110705483,0.0248214501558138
0.07013272275899284,0.022031022388218767
0.0872953450522433,0.035245691558610764
0.06234202910035845,0.025849754869750205
0.07747714665293916,0.03400218218185745
0.07297068819376144,0.02545153231512885
0.07338943737343853,0.022013760622769885
0.07497274733186643,0.02462978622510103
0.08696775773696883,0.031245167835965967
0.0717628175465856,0.037214977548084255
0.06273022383462129,0.023274033736265645
0.0690003081548047,0.024820398230539494
0.05226842343286651,0.021956703544753767
0.0688358128647638,0.045716964233836505
0.07250250750313218,0.02925495029352057
0.05012979637715196,0.043436943418865594
0.06756062737468577,0.033451244412260606
0.06744247847803697,0.025505753728489008
0.07599036417881992,0.06016974078353017
0.09041032648441388,0.03180950115782874
0.07923040029851965,0.02217718829484062
0.0783566572918019,0.027554220947898528
0.06003444743485014,0.03029579360771618
0.07692769646107668,0.025564321403462122
0.0788361225723421,0.02259466433130574
0.06968585555839081,0.023325306704919918
0.07250917657253375,0.026148774868149243
0.07482288139003805,0.03491370855609008
0.10101372573506359,0.06460371765661578
0.06027985475383013,0.031435172999713226
0.0748246309454738,0.021626015533195413
0.06117288250445401,0.030962365800696237
0.08454613051597053,0.038384711847062124
0.07177044716513716,0.014163405198213762
0.0666800875331725,0.03030152950523671
0.08379272386008975,0.02776289171644517
0.07780323076384123,0.04059046139268673
0.060638934720405005,0.022259653921260603
0.06070231996333658,0.057717125503103234
0.08522325489620655,0.033505768802449445
0.054389595627339825,0.027830487553107092
0.060274221700658694,0.024804180312452934
0.07769719008151027,0.03345060805474071
0.10734534174833388,0.055256210634046
0.07883235709957669,0.03330545030626072
0.07886499930561074,0.03945617972809443
0.06589139966604343,0.03052274161850217
0.09740243204929479,0.04144109876739487
0.06159820562611168,0.021684221841884302
0.07009317461717428,0.028452856114105283
0.06917738324979059,0.021133521636287813
0.08057822532404069,0.03457639206812822
0.07034992037839896,0.04424270715869149
0.0667839010608748,0.015146943561934719
0.06711117502609186,0.024073002123263205
0.08241328349466923,0.04290021991583131
0.06768250069994389,0.014657201439715375
0.06967128929862325,0.03282546958507505
0.07045219177391995,0.023331730536761346
0.05983678320285168,0.019630909882376563
0.06495828754264055,0.03166077825811902
0.07450579894235143,0.017275239917551602
0.09397004059262938,0.06257404529389189
0.07593919780632827,0.04453613356028719
0.0624223029203484,0.05243410705228273
0.0850504221669853,0.03290378949626692
0.08789689696441991,0.03635031851599929
0.0759682095422422,0.02648785585324097
0.08352650865804469,0.034693907993471135
0.07035627996429618,0.026402694755212477
0.07126190852486892,0.047882168666242675
0.09402805874217,0.04790255903789393
0.06233053905459078,0.03131028963351504
0.06632065397024312,0.02992967073952537
0.06337389164007125,0.01596726597980378
0.07740300637022615,0.0272530947975303
0.07535197298848127,0.01950443947656418
0.08641606678241874,0.03560699952536648
0.08206005462278589,0.022365389853909838
0.07427614529217101,0.02667414333413536
0.08591192747532092,0.1018827456251878
0.0725144620333417,0.03466264626024619
0.08257906106790969,0.030057470211040115
0.07511584757178566,0.037933368115508084
0.07242736921333193,0.03023118253848629
0.0732713862140053,0.028404543524779526
0.055875682329981864,0.04132148286115898
0.08942548366752633,0.05455887365815887
0.06382739333350847,0.03350102034433159
0.06954655964233625,0.03085404374674374
0.059300790535382404,0.04140438785527054
0.08986360557878131,0.033048041775489784
0.08449588550197618,0.04252576751850349
0.07089528420050016,0.020898819578988037
0.07713362178503794,0.031891346331243214
0.06728590048011984,0.03157369887656146
0.087762897472031,0.04430207112350928
0.07327849922725325,0.03248688212112633
0.06632117775724358,0.03420865220076387
0.059907324889681764,0.028737031832696137
0.07331643099202721,0.012896384947444462
0.06393225802097102,0.030308646292861688
0.07369471864282728,0.04315636268964765
0.06423730486118558,0.023400093918907017
0.07090606045577984,0.020784962531435622
0.07167276833844925,0.029466215007715076
0.07112548083101061,0.02443575019254471
0.08129324952114272,0.04013060364796169
0.07834261040491243,0.03185426796204711
0.06380941506990719,0.024726974162445577
0.08124414875503218,0.034802711146077296
0.059459924095735764,0.04136767116745795
0.05640836975555675,0.028407053606762184
0.07755515857187699,0.03793123963128899
0.07115803283302509,0.03490056137499284
0.06303768699961496,0.020632554519489
0.06554077237340188,0.03250447591534961
0.08303256966537689,0.028860908903189337
0.0728767779307573,0.038310651245934295
0.08128009904110112,0.030136958403495524
0.08448782770644461,0.0476894360157875
0.0691653995679129,0.03785504528729761
0.09673047948052485,0.0490756578617348
0.08841668772735267,0.039794245814564685
0.12217506462628536,0.06616073917710683
0.06365606499059193,0.03864975282984518
0.07798800003497956,0.032006411043075986
0.08197146477015982,0.051763328070706466
0.06817702475229796,0.04103970965037737
0.0765309458803008,0.026333196987655776
0.07368197732996311,0.024829018270997167
0.06734212491007081,0.027627858107729386
0.05906658466397369,0.035479090217196856
0.06691955534487092,0.040303242068726645
0.06520833452303774,0.07094082776630291
0.054378626265233466,0.044501880133005246
0.09353832205440334,0.043900355303804
0.0804317475946063,0.0386548716419782
0.08644454372260742,0.04550034956966924
0.07398726093294387,0.02453514375720145
0.06186030541127306,0.0203788686472783
0.06274719411843965,0.03750460414442878
0.07739626505487891,0.026571484655940954
0.09468800986078424,0.042920070267901705
0.07040635009328433,0.026824009449319782
0.08290718301066208,0.026830622455178334
0.06362422232431762,0.03174267148236973
0.08137514790799145,0.033157584018706714
0.07210914889570674,0.031591269616660575
0.07393601442547837,0.01908103569210548
0.07212433204436919,0.014700397249322303
0.06253599697115278,0.02515890131505613
0.06038233569718906,0.02306728957707813
0.07590218860569127,0.026591723937782932
0.06810387914018984,0.039931562967539413
0.07624021654223179,0.033122808660614414
0.07107336205204214,0.02715638684801921
0.06699167045718524,0.025224217436771015
0.08904514024550833,0.05695658818445388
0.0821927582241792,0.035136730661662785
0.076227115043821,0.040240429992041526
0.07606899893639557,0.034609936715294984
0.08464910352647809,0.02822520263176623
0.0717062518622868,0.034605467053090436
0.0700572383015719,0.037961792221243074
0.061999094401737294,0.02405725915658098
0.08566001855338597,0.04812087907997485
0.06776682545197162,0.024398337785233933
0.0783274163218856,0.03343454499706323
0.06540099772463119,0.03001307464716239
0.08550825716923828,0.032710637876127116
0.058661848283463304,0.034935889835912816
0.0809166111147862,0.02190451937760708
0.06881043312483939,0.026890816857492353
0.06726922545263946,0.015835881519164114
0.07966633982358054,0.01883992285362116
0.05921377960983988,0.01522156073329662
0.08547730890249212,0.03762918805500096
0.08603093333537362,0.03639479278110326
0.07854940784852701,0.03871242966011136
0.07007606289622234,0.03319419573720261
0.06281451207694741,0.025705056999362184
0.05629969979847739,0.019094938820936252
0.056047404793411665,0.030405610893594594
0.07503568987584167,0.018049992953635855
0.08398599020765417,0.03644971422899224
0.0807199986737427,0.02160222304669686
0.06383968898876782,0.016006462834906157
0.05969460432075271,0.034401695260454314
0.09037168066454782,0.03868242144391228
0.05655730142275493,0.028363156451405656
0.06527068165090014,0.03222449838487903
0.06250634571313515,0.04323815529546149
0.07103024809182665,0.034162499956993844
0.07869663508925256,0.03579834245800871
0.059349605087317694,0.048655212002104174
0.05760205345028693,0.040319814316859305
0.08524997305830985,0.03238071773378363
0.09171598790336126,0.057929702471069475
0.055669707274786775,0.0343508649791715
0.08199610937198393,0.047367143826596375
0.07346191331002278,0.0350693022496318
0.06708685879792524,0.01896663371784922
0.08807772463801855,0.04598421587705578
0.06778001538658848,0.037595999164414515
0.07717618851623849,0.04141564816458127
0.07748875263858787,0.024565201819501767
0.07215824274179339,0.023984068405281625
0.06107566082020926,0.020371339569480354
0.08249564905306091,0.02963973700984974
0.0685279581601558,0.023337898722230813
0.08294470926952842,0.04965903683062384
0.06407022637540587,0.01678365567830432
0.06257660980345525,0.020790442331392243
0.0796801749842925,0.03391341421580306
0.09257859760271057,0.03644155004950604
0.08990243170818754,0.049777982220075366
0.06598716310420968,0.021532722753090275
0.08573800341169832,0.04622859262152583
0.0725883110803427,0.02059051620265434
0.07621529869320808,0.028092716168008822
0.06108102769981752,0.022566391296081834
0.06781153925910775,0.021246810919195978
0.0723367088801861,0.05835520882801031
0.09229602974490463,0.04499791336692145
0.08168830330128925,0.03037613728175421
0.07414525931299035,0.02082791132069855
0.06835049288611746,0.023299195639582385
0.059800526388201554,0.015232489759322222
0.08625851752697983,0.05270939631347757
0.06687957983224399,0.024238643040236384
0.0798828326118965,0.024718440753864306
0.0760089226154227,0.04382749302976264
0.09807661710809057,0.047628525966973714
0.06879582933977436,0.03421352289148558
0.07661958743380715,0.037574603568729964
0.06646303152639567,0.026138457378155396
0.0695302611455853,0.03369629287440207
0.06401068285477708,0.031139581794605905
0.09687704903102062,0.04608496152379023
0.056134124266773174,0.052744698448665764
0.07730540888904129,0.028295659054362796
0.07352429952768762,0.03889165829215832
0.08633888728114925,0.03959949268175774
0.061004459037632415,0.01925407750309755
0.07724191109498905,0.016942423118388724
0.09083211939678085,0.04057394371092198
0.08333897971516958,0.03404843405920634
0.06092919503854941,0.031116980536826457
0.08455587905225273,0.04500794793156205
0.06744203688228033,0.018611993165026625
0.06978023675856106,0.028420103500856605
0.07928718720086454,0.030562490677449667
0.0855021113246347,0.03222987628648331
0.07294352434074944,0.039404503663662264
0.0720875437825036,0.028050178989492497
0.07091979551192704,0.03962428119560933
0.09118887375510348,0.04330159569447664
0.060269898168992884,0.03144796215048582
0.07127236908938438,0.019045704489873742
0.060546483849833174,0.05688933377650887
0.0660214043439325,0.01789922077433529
0.076261509733258,0.04396561057463953
0.07443071114337435,0.044801306279281215
0.06377804910275907,0.03253875373179428
0.07213832439360796,0.029378156201441193
0.07133939071212404,0.04001803834745802
0.0722806741529137,0.03968854457705852
0.046086429953105114,0.049500601096294033
0.07117868228227327,0.043448168843066515
0.07134780396961027,0.0424052038602668
0.06221829341634327,0.04859490271745286
0.09147236869347886,0.04281189836739762
0.08721129577519486,0.030757767678359815
0.06555575575307586,0.04368701087773025
0.14261734133582352,0.1399939942156522
0.058703365822366925,0.03551218508272816
0.06045966398309074,0.037066456032430306
0.09333603194761991,0.040438900108665146
0.06351697376557731,0.04674387361352598
0.07863843411505606,0.030182590740453513
0.06046453165624916,0.036569206170087534
0.06757634912766793,0.030953838349385636
0.08182743523147437,0.0388881634256884
0.06011512378427727,0.03121692028590686
0.07425415192002992,0.016503496007332183
0.07846147134388386,0.024054169159940526
0.07383535992643639,0.02152672214423725
0.06949317285918577,0.018781801493750378
0.09747896854510561,0.05981992617885019
0.08402949333848857,0.04095221500556728
0.07620569694553875,0.019986683054755216
0.09943845476846609,0.07824051108129537
0.10080334036803215,0.05154959258023375
0.08452554168692765,0.03880506092259011
0.060769250920935686,0.035730288876678354
0.07614573330016909,0.021925628720873065
0.0658259179073548,0.0313327665084555
0.07756327327310328,0.033667902505483245
0.07766267563814541,0.03021547138074162
0.054513367139460055,0.04462210206260851
0.07497071900032012,0.02814665945381386
0.03997852633024809,0.04992114219293695
0.06791450482830938,0.03139795870305229
0.08687714445253723,0.027478285401319316
0.08020990704351495,0.029660599961001753
0.05433995842949556,0.030611241484244014
0.06647919034952503,0.0519014356804994
0.07224067828803776,0.03185686939036688
0.0736313038989369,0.03883523796899034
0.06414297879384057,0.04809968268249433
0.10207178261786573,0.05623865385848411
0.09195120603398907,0.04445220699420867
0.075726826599966,0.03570419307392805
0.07090729815487194,0.03473361414173758
0.09109952560127949,0.028884402508732383
0.05885765170396962,0.016807601959631973
0.0677276958974906,0.029964913675140467
0.07384175167303896,0.044232925431915135
0.06382665975629746,0.05373946401637522
0.0823849849321054,0.032962096290875216
0.07679464294889858,0.02944130312044964
0.054840858739087055,0.026072222955197948
0.07589752774244822,0.0199321740151157
0.09096843523144917,0.04046405237686939
0.07456570634869245,0.02698715616336341
0.07745816584995574,0.018371033956407826
0.07351478907166685,0.02815905935660674
0.06663041962554427,0.02359403562405044
0.071509738997861,0.026459697308414794
0.06829638132195862,0.03410563596713663
0.0809385102629214,0.032217482823554286
0.06447990545545097,0.016662581997284587
0.0783344610298071,0.021069241934449926
0.07235543264137456,0.02082936657264165
0.06630601285648863,0.017099433805228128
0.06856343520204894,0.031666263367505026
0.06964766424828575,0.017775482856910704
0.10081154517779793,0.044262748032664605
0.055598163830876374,0.037272550318183315
0.09536023521126001,0.06680326268206661
0.08031589782903259,0.038968351688581024
0.093717946701718,0.03831620413593736
0.07860132202895634,0.032686221276332195
0.08408028947634429,0.044050913289028965
0.06930578074272528,0.024107863482456016
0.0708300871172748,0.016751685619037355
0.07305003103198114,0.030773769901307247
0.0640306414573922,0.03224930629386002
0.056937769440817854,0.0173806129656923
0.06051554383620873,0.018712359864476207
0.08098039728676268,0.0423713627925987
0.06976904342478876,0.026406329980228987
0.06752461483274383,0.03662680727014571
0.06675824732528607,0.045955463840247145
0.07922008414922614,0.03052496904144446
0.07542556656961646,0.04126325006059782
0.09500143061572794,0.04168726178968724
0.07151364960410274,0.03343753585772888
0.1083405978775901,0.09565989152500216
0.08212672790980834,0.025254236769102635
0.0713746536704058,0.023454996793706606
0.0732645952169237,0.03177874779701321
0.0855745611433133,0.04735489084129856
0.06247118187604501,0.01742220734955799
0.07100579647479831,0.024797690293179773
0.06891499900314813,0.022236066423330904
0.09065576653118257,0.03793147045556466
0.07784703116858106,0.022264572085655424
0.08819869598322949,0.03149441130378146
0.0766253837424295,0.03729522946834532
0.08515122676330819,0.038966883798066114
0.07270757237338271,0.033597606497136764
0.08059193974066428,0.024040886098612695
0.06583734384728852,0.009873208518297375
0.08328426648312676,0.030394255069091373
0.07748324615173868,0.03207387972322838
0.07059855427640571,0.02037235875420906
0.06959848291081851,0.01904492531849823
0.08040992385463873,0.042449953014589044
0.07307648192521042,0.02810565898802502
0.07278630576596476,0.027327025300801392
0.09201395081252638,0.04164222514419391
0.06635183989245125,0.023903037373961503
0.06336848010629277,0.03066843986359692
0.07016952108650522,0.019171383368866916
0.07558796879480265,0.031257216854968135
0.08321082317967818,0.03235618283102477
0.07063485012603822,0.025653359127303973
0.04864523423488915,0.03571054506720364
0.06599044837637084,0.02174137369606076
0.05220522712976645,0.04026572408375789
0.08174019518860261,0.025102799680151635
0.06823846737163919,0.026473761942696794
0.09695164399798836,0.03557543842893712
0.06297665237596058,0.02281680273513411
0.05589805142747142,0.0340424068468336
0.05389222556471407,0.03439235288773846
0.08685748124705632,0.038573635813955606
0.07550377956583426,0.036136937676828094
0.07662964191450271,0.02610740520549511
0.08204496138517758,0.03997714023265054
0.07280652654614977,0.04398811322248654
0.07502709941089897,0.03453222018136689
0.061521622272508986,0.020312475602828273
0.05125998635309515,0.022775485170952472
0.07738419348331406,0.02932111606661974
0.10872574771687563,0.09038615307762624
0.07459518145411317,0.02932197655091373
0.07918573967801266,0.0262364910474786
0.07770450890815087,0.029868650578629075
0.0882735406304035,0.041144999356835875
0.08809546440407941,0.04757778004692474
0.09871226278238503,0.04316580575735886
0.059483873209862946,0.01606425773135883
0.08965887223179535,0.033052106750727187
0.06276872995896483,0.03646228729449076
0.051209146842370705,0.031056823506723216
0.06126782819989755,0.03951741382187273
0.056629366155906545,0.029785054180871465
0.08289608967248244,0.03639333407365416
0.057963566348552445,0.022450002354117198
0.05823213666814506,0.017563490197618305
0.0604532221556686,0.026846405076256085
0.07868594163280553,0.029617020895461116
0.08524836240302901,0.03678633280626092
0.08455278153435791,0.02894033336527712
0.07142439104889912,0.03616003060254125
0.07835690760985321,0.040071813347926276
0.07951791316522043,0.033241172427151675
0.09437216273492911,0.03365957970103132
0.07771540967816098,0.03838564326107826
0.06437072457990153,0.03380056806086498
0.07520865862800685,0.04050897711042836
0.0752279316879302,0.03295145817314486
0.0827534169899528,0.03437565688975103
0.07912692914783707,0.04082079244413368
0.07957726667716358,0.019644342835868116
0.07747311706900943,0.02087024572838573
0.0995915197106253,0.0720321905885316
0.07184380501264204,0.021284290283383536
0.0773770600778138,0.04489055981384204
0.06985431161134728,0.022592918948917927
0.06866888338243105,0.024500945542955385
0.07781515302395285,0.04042685961330702
0.07387242793630798,0.035687872635349935
0.08116289296462956,0.03900268860191456
0.06810965241680125,0.030375132965181243
0.05556574000023524,0.039433748957459616
0.08435511923300146,0.04123848919325345
0.07150709670413734,0.019782380576026253
0.07591761375028074,0.03829174323366207
0.0884572968263476,0.035586824671119704
0.07329022374392705,0.02838835803734741
0.07984348717353261,0.02932379769105892
0.06346553583990289,0.02820382335500249
0.08800514330661022,0.050807560659479
0.07916593064843946,0.03025690949044911
0.07204566639919478,0.032040881623055364
0.07668116277549425,0.0209693781024372
0.06527191288831447,0.02951242434911392
0.05759582157157324,0.025187951026734812
0.05735082075726549,0.03405294392840169
0.0692260932131529,0.03619404434719458
0.05393174374150504,0.017894609522812528
0.08400968086738589,0.0325929466376875
0.09724369487278298,0.04204979710978324
0.09245800266580075,0.03974739829463029
0.06567532640505241,0.02858527415162754
0.07741402481803132,0.036226970806009416
0.07814794380419639,0.024956577719807412
0.06798121162288322,0.019368668183778203
0.05719798600579598,0.027809450725377802
0.08535263381496405,0.043010401494390414
0.050392352896215624,0.050726082006157705
0.1544638109422032,0.12573382910008463
0.08892251568025175,0.035601357520490096
0.07186834425331123,0.03127438034658291
0.07218412771481536,0.02937346330361739
0.09415096210836625,0.03572451229438196
0.07646272153779604,0.029947663875234586
0.07124622513382267,0.030488786499209115
0.08411372652242144,0.03537637769749116
0.07838552822229646,0.031151142941306643
0.0783095058510812,0.030633500524436613
0.08609265213795872,0.027712804041283783
0.05969590720172945,0.04297219773107543
0.08792583046022046,0.056316966592130036
0.06587768048046098,0.020677436085813496
0.05447168074978154,0.02752291244296102
0.06630074374989572,0.048928649488658854
0.07377498797331089,0.03497661178481684
0.06300255696728277,0.028126420404124348
0.076758295465001,0.028021387377237153
0.07641006974065642,0.031757778624514364
0.12513800034155706,0.11058371081549999
0.07518758881572311,0.04296991163742514
0.07436645753589578,0.023901979982205647
0.13887536120036167,0.09579826423461303
0.06860217280947294,0.021949131408442728
0.0711878469283691,0.018756089943429328
0.07206044908828166,0.02235439062876218
0.08009613153142928,0.04639913686738979
0.09023633507008988,0.03467588987536312
0.050773309076564674,0.027137115377944974
0.06876197475881254,0.0271791359480602
0.07275173881232126,0.031666565367008945
0.06816286567522181,0.020377665092670104
0.05689637473376716,0.034294749998967755
0.07038954496885678,0.011745871224785315
0.06654687264553448,0.01687363548645533
0.0701238004851618,0.02562035321349115
0.06513047739612092,0.01577118924145476
0.05721149037164669,0.02417350609072184
0.06550312362373704,0.016691119515766916
0.06556350543085586,0.0141144189926876
0.07736673231733743,0.030012653254656078
0.059156081786268126,0.03236999722351062
0.06842712287278949,0.02462675683073321
0.06962295827759979,0.026839362452654
0.0677650171360499,0.015202472212470694
0.08594526935912188,0.03680143183889524
0.07544140475392566,0.021856616095954375
0.06603532418970197,0.02253343826895244
0.07021708870149583,0.02158669332290624
0.06673681281717811,0.02449104647878922
0.07782496319421721,0.0347203267538569
0.06577058257952263,0.015748114569421216
0.07012968414213641,0.02779977930300646
0.06706586245798359,0.011856741577653325
0.07071609652276029,0.035138127683033385
0.06939197271967032,0.029188435142465625
0.05880655720669497,0.02693555814825647
0.07329448210247595,0.021385675159383274
0.05908646365490326,0.012197078286026602
0.06393725541772911,0.018892923849205958
0.07495551452364786,0.023672366426221024
0.0823018719584076,0.026916452318918944
0.07582941434473615,0.026199892021727712
0.06491300470312267,0.005339485394553315
0.06200548266610729,0.03652900880451989
0.06789305062020196,0.03022588204712722
0.07217848086545947,0.015583403710348418
0.057714593976141086,0.023845920279183943
0.0614978042558721,0.01974044519860178
0.07330214071160415,0.01511643733410392
0.071566375011329,0.028831147944546685
0.061610541195551455,0.021102454677587222
0.06158915010664672,0.02617975389222404
0.06218844341948665,0.021126059799619536
0.06496681606278414,0.03700657669908789
0.07374004838262467,0.019402382606649744
0.07556563477287918,0.02214436021231797
0.07421214693155001,0.01776213460910552
0.062386755781636244,0.026316751773863948
0.06618298541214994,0.0393032369341994
0.07505061615498075,0.02008883251740137
0.06383705008564276,0.016518632231928877
0.07002215055789285,0.0199734257505847
0.06447365178197584,0.016817247638289748
0.06798423167879027,0.02748297825980696
0.06745505674574002,0.009862125959407898
0.06651925836939128,0.015969272875698052
0.07029757399304358,0.014344773162822911
0.05920476266536517,0.021751722066604678
0.062314770731237805,0.012563204541543234
0.06264364895201813,0.019198544198894732
0.05951715709674012,0.017003699411332437
0.06977581138706775,0.02319530482688439
0.06847375928504215,0.03270563217225326
0.06856071550928705,0.014327851809932629
0.0742799587215776,0.020942598024944203
0.0753732840705506,0.025352633468250743
0.07883589084354978,0.029762738706377266
0.06497899880795924,0.025390272546068342
0.07316315142638136,0.027301755473058853
0.06325007077256335,0.024156940206778096
0.07296814072898011,0.035827569140402506
0.07161614498164266,0.04529014988442817
0.18301342625377431,0.15348825672123811
0.0675205623034145,0.01960496025579603
0.06946661562771786,0.019906293824773564
0.06808449023536058,0.029598928512978653
0.06604962401333113,0.023124954624550775
0.07613242964018346,0.02421260522037672
0.06471557376796476,0.012139477035109624
0.07330379700601106,0.033749440457991275
0.06033273980072475,0.014860408731272475
0.0804645590900153,0.07073469611327238
0.07511424208549107,0.038972121757992285
0.06618982362615594,0.03772374789370716
0.0831368109809929,0.03500561567812357
0.07442423309148387,0.015747434626893902
0.09139150632599947,0.04343758953311832
0.07501719398572945,0.031469686624200036
0.07397794525904171,0.0672316067882718
0.06803164048949271,0.04254925993980208
0.08502070261866451,0.026789182884766963
0.08689279732107962,0.04215240567533527
0.06508714159498744,0.020783937728127814
0.06830814139934796,0.021597322797167903
0.06731019211975096,0.010236139021701028
0.06940597011781623,0.03511260500811745
0.06615993445719563,0.013789626518926337
0.06807892422562346,0.020906759832063148
0.09060697193143635,0.03704772716461196
0.08654361055463368,0.040283974038850215
0.06531803695200147,0.03624289527041525
0.08283852718931034,0.04047084698634005
0.05217828919454676,0.027274963652614875
0.07812667628104,0.028269253959568738
0.07185335798364727,0.02629391945336608
0.07530189810912287,0.019788432647649876
0.06969077106638737,0.03196949975496891
0.05850258451059032,0.01814413020398455
0.09901648700234997,0.05368552798696728
0.08075540040894826,0.027612985310410565
0.06797984006959858,0.014141930167061665
0.07093698596265005,0.01909322286182368
0.06828392035377316,0.016264120600058152
0.07900769459580344,0.03374373195178745
0.07073639842154826,0.010613580558249935
0.07038130262372382,0.020080749736729055
0.07194118674954761,0.028266784274111324
0.059756352915720005,0.029710767436810188
0.0775020752083701,0.02038700983913091
0.060606176316550596,0.038423895704547295
0.07216150590453436,0.01702542262834346
0.0718442464415614,0.020326145546234946
0.07268027426108946,0.015023477266169202
0.07804974711535347,0.018403287690292567
0.07578016738899683,0.021877077293971772
0.08131883860869496,0.023671663504220578
0.06964803508246818,0.00996846651999138
0.06682275736370989,0.014013708470459001
0.07145994424648863,0.017311055746455084
0.06052187256151304,0.025523360689813233
0.1962684118084392,0.18390293024976037
0.06051262765366783,0.028935971720004144
0.05730511594063587,0.025053846335639705
0.05907560401271983,0.023146622778989625
0.06861175049259659,0.013080136181388605
0.07567090700773552,0.02465527478664182
0.07719008619859748,0.02655889832504911
0.08174368765876953,0.028760647652185722
0.06814190878403732,0.01588448139953546
0.079265036706236,0.02258768832652622
0.05571548237277534,0.024768578572032695
0.0642411280311415,0.025811718191050426
0.06841441513489063,0.012173113262733395
0.05226934256516053,0.02285722494689958
0.07701553919772375,0.018306208053687607
0.06734038386434972,0.01452351498775964
0.0665556123951883,0.020310335579403833
0.05697411044714101,0.022526242727318332
0.09365226916657932,0.051098658455226896
0.06043790899892843,0.008948739027483813
0.06716292527826787,0.011346761797526247
0.06764076268330699,0.021775339507841617
0.056301687455047864,0.02212074234170377
0.06962154357708204,0.026696648097224805
0.08857628764636763,0.028454699968561065
0.07173604384324735,0.013136565341926584
0.07665539819992678,0.017433386056936586
0.06447913740012914,0.016595991204782085
0.0761608496135684,0.02276481563869326
0.06637188646963268,0.016132572003197922
0.07503767467261771,0.022294921968356078
0.07311649763436494,0.02011571553548156
0.08136949757569754,0.03628085768667616
0.06332015584097178,0.025335657254881263
0.07286499784002037,0.017543805766517526
0.07338441980151608,0.021804687179991948
0.059811793338543195,0.01864530186439776
0.07010928812709064,0.01618688479140283
0.05718480400773105,0.03217656633819683
0.07696342987953682,0.05569743613891352
0.059649915576923306,0.012983563100560529
0.07641741244035333,0.017372140357064275
0.08598652059275132,0.03238653448704417
0.07114537304390152,0.011536661785153496
0.06346379141153285,0.024938908179030623
0.0705438225745268,0.00924561883441488
0.07391945690675708,0.017992137351756886
0.07441745243535842,0.012188251201885512
0.0629091350353646,0.019015777630276808
0.08224855363176847,0.028358220270055197
0.08309006129542092,0.038535871890747024
0.0669519046863259,0.01133885090493768
0.08138357548060092,0.03431683322428161
0.06919490174155499,0.021875160394760073
0.07388049873225415,0.024131877877317215
0.06949629842970316,0.013856792332954317
0.06611102297153569,0.03294554526096679
0.07046553567391493,0.016805359535504823
0.0546901689140918,0.030246113748373077
0.0616980142755071,0.025123088731510194
0.0667347288242131,0.036785969749315924
0.07880940863552267,0.04330924000232273
0.09079379259322504,0.03046115553309322
0.08167183483031475,0.03803219646662536
0.07595423731037274,0.019699413715953983
0.07340892669240912,0.04031584290074879
0.07679325869451074,0.051560002728634716
0.07223736387932543,0.026370542503272146
0.06101355585215342,0.024395643569084684
0.0692868836951705,0.02363814012461591
0.0828493830545306,0.05128165875967291
0.062480410064127884,0.016214206288607553
0.06841694174372083,0.020126232158243287
0.06502637265455974,0.02540743404815834
0.07967046753598724,0.023905898383677602
0.06764222139235164,0.019724119608699745
0.06345456331720528,0.024473361219205812
0.06586753123883124,0.01990881542392075
0.06534303585242492,0.03129058854356613
0.0677085310828989,0.020533748211588494
0.0602129661740281,0.015011427538141222
0.059723256261389086,0.022153397460508182
0.07149199891225,0.027553699110220688
0.0746161112175372,0.025963870698388
0.08510608083387057,0.03875623939854985
0.0769939516535689,0.03266214559239713
0.07755375063317484,0.023480295208875845
0.0701808271374883,0.05119683034843158
0.06461950574268191,0.019652383880947893
0.06429926869347312,0.0068774108922758075
0.056749698407827315,0.02137784841817327
0.08592436411159375,0.02912868206040368
0.057568333123487546,0.02676639872181034
0.06947563485355034,0.010713918659438508
0.07989197937964672,0.02193932907465305
0.06550438104456945,0.028314105093580788
0.06773224801953703,0.018470800539405446
0.05377936155620667,0.020636442578971688
0.07807662464243703,0.02854519573791267
0.07194255057291554,0.017942264161854037
0.08063899167487948,0.03584560444111157
0.07621812829873617,0.019989483358868767
0.0721066088235659,0.022722448164614863
0.08112889722850537,0.03813153029627017
0.07245381198642921,0.02310183982236087
0.06839628793327113,0.042414707526693116
0.13910361795530907,0.0981281744619152
0.057866369601877334,0.016200786745972712
0.06591014245753067,0.04200110967076874
0.06900310747244916,0.0276356307626306
0.06051633084808869,0.01772388662913029
0.06524121356787527,0.008935943213379012
0.07055608408680401,0.025096211105902093
0.10823734725417879,0.05059076069750579
0.06386238455430644,0.035651596018605174
0.05980170752408518,0.016125977701815623
0.07264164179998024,0.030855319403413555
0.06060352923210026,0.01420356521992849
0.07070424289699938,0.02849523306123677
0.06896807200824577,0.019856801412563033
0.0766149718526062,0.01841416269052925
0.06807006847687007,0.0076822769290360235
0.07239481049770129,0.028483725978566937
0.06977504394582938,0.024086980128453117
0.08113347978880153,0.023131302989815545
0.06178103836661837,0.011883364519419279
0.0867879779425622,0.029878508015718907
0.07655056906469059,0.023158191573357474
0.07371890244675927,0.017514375078265264
0.06878246491833005,0.016541515537000596
0.06634410369642789,0.017821687674365812
0.06216826540027403,0.021693741489668763
0.06855437762633525,0.030026692814236734
0.06709624674475113,0.023107741538451184
0.0676099501323573,0.02012483485889989
0.07627795435849634,0.020739797069558447
0.13782050403764992,0.08485248049196494
0.06619671041413573,0.03442283481347761
0.08380397467781896,0.03193911623706708
0.05299202661908335,0.0245982103698426
0.058633815341346436,0.023432696398924906
0.11830139408910179,0.0911491513653095
0.07891268536824263,0.02551074898668233
0.06557327983998401,0.016566292545221867
0.08925057520527917,0.11547967440884602
0.06306224833953562,0.020278625617928252
0.07665362513936183,0.03828628983635683
0.0730284597210136,0.01631725215034905
0.06337626458462677,0.03278389624882464
0.07793922412076185,0.01810534526401458
0.061820307866532795,0.030266926065216852
0.09011055447730731,0.030059188458134795
0.07585169618600401,0.04960890200059954
0.061814854722867435,0.017886816903853967
0.07879383986215756,0.038582424158834276
0.08075394562934925,0.030255893564406427
0.09682227294127126,0.04315058132145627
0.07050528953755282,0.031960540847267356
0.0735343514867836,0.024556453869158074
0.07568365347675447,0.031600302429340636
0.05951501687528522,0.016917480966918214
0.09073604896963404,0.04599182978392939
0.07809844986783471,0.023272729252561245
0.06301466175931413,0.039538774343211035
0.0678189560030159,0.04652783302829332
0.070461558111417,0.04510790507659672
0.054192202700511435,0.03011373256335592
0.07890066693526024,0.03128729599597863
0.06709675365912891,0.028673272728969298
0.12145984604357822,0.0842688818683125
0.08695434843620646,0.04440141379852543
0.06826085625563036,0.05596891236095504
0.08231355180665795,0.03554034833198608
0.07373250793663542,0.04095703158282927
0.0811014948602096,0.037757875152993746
0.0861261988305837,0.042998893094436386
0.07867224430256321,0.03765144584535379
0.08215899370440631,0.02881538450537948
0.06945812857571727,0.0323445609341712
0.13189466597391653,0.1024400596434708
0.05521526244298875,0.04644638146343884
0.09635210129890372,0.03786598676513186
0.0680921636735377,0.022651780909100656
0.07178025354898399,0.020434079451316187
0.1040290573731133,0.06328051971556017
0.0820281995253839,0.031277184319299836
0.06841194545317984,0.024535005234717536
0.057106754266195894,0.02788344580352911
0.06994644107177253,0.013671555129526416
0.07102517186702843,0.02020500843235347
0.06622126169282117,0.029407819603279203
0.06526922239738953,0.01764040669119518
0.0735016713200308,0.026493350792188904
0.08269085234138157,0.031255572772886285
0.05128154976266494,0.018730766595855056
0.07087712592854906,0.02346954637237572
0.0630509349683982,0.013990773327030562
0.05890178304395572,0.02097388995859822
0.0869303473660726,0.038299293619277835
0.058924522503436425,0.02838368052404182
0.08871227882136547,0.03265143496914669
0.047724850067358646,0.03918049400884692
0.07906727094960335,0.03038140195282031
0.0734935331765704,0.02919662360542644
0.07707088387083404,0.021165902933146484
0.08004908385084367,0.04729118838200774
0.07148913935566205,0.030707392526212515
0.08418919571421744,0.03669189843713604
0.08770714905882089,0.0441559232453017
0.060288675465970124,0.027072271087570376
0.08317303835244644,0.026171626266894833
0.062200601799416916,0.033199533412264295
0.10123513370358558,0.0893509202477873
0.07945753348894997,0.035292715862348153
0.07001402430209548,0.03602432215922778
0.08778925117011893,0.0413755597329114
0.0703491621287563,0.01201663372896519
0.0685676042897095,0.032155546786547556
0.06376005416669919,0.015366622541467433
0.07353478878761903,0.03493047165378222
0.09023228232251011,0.03866770101828938
0.0665315652374171,0.02854952633876917
0.06826419495854058,0.03305630234251095
0.07494967293454179,0.038472234594268316
0.06184727529364171,0.026122402644490245
0.08806464687378461,0.04405067801309392
0.06956331272163986,0.026286013623751138
0.09809308207806766,0.0648741274785794
0.06370673614099702,0.021462117299477498
0.08152555452092718,0.038114348263370075
0.07658927015361336,0.03585917963827083
0.07312627112262457,0.0377914242784709
0.08429967163321408,0.033760435954489
0.07342633834923085,0.026411452107667883
0.07003018489645127,0.025884789653261055
0.07838516203219835,0.033129450936918506
0.11121426740583766,0.059859274921072
0.08324979282892882,0.05571396761858644
0.07956615062878594,0.028557029018965306
0.08894251577141947,0.05802966646532352
0.052235057166153204,0.045731581278516134
0.06559758962069494,0.035076928774971365
0.07593553107399885,0.02120646014672293
0.07187308173706934,0.0292294426564934
0.05411974050936547,0.029291173850273574
0.08681030533905068,0.032783307689921354
0.07381787357415737,0.033810182243469634
0.0973154861358921,0.04827965050427686
0.10014676151957931,0.04977579844815964
0.06459974338552568,0.0208487033190269
0.05977297396049955,0.035443055466540765
0.06967890383081564,0.026493857910918364
0.08279073308699604,0.046623916198130146
0.060374354994813466,0.03496445074256503
0.06907144430063959,0.020687098334018772
0.0691053277086045,0.016544753135171925
0.08388191765364042,0.03776515071378514
0.06860282596488917,0.043473917779587784
0.06311120910373022,0.02627683227979177
0.06157133384084368,0.025125844031614553
0.07435061099801729,0.030335474158781225
0.06593167858986722,0.0428468212969914
0.07209398854081436,0.026104979630765992
0.08660073033139915,0.03330962535263441
0.058532376159911394,0.03139382103156723
0.07621631500107001,0.038147300632118464
0.07737750976713913,0.023151179880128936
0.07054864830734613,0.021708051627906802
0.07631142655099551,0.039586621517409895
0.06796691750039673,0.03580482297979581
0.08174172290735687,0.024579800177200187
0.06989625841500018,0.028482789758905603
0.07269526882656269,0.0340184484782222
0.08220086010140604,0.03150385023481876
0.03211570710518039,0.04499393729244003
0.08941606338047058,0.08853249991701227
0.07711713893451824,0.031070332393816638
0.06533641265958427,0.02766902179058868
0.07629505338355147,0.029654602396673713
0.09519506453005722,0.044145286107305816
0.07673070013138421,0.04254979096132549
0.09267626854923881,0.05034454986712362
0.08378557409813697,0.02715246691236809
0.0779101934557754,0.025777784726581255
0.08108129953657317,0.0488469760986146
0.07124940306719875,0.018376486067507365
0.08300045337047911,0.041637074469274
0.07674736784379399,0.0493014875538416
0.048556382574973876,0.02660239757902237
0.037895051492852744,0.036520920063967434
0.08323620495547884,0.04108650426477672
0.0804587911072483,0.04209221544182019
0.09910957156257691,0.055095753451440535
0.07142195573167298,0.015231953627340212
0.0762914139737266,0.03775574087680946
0.07543330383108411,0.030328326408412796
0.062130732054000395,0.0349022823508603
0.0858301940366257,0.030790124040441968
0.07349062494752004,0.03126586477751428
0.09379651784818771,0.053402597664569174
0.06733130441166053,0.02217205173593511
0.06508657957432876,0.028833008306561127
0.07442443930950095,0.03301283905256629
0.08157172574799766,0.049112646707766175
0.0799980247830862,0.03763512699403984
0.08291120198916939,0.03468145112431604
0.0689244345554467,0.02019075927652747
0.05147053930878497,0.024879444950388522
0.09875117767863759,0.11999245423838063
0.07286304029072731,0.02710358895126159
0.0890025540185077,0.027860362394960626
0.10620725583884971,0.0802468310599082
0.09608838195411709,0.048083140278839
0.07768287842498364,0.04215684212186044
0.0689338290649524,0.02050900826809038
0.08120083646244244,0.04766580093838496
0.08194945637518858,0.04338294897616071
0.06957090852937724,0.028146164573225926
0.07213618199828137,0.022635807048688263
0.06349031165705717,0.022888172673751206
0.5509545162319677,0.5082986746572216
0.054047451954695014,0.053556225508277745
0.07366859076018484,0.03165977771707705
0.07215578407854656,0.022374049142318338
0.08043567183870874,0.023743144800587743
0.06896009919342275,0.05319787772014775
0.06368940914391706,0.021609288952935932
0.08852585983374917,0.041558134329693484
0.09394575967185456,0.04001813102987477
0.11197220509719827,0.06484761831435669
0.04665650844745966,0.038815327510000955
0.08896652604501318,0.03623082015496394
0.0631486426738673,0.023243085436807073
0.10486970055586894,0.0807985696368924
0.08125542895316083,0.03120689822901055
0.08864138876436585,0.03788776676436817
0.07090878422725345,0.02591471102678742
0.07368077355155918,0.03428203650914975
0.07082238979226144,0.02107736067794739
0.06969297778317216,0.023663410063218884
0.07380423108481862,0.027171785430216408
0.0969389771063129,0.06188627244096159
0.0611328703066908,0.024060461010446718
0.0660689688265094,0.046517217875759805
0.06597952464682784,0.019165254659183954
0.07766784004308416,0.048045388047476094
0.07806607631224473,0.02145495595469704
0.06906483912032446,0.06616420102285524
0.07069572317184886,0.028200531781436847
0.0990476697137967,0.04624061888619542
0.06637912457035551,0.02513194891192558
0.08361656275394218,0.06426051542184531
0.07507001838266511,0.023823685972051624
0.058480224162703966,0.03229038410722544
0.06668642275610609,0.019683132534745483
0.05590599455599265,0.0418996547219664
0.06412543993999936,0.027736894172351444
0.06286569846644763,0.029460151697030746
0.07840286321640122,0.036370175958317735
0.06127113866938503,0.023414800961069522
0.08252120164530834,0.025314299808477606
0.047215493901182445,0.04772934353798391
0.07078178080955035,0.02862764755473786
0.08691433739322055,0.03207480673039811
0.07930075518403906,0.025937249804568387
0.11818423019055498,0.12015015800373068
0.06720457311706976,0.02814727471210874
0.06985601028412818,0.015670084488550905
0.07737411841868294,0.021165705791410406
0.07006239251727164,0.02013336994830533
0.07261502825009523,0.025100270708506255
0.06509813008228676,0.025835457260515778
0.08011643177462377,0.030365399053781914
0.07708988620659064,0.033376368451258874
0.08252410710360088,0.03254336458690728
0.0821767761782502,0.030506316440249395
0.18941644234556432,0.14163455036910677
0.07859816454501012,0.02720366814958552
0.07828049147146612,0.019351461467070712
0.06262615458986012,0.04429796205691595
0.047318978622690425,0.026198528267209097
0.08291242657209326,0.0356123698158088
0.07095200821665364,0.01433111352140532
0.08203104546924186,0.045575683442113525
0.08038920428261015,0.03616263950669182
0.059684525559572474,0.016217579038432225
0.06472538085328379,0.021938027867790397
0.07288654977001653,0.03134202196551859
0.0895409210932559,0.041683056822710556
0.06588987124348886,0.01957384612473948
0.07417047219094716,0.03147430438801225
0.0649715533855854,0.04027824829377996
0.07486208540485902,0.041713505065116466
0.08444504975268896,0.0470325921755072
0.0850338326239776,0.030210443424282446
0.07356843241604641,0.020237854840143024
0.06378802164983138,0.032306380559941214
0.0833583959032754,0.03946352379270452
0.07553371682719852,0.02540054198124762
0.0789355941248925,0.021124346282587306
0.07617832907332607,0.025774815273329702
0.09432074441561485,0.04717977946485116
0.09898422488363444,0.0466616336084195
0.06828250278425166,0.037656939002692916
0.060533364306867,0.022520534011352244
0.12488361897076464,0.06715108450769444
0.08515651757428044,0.035121081443345484
0.10284156171836951,0.047818949394179404
0.0752830371900145,0.026769137423507384
0.07381383027803519,0.038684658146707386
0.07903672117764612,0.04222228843415682
0.06650446363246429,0.029549801758572046
0.08997736609111115,0.0424034745763975
0.07755535912475324,0.04093218498632598
0.07438196479986085,0.036291695286024
0.07670554756274094,0.03600493251863193
0.060664168437198004,0.0220019892162092
0.06916651071402678,0.0203367430295455
0.07015339613191639,0.0877534696329302
0.06950277616750253,0.03343654828916216
0.06413289515666717,0.03166262162513502
0.09195498899226386,0.043917065096535327
0.08387541017356678,0.036090645909921115
0.07118819961660713,0.023171551981061085
0.08450180706150129,0.03589402258100797
0.07732827647252531,0.018711607361064867
0.06365290481452313,0.04235995025718449
0.07429028276974083,0.03355935547755381
0.1017051952492814,0.05364996846697158
0.07353684025428484,0.03127191929704076
0.0587778941945172,0.032405868520923004
0.06791862976586592,0.03713071256380095
0.07467410707514371,0.03255812058156846
0.076892224995965,0.032643707070753626
0.0581468945370783,0.028503953182457308
0.058124806128285585,0.014372201864150154
0.08453992164886022,0.035174255816752
0.0774418020951935,0.03175927374224657
0.08900502494333813,0.03472030295175512
0.07221497544212326,0.03562525945653699
0.07257403964275097,0.032915791041582876
0.06294042517477046,0.05078203994707818
0.07418329999855781,0.02296702145235128
0.0794586339588346,0.02599306207246503
0.09904416770325938,0.03957299956693304
0.07303863241186137,0.031305347760465084
0.09777897067160506,0.044456215331400664
0.0683966157127413,0.020214254998931477
0.07856746139533198,0.026927936493987028
0.06909776916736733,0.016080443479522002
0.06719115507680257,0.022248569569656103
0.06368723525393401,0.03352382069193235
0.06303487164680567,0.037183304247382365
0.06693476260655576,0.026479758208073523
0.08213865170901306,0.02690098469694225
0.07012287792242576,0.03918902956107167
0.07828323670401374,0.03562074489172044
0.07552498277778687,0.033546848093836665
0.07127775683226548,0.035568954991171284
0.06623673477746847,0.024023512225214916
0.09303494332312627,0.0535504149780628
0.07533250172126753,0.032712372075224386
0.06966758636476199,0.02434168364170554
0.07246295097131436,0.017744789689264934
0.07828285632133163,0.04037231323604266
0.07454732433233709,0.024116572704322933
0.05504255378705128,0.04842692673299023
0.08812536033491637,0.03272796773598794
0.07526634404495347,0.028028340881903667
0.07070303091859549,0.023870949828456323
0.07744486403638966,0.025884212229080366
0.07263966741753192,0.023795873735282812
0.06831772399592527,0.02429934043249932
0.08444428314446069,0.0453863268842835
0.05895506287367483,0.054712129535785324
0.08854425390742605,0.043490458145798876
0.08022865411099091,0.035998389391395456
0.0954259389424503,0.07126151367782897
0.07985971941914667,0.03772499988573368
0.09864004105329552,0.05113224960777337
0.07924126023636989,0.059312123265815524
0.09111147729884446,0.036767563469328655
0.07238797746551734,0.030476734450961624
0.08295319997202616,0.038395527614072306
0.0870892741924538,0.03723492462121628
0.05976453177498947,0.04504894328543825
0.07417124744199557,0.029630352869878186
0.07040746042710568,0.035186294860791355
0.09267122391683359,0.046917848181400636
0.08332322771432892,0.039747640514518956
0.06118191890434972,0.04830989634007558
0.09450122267267018,0.038687813448595725
0.0799142381463061,0.04635290126968128
0.07667015847663584,0.043024568199422276
0.06868788830865624,0.04060359840093188
0.07293456945699048,0.042083461799926926
0.05446619580235162,0.03716355891024523
0.055928966647651,0.0374856995939384
0.07858519936425826,0.036276812687306204
0.07660432098465644,0.053987726370239346
0.08827918074399466,0.04332140835819175
0.06452488259467981,0.03736358958115207
0.06462299857349452,0.01783761388955841
0.049619349061459435,0.0354906140448739
0.07662437571350285,0.036483260261560416
0.07002824535846883,0.028538621267391876
0.0799415989416783,0.03474634339795976
0.0766798168461392,0.03344042345713922
0.08242843509591892,0.02815267575679931
0.06800704728912031,0.023121641933037913
0.08291694092447086,0.043002496228038825
0.06269085377355864,0.03400330662439336
0.06435578495600427,0.03899893855708751
0.07643763666179558,0.03067778057998111
0.044384159384736555,0.04991557009364875
0.07109450103033317,0.027487533076445397
0.029927933484538254,0.06706344440782609
0.0998937445655131,0.0504509116396876
0.08012065306462142,0.04157990545060715
0.10335917027020795,0.09212319342232331
0.08175633220867548,0.051427062108557936
0.07312272542625141,0.05407773192340051
0.07003227034433454,0.03635069593018703
0.09244024035609097,0.05069408388681989
0.07638692019026186,0.020394651738280742
0.08275684900032132,0.028551451391818965
0.0672109213020318,0.02776780303845464
0.07768096781270402,0.03188750140968303
0.07590923597136903,0.027073113950657042
0.07571227667928072,0.029812423188060218
0.0689014816602756,0.016701729678377887
0.07296088566795238,0.01728629580211842
0.0745628725400327,0.02148885683974427
0.0870063306517709,0.034763830778578184
0.0727090002157596,0.026296384145352302
0.0733466303552578,0.04348916727906566
0.07035458507127684,0.01817290057893908
0.08271919262523894,0.06551863708172186
0.0774254110034476,0.042155455114310465
0.07886379526170974,0.03697064529842532
0.07226369279928001,0.021755826603211636
0.060631946479195224,0.030509936122080594
0.08510909274912701,0.05211730235889276
0.09178524953263303,0.04528252635153631
0.08852711146667021,0.04233812159688981
0.06568822108392089,0.024756181496960745
0.09402145089304728,0.048927467015208385
0.08756941032671679,0.03847778728289942
0.13639383734187846,0.10315388093010922
0.0872218813765165,0.057877889977473375
0.08382861855001207,0.05480597153604391
0.10185728275758837,0.07127501996401552
0.05533211551369956,0.024193966910251087
0.0625478350341448,0.03438412084681707
0.06724932091318421,0.02872619734184484
0.09637871164621918,0.04563847120062603
0.07807900628631805,0.0498383577239191
0.07563134544411165,0.026135363221043123
0.062390976230993725,0.03767014254677527
0.0788639535472121,0.043356003593048684
0.08850676166198793,0.03586369765862928
0.07279425460796797,0.033549233328560364
0.11809379835640285,0.06298879134072322
0.0771110602639851,0.028819595500958063
0.07967472510504023,0.033172831833079466
0.07393657470743573,0.04661909618220708
0.07093611504911951,0.03273234621624671
0.09365965608235319,0.04799944463692212
0.08275741341119054,0.06115572826924519
0.08262068153418545,0.048369180886895034
0.08248540000493394,0.043861249387524434
0.07563285232506495,0.03452496616589087
0.07257247867227742,0.03282611470425205
0.06939477001751714,0.024241290323719602
0.07488660315206498,0.03868393424776951
0.10354884721062606,0.06436543643059132
0.17001286189267045,0.17465594854284658
0.06591854450232852,0.047052638878903395
0.07733384055786621,0.02826565806452053
0.0705653867488214,0.03625190588497386
0.0759099127185011,0.020164761788965892
0.08064952318451875,0.021055927436196494
0.08595279537267786,0.04218752612141089
0.07625735573886087,0.03849703283367711
0.04923887934069124,0.03821631996711608
0.06368269455868347,0.02100964251302281
0.07846763494143305,0.03788758214134299
0.06496555697602321,0.028846810997122108
0.072707711503997,0.033253109216135716
0.0710661515231019,0.01985577378524731
0.07288114322036901,0.019738529415781247
0.06515494720225315,0.03487207519051553
0.06588547494110945,0.03261068748377365
0.08791128648373173,0.05298573089819319
0.07520632762100386,0.0299785400412818
0.07320852330287116,0.028388587045473097
0.08644481317839861,0.03506802392588392
0.07495042917537305,0.016515191619193622
0.07138419459895959,0.02238580871723335
0.08387411054223105,0.048095098525885754
0.07332737159258645,0.04090070457307718
0.06639934644985301,0.05369995994752823
0.07051206239362005,0.036268914350765846
0.0674275263377286,0.011538882305191983
0.07477856295359246,0.030487145560864834
0.08163810006157582,0.03833428250012798
0.0629843700784234,0.027945193374011527
0.07237927928342419,0.0173380366494955
0.06730048262300944,0.00979219065755442
0.06695860368748373,0.025132089280966902
0.08034688059964043,0.025954438006565963
0.0706010030921292,0.015836179146098146
0.0636955697651319,0.025569083049573327
0.11659456836607661,0.08073566475896984
0.07541035260993516,0.023229535493895087
0.07899541575318181,0.02755769337192872
0.07937062443359492,0.034912454692148
0.08003987795207296,0.027986325476372538
0.09135744633631589,0.04138003631228719
0.08624032427241847,0.03481753274638955
0.08519545634226812,0.04457548571534822
0.07112179963239464,0.025952773773234794
0.07153683331423275,0.027011223778660887
0.064982370479143,0.02859768381557492
0.06841448996998453,0.01579117776388027
0.08105984918737046,0.03172759203756762
0.07499802091824588,0.0230635969903494
0.08646500427522436,0.05955438372653778
0.06359015856143554,0.021207505659454392
0.07933520073780896,0.02950296590293733
0.07100435454931962,0.018491712997328602
0.07766703274292681,0.03639772084466635
0.068203177659142,0.02678610424495554
0.06981644950486889,0.05608670825797927
0.0856692623391488,0.023731098080845427
0.07985460049461099,0.039452619771253104
0.07268437586116508,0.02797600008131628
0.07379915229306423,0.028742869083485424
0.09921365007914394,0.04454040660190497
0.0876769562240132,0.039908020644364675
0.07628469332668926,0.024568161402568303
0.08127328480988644,0.045372454818286806
0.04505916537030362,0.03129529285885931
0.09120906382000708,0.04422257379945398
0.14116265937205802,0.10726821812725379
0.05754486733335936,0.024401091866808524
0.07546887899616928,0.030148283613030978
0.05328410251408976,0.03145491489087286
0.07820116274903043,0.02664676168431043
0.08140017055040692,0.025161405246204437
0.061098641598092564,0.02504611196741253
0.06923970378270437,0.03560696439211737
0.07613251584359017,0.033684165980015245
0.07792327345588046,0.027885039447667417
0.055216370292726726,0.01739247260150138
0.07420950643209419,0.01986888682800493
0.06852177857883592,0.03153928534662624
0.08325511244646315,0.035910951707505
0.08401699739206478,0.050979869132333475
0.06551901609267557,0.02623722681646876
0.07349631948508549,0.02623506433039648
0.07267163982394018,0.020550655168933785
0.06902281141403287,0.029502997936721936
0.06886509786456986,0.03252592220888471
0.08681855556122327,0.037012703738421505
0.0754900284569719,0.027589419313656684
0.0643271082106482,0.02124389870889084
0.07368638217954594,0.029881462930787816
0.08315396166577696,0.04004513651403518
0.06380176441377974,0.051805264865370806
0.06723857643617678,0.019838065022831943
0.07177351989162427,0.018438518309046213
0.07021162046083987,0.018206624710531246
0.08199135510596399,0.06177300145370313
0.06824788807276308,0.029174666802951308
0.11438623818386616,0.11787854281818871
0.06616736301758053,0.09547493370250665
0.05833060024573744,0.01844895745822348
0.08696958348678549,0.04131575869881361
0.09233714615133658,0.03601780162237055
0.05735721434410064,0.02026708072308079
0.059599847098373314,0.017506616057430063
0.06213800483496038,0.03438345899633481
0.06465385944922214,0.021501287541024247
0.08129939783458758,0.03210408201527794
0.06371001372436097,0.02436196802633587
0.06542592037724453,0.029995343046116917
0.08263819370376504,0.025777623926535178
0.06978737023836264,0.0200972104078694
0.049190004664991065,0.03043677400959994
0.06152178639204429,0.02791847170037049
0.08254912303422023,0.026005283922611765
0.06869634562410876,0.028229956522382978
0.0781660894096293,0.026708711641755718
0.07348016065743794,0.03133125835506798
0.05316167780354334,0.035101884909475536
0.05028014172749828,0.03727364497647615
0.0908521570686591,0.048680436731155505
0.08395188448926273,0.04573861795775355
0.08299890735514999,0.02581330549129961
0.08615674416938403,0.03414439591122538
0.07541883489779995,0.032895781109646485
0.08006101258544172,0.03345339901595668
0.0820232464487439,0.03265113763422872
0.07138639982562851,0.0377061673722772
0.05536097012022528,0.02588685593029475
0.047772769614791856,0.028073189664475095
0.12796230348266274,0.1191796465058667
0.08498382726915141,0.03235497879264527
0.0798340310312434,0.027249314916897072
0.06090407586818772,0.019306731636234364
0.06996842403509004,0.03204713103731625
0.0714777986036026,0.025292620000674896
0.07044494783796532,0.03130639278046152
0.09136840869156312,0.03492891447104638
0.07955340085717616,0.024391101426847764
0.0777916572081543,0.039650989514390944
0.06362136088933507,0.026350532033234727
0.07235630428694456,0.021716586980007814
0.05485004860442416,0.02698103316442957
0.0727525309707023,0.03540540244612177
0.14862010280693008,0.13822766030353706
0.0815499285566286,0.033581298338396445
0.08098402519151537,0.03390135365405465
0.09007223602738158,0.04300163865119268
0.061289071480766545,0.024944038924021927
0.0820156720854557,0.03592680631843271
0.06284636636862544,0.02555287244792508
0.08889919978550871,0.044202987908273816
0.08088252297415861,0.03916623476452024
0.07299042661552005,0.019385459594467466
0.08519687773760838,0.03913363332324313
0.06862994241888956,0.025010096908849783
0.06786300830733688,0.05069836673652085
0.06700239011698035,0.04219028685412965
0.07314986196947319,0.027487526864744233
0.07808351974325803,0.024192483868916998
0.062361889935497114,0.019761212150309126
0.0678673672099998,0.020908383822194336
0.06759995297658881,0.039418696292733355
0.06357964477155212,0.02133097310180602
0.08484324205076729,0.03274490892478973
0.07001537167442179,0.04871377470024315
0.09117676364278235,0.04286074092677793
0.10590140381190905,0.055996659364484974
0.08302212249984711,0.04536733627982441
0.08362541329269679,0.03095310349868259
0.0831464646090393,0.034702271531977254
0.07548991175558738,0.03536849694670162
0.08952787906217523,0.05094396543344389
0.06655442992318597,0.03857958094817241
0.09049571826470473,0.05375632647684537
0.10509156673615093,0.0468250774533977
0.06788662932350378,0.03251440399139748
0.14059704175029603,0.12169909087890043
0.08893141508998584,0.04635685360861555
0.09137927747973223,0.04258794107946217
0.07518662673282336,0.020772139896074755
0.07663098111894791,0.02889143005740567
0.07969755326908112,0.032063374036065184
0.06455358361034692,0.02658668595311382
0.07893541732363778,0.028644406703155104
0.052557401480818236,0.059566953593670924
0.07845294185005514,0.04701828283220978
0.059458349087970506,0.02828654928325707
0.177707848305086,0.15529638110445423
0.08396331386924724,0.037468939762556434
0.07296171742334895,0.03498655659496086
0.08684382140418108,0.025162535460733063
0.069512059187978,0.017988056995713913
0.07325796738657467,0.0426970583692461
0.05989632026830303,0.041997578382037236
0.07370009242239726,0.033255896496308494
0.06805529613910373,0.017551195905494813
0.0658143815073629,0.02250486079149683
0.06636447481244834,0.01761869871868954
0.06633218050630486,0.025668874750632217
0.11436191032660256,0.07797823819561601
0.07206830302625017,0.033338634650707674
0.0846020608041603,0.05648819723074879
0.10129543963454093,0.058577543588011344
0.058406542446892674,0.035203321669730184
0.07780265471479608,0.02303642822095051
0.0623759720269185,0.019951509971973133
0.049451707504380826,0.02793335459651307
0.05624851955026476,0.037059903758265116
0.06809075268991095,0.021529026290244526
0.056965948253824915,0.03574805561795135
0.058453383097215934,0.03444502750226649
0.05275450544994909,0.02276591374464379
0.0787962515966558,0.03094981283142312
0.0912760100220408,0.04162562110802728
0.05808215490095532,0.023122125481826922
0.06685563424864047,0.03643184415011117
0.06784415508784876,0.02635075335559723
0.08015338570815286,0.036331658315024766
0.07013914952990327,0.024947370833498794
0.06407237631375007,0.024855357757714695
0.0655418769849053,0.0186770864730729
0.08663327706466098,0.052705223202003146
0.07100478213576394,0.022133753591481387
0.08099936461167573,0.062256501487156765
0.059571914841652966,0.013665880006747469
0.08663691093943061,0.04190871986824329
0.07810976403313537,0.0319772970924214
0.0745920444635947,0.035233247897377064
0.06330262992353301,0.03240602062076698
0.06783746015771669,0.024369479137542276
0.0703159610663966,0.020680943723885632
0.14025657098415464,0.11348212222681378
0.08728506043590348,0.04104720742318078
0.08191698830603517,0.03971453529306433
0.06413951895460818,0.024096441102008443
0.07041710442018251,0.023391564174917945
0.09547868318257893,0.03716201530981969
0.07573569756088379,0.024992596427484703
0.08311669016214739,0.05155647294035211
0.10199729038418329,0.07449829901975355
0.08911431065288682,0.036175836185525605
0.06555111420712854,0.03289603822936419
0.067598014526944,0.03248412373359459
0.07733604744313818,0.0662299326552271
0.0859893068961896,0.03581804455977742
0.07568634614990527,0.02213553609626148
0.05745707969632598,0.02050498028061188
0.07375159121097867,0.027885908839458455
0.06371001931413066,0.011909445070500761
0.06941548820785133,0.025498793457520118
0.08085449990537674,0.04492626914739702
0.07912609431464533,0.02303610045314726
0.07941517628426832,0.027297628677327546
0.07244811686715338,0.023190964732496273
0.07139689692499057,0.022453735466213032
0.08153502960827079,0.027741663117790367
0.059961600609849015,0.03974866268471671
0.09263392735396243,0.0477100530744779
0.06951389889544438,0.01417024775824388
0.05658082199756429,0.03863882259407571
0.08638008417936573,0.029268909598516173
0.07693504525393965,0.028057565389979885
0.06649811048701736,0.031416862849732295
0.0771989387088877,0.021484574026771234
0.05966118258697288,0.026845192588552218
0.07389728368852268,0.028459503311678257
0.07580332939387702,0.03156441164984663
0.055299118354015755,0.031363748361881646
0.0791438108550318,0.03532060241228771
0.08634207583647165,0.03992154864975731
0.07880853192184485,0.02461053978977514
0.08069058979238786,0.031212232856314834
0.05701547802341784,0.019919770356240315
0.07645348459082571,0.04060524146382966
0.060812173787590754,0.013723796825472834
0.0707721302509881,0.0165509547169806
0.10766806407923378,0.057578154587341925
0.08041405872838088,0.03386957478596433
0.07245475722163994,0.04678545498221764
0.08497631194530106,0.027040457361198734
0.07573478213592041,0.03592316193196469
0.05926858822778815,0.019581188389522875
0.06435289371248651,0.015871403325824346
0.06802701269954124,0.018905229869551027
0.07934922793803614,0.023447969399066924
0.06918921379542413,0.031028378070494182
0.07547544563013728,0.02674724774352063
0.07130760855115285,0.020436405050739608
0.24584028304825703,0.25137355786866267
0.07514515900954458,0.02108907993124185
0.06867836846829029,0.024512277845691897
0.0595409280325903,0.02109339974331332
0.07899523738808885,0.03388582169375156
0.0757798910766195,0.03597444627304172
0.061171738201840464,0.022478565833219003
0.0635651939384421,0.0176308146382021
0.05397468203560393,0.01881237617985515
0.0738758638509018,0.0187819138964429
0.0719356044827698,0.01638314413815244
0.06454913421505197,0.025454165844003597
0.09525249271692006,0.04411105488321568
0.07051488298375079,0.02687879742242379
0.06797783028303042,0.017131699893383572
0.06618804411756185,0.01394109467600983
0.08375592988397003,0.032915344407601334
0.06552992281270105,0.027461882985585932
0.07310049506066728,0.017885851544370307
0.06620149276631891,0.026073377023162883
0.08270634996604531,0.04023466830072934
0.08437143420046286,0.026385130485413705
0.062147391301330415,0.0291893377307178
0.07471759556301327,0.03266937494833746
0.05886149207115914,0.022327797799537013
0.05748473851284931,0.026867421363746563
0.06863754585657796,0.02414571803322414
0.07748215260711783,0.02414873426442587
0.08103143072874086,0.02075230690021555
0.07566210392422083,0.023431774944903682
0.08635073828858669,0.05677960016907247
0.07473967132850116,0.036147091432808455
0.0783096228317101,0.04569008570024989
0.07298383362675569,0.016558108717974224
0.06928767352862762,0.029218254339065143
0.07893084506068168,0.027471978466634243
0.06732993118368437,0.016596002989140744
0.07104260542158848,0.016553891868726297
0.060320614412473224,0.030530801120981235
0.07601927459750339,0.028895932654229108
0.06994744902291708,0.017311364273816868
0.0641715928001811,0.022800187077458903
0.0735936527777963,0.01864091688598795
0.059756180575991115,0.03495288647946649
0.06994525252817879,0.03840182207392353
0.0727443677908907,0.04798038866691166
0.07321769440457584,0.02026434103999997
0.06693047321800123,0.011015428492885159
0.0693932918778859,0.018912936025147965
0.07434122303035941,0.018806448933694146
0.07186762814488554,0.03435881070447356
0.06984944722481351,0.01696496501646537
0.10520893312619542,0.04938584576186715
