j,wage_change_p5,wage_change_p95,wage_change_mean
36005000200,.3997311,.40060741,.40010777
36005000400,.39893666,.39979669,.39929718
36005001600,.39883018,.39969808,.39920095
36005001900,.40261388,.40348202,.40298852
36005002000,.39935094,.4002133,.39971238
36005002300,.40317696,.40405256,.40355432
36005002400,.40403974,.40490937,.4044272
36005002500,.40293545,.40380347,.4033097
36005002701,.40270206,.40356219,.40307838
36005002702,.40243655,.40329939,.40281212
36005002800,.40047091,.40133148,.40083867
36005003100,.40085626,.4017249,.40123132
36005003300,.40110123,.40196383,.40148067
36005003500,.40096295,.40183198,.4013375
36005003700,.40088052,.40175205,.40125698
36005003800,.39910612,.39997137,.39950532
36005003900,.40158218,.40244573,.40195847
36005004001,.40143216,.40229979,.40180242
36005004100,.4008337,.40169793,.40120089
36005004200,.40021777,.40108049,.40058821
36005004300,.40096319,.40182298,.40133211
36005004400,.40033102,.40119821,.40070289
36005004600,.39989948,.40075856,.40026641
36005004800,.39987087,.40073022,.40023792
36005005001,.39985418,.40071693,.40022707
36005005002,.40048558,.40134722,.40085369
36005005100,.4016414,.40250325,.40200648
36005005200,.39839852,.39925063,.39877489
36005005300,.39730477,.39816409,.39767158
36005005400,.40056911,.40143526,.40093151
36005005600,.39977616,.40064448,.40014884
36005005902,.40010887,.40096128,.4004699
36005006000,.39912039,.39998972,.3994962
36005006100,.40143505,.40229926,.40180552
36005006200,.40000919,.40086755,.40037405
36005006300,.4005563,.40142077,.40092289
36005006400,.39994267,.40080562,.40030903
36005006500,.40098804,.40185428,.40136054
36005006700,.40067011,.4015345,.40104723
36005006800,.39987826,.40074933,.40025234
36005006900,.39987421,.40074384,.40024519
36005007000,.40088177,.40174478,.40124926
36005007100,.40051946,.40138465,.40089226
36005007200,.40158147,.40244734,.40194619
36005007300,.40035608,.40122697,.4007214
36005007400,.39988387,.40074295,.40024143
36005007500,.40030098,.4011662,.40067226
36005007600,.40105724,.40192115,.40143013
36005007700,.40001577,.40088099,.40039152
36005007800,.40300012,.40387172,.40337414
36005007900,.40023535,.40110141,.40060538
36005008300,.40040702,.40127444,.40077716
36005008400,.40132809,.40219107,.40170115
36005008500,.39843464,.39929324,.39879614
36005008600,.39997196,.40083033,.40034017
36005008700,.39905626,.39991653,.39942089
36005008900,.39793271,.39878619,.39829764
36005009000,.40137446,.40222219,.40174064
36005009200,.40387088,.40473366,.40425315
36005009300,.39711043,.39796704,.39748299
36005009600,.40272582,.4035854,.403108
36005009800,.40348312,.40434551,.403855
36005011000,.40546846,.4063327,.40584189
36005011502,.39870375,.39956829,.39907712
36005011700,.39825827,.39910716,.39862353
36005011800,.39905074,.39990944,.39941376
36005011900,.39979148,.4006502,.40016377
36005012101,.39880258,.39966428,.39916903
36005012102,.39945048,.40031397,.39981943
36005012300,.39893252,.39979523,.39929897
36005012500,.39869797,.39955401,.39905781
36005012701,.39947575,.40034586,.39984792
36005012901,.39932412,.40019023,.39969367
36005013000,.4015221,.40237808,.40188038
36005013100,.39936459,.4002254,.39973855
36005013200,.40190524,.40276867,.40227139
36005013300,.39955333,.40041834,.3999173
36005013500,.3990027,.39985502,.39936155
36005013800,.39987418,.40071964,.40023327
36005014100,.39945859,.40032071,.39982614
36005014300,.39926511,.4001224,.39962906
36005014400,.40267801,.40354168,.40305036
36005014500,.3981666,.39901513,.39852989
36005014701,.39738518,.39823133,.39775532
36005014702,.39730486,.39814895,.39766204
36005014900,.39788109,.39873096,.3982501
36005015100,.39799982,.39884984,.39837068
36005015200,.40429199,.40515441,.40466991
36005015300,.39678758,.39763606,.39715749
36005015500,.39857665,.39943987,.39895207
36005015700,.39832371,.39918622,.39869791
36005015800,.40228522,.40314823,.40265155
36005015900,.397475,.39833337,.39784241
36005016000,.40094107,.40179962,.4013114
36005016100,.39924836,.40010595,.39961383
36005016200,.40280688,.40366644,.40317678
36005016400,.40207353,.4029358,.40243945
36005016500,.39838815,.39924425,.39875072
36005016600,.40356755,.40443629,.40394706
36005016700,.39704779,.39789987,.39741182
36005016900,.39669663,.39754295,.39705455
36005017300,.39962673,.40048587,.39998794
36005017500,.3986755,.39952654,.39903563
36005017701,.39864343,.39949131,.39900476
36005017702,.39845785,.39931211,.398821
36005017901,.39975509,.40061754,.40012825
36005017902,.39954752,.4004097,.39991289
36005018101,.3996805,.4005363,.40004811
36005018102,.39998889,.40084743,.40035567
36005018301,.40033352,.40120059,.40070629
36005018302,.40021923,.40107456,.40058255
36005018400,.40231714,.40317965,.40268552
36005018500,.39879936,.39965552,.39916116
36005018900,.40091696,.40178084,.40128678
36005019300,.39987189,.40072989,.40023762
36005019400,.40272471,.40358424,.40309489
36005019500,.39996973,.40082234,.40033409
36005019700,.39939588,.40025538,.3997668
36005019900,.39857596,.39942324,.3989417
36005020000,.3974039,.39826998,.39777541
36005020100,.39795157,.39881599,.39832768
36005020200,.40152156,.40237519,.40189162
36005020400,.39871478,.39957613,.39910203
36005020501,.39802557,.39888355,.398386
36005020502,.39706683,.39793131,.39743716
36005020601,.40152261,.40238136,.40189052
36005020900,.39973533,.40059012,.40009868
36005021001,.39933807,.40020084,.39971012
36005021002,.39957041,.40042612,.39993992
36005021100,.39978775,.40065104,.40015554
36005021200,.40112048,.40198159,.40148938
36005021301,.39858073,.39943868,.39894429
36005021302,.39865854,.39951682,.39902875
36005021501,.39828545,.39914414,.39864987
36005021502,.39819819,.39905328,.39855948
36005021601,.39931399,.40017849,.39968568
36005021602,.40050489,.40136313,.40088558
36005021700,.39886129,.39972591,.39922762
36005021800,.39940614,.40026718,.39977336
36005021900,.39967275,.40052992,.40003717
36005022000,.39815605,.39902139,.39851382
36005022101,.39959171,.40044856,.39995375
36005022102,.39889148,.39974654,.39925399
36005022200,.40072268,.40158218,.40109971
36005022300,.39942622,.40027964,.39979041
36005022401,.39698958,.3978467,.3973414
36005022403,.39567715,.39653656,.39603233
36005022404,.39709777,.39795756,.39746034
36005022500,.39747825,.39832604,.39784333
36005022701,.39738399,.39823851,.39774758
36005022702,.39699161,.39784646,.39734957
36005022703,.39609843,.39695522,.3964676
36005022800,.39369339,.39454877,.39405328
36005022901,.39629129,.39714307,.3966549
36005022902,.39690101,.39775187,.39726499
36005023000,.3971242,.39798516,.39749059
36005023100,.39806998,.39891797,.39842236
36005023200,.39729092,.39814883,.39765519
36005023301,.39870632,.39956963,.39906597
36005023302,.39842415,.39927721,.3987847
36005023501,.39823601,.39908874,.39858946
36005023502,.39861041,.39946944,.39896458
36005023600,.39745623,.39830557,.39781934
36005023702,.39699513,.39783651,.39734808
36005023703,.39673293,.39757979,.39708579
36005023704,.39733776,.39819011,.39769721
36005023800,.39759368,.39846176,.39796507
36005023900,.39759761,.39845029,.39796013
36005024000,.39809662,.39896008,.39846462
36005024100,.39759684,.39845198,.39795539
36005024300,.39850259,.39936575,.39887089
36005024400,.3968181,.39768177,.39718482
36005024501,.39936709,.40023077,.39973316
36005024502,.39880201,.39966226,.39916748
36005024600,.39722985,.39808524,.39758646
36005024700,.40045047,.40132102,.40082228
36005024800,.39744049,.39829361,.39779586
36005024900,.3987076,.39955997,.39907232
36005025000,.39686865,.39772373,.39723241
36005025100,.39736167,.3982192,.39772385
36005025200,.39701277,.39787257,.39738294
36005025300,.39843446,.39929506,.39879707
36005025400,.39674506,.39760411,.39710742
36005025500,.39866933,.39952543,.39902785
36005025600,.39728874,.3981415,.39765823
36005025700,.3977758,.39862967,.39813441
36005026100,.39769521,.39854875,.39805096
36005026300,.39823014,.39908397,.39859095
36005026400,.39987594,.40073627,.40024465
36005026500,.39843574,.39929187,.39879626
36005026601,.40003657,.40088937,.40039885
36005026602,.39986527,.40071547,.40023261
36005026701,.39862937,.39948422,.39898953
36005026702,.39841101,.39925718,.39876774
36005026900,.39794397,.39879072,.39830089
36005027300,.39787292,.39872092,.39822882
36005027401,.40328532,.40414989,.40366164
36005027402,.4021163,.40298265,.40248561
36005027600,.40024695,.40111002,.40059358
36005027700,.39759713,.39845094,.39795268
36005027900,.39747083,.39831793,.39782354
36005028100,.39739782,.39825037,.39775217
36005028300,.39772469,.39857447,.39808166
36005028400,.39818412,.39904463,.39855167
36005028500,.39783105,.39867851,.39818776
36005028600,.39717177,.39803076,.39753771
36005028700,.3977558,.39860523,.39811051
36005028800,.39665043,.39750552,.39701557
36005028900,.39816606,.39902085,.39851815
36005029301,.3990609,.3999157,.39941868
36005029302,.3988938,.39974797,.39925092
36005029500,.39726955,.3981204,.39763552
36005029600,.3964811,.39733887,.39684832
36005029700,.39781311,.39866567,.39817458
36005030000,.40004277,.40090537,.40040734
36005030100,.39893889,.39978665,.39930832
36005030200,.39930955,.40017593,.39966965
36005030701,.39677316,.39762193,.39714217
36005030900,.39955419,.40040591,.39992511
36005031000,.39642444,.39728177,.39678514
36005031200,.39596817,.39682263,.39632696
36005031400,.39640838,.3972646,.39676353
36005031600,.3969115,.39776629,.39726192
36005031800,.39693564,.3977972,.39729086
36005031900,.39701378,.39787281,.39737627
36005032300,.397843,.39869553,.39820766
36005032400,.39693111,.39779019,.39728951
36005032600,.39679983,.39765584,.39715108
36005032800,.39634195,.39720356,.39670345
36005033000,.39610702,.39696366,.39645621
36005033201,.39659286,.39744151,.39694187
36005033202,.39638323,.39724472,.39674169
36005033400,.39571586,.39657739,.39607468
36005033500,.39720815,.39806551,.39757687
36005033600,.39636302,.39721859,.39671427
36005033700,.39711148,.39795542,.39747369
36005033800,.39631721,.39717203,.39666721
36005034000,.39521477,.3960731,.39556763
36005034200,.39503762,.39589721,.39539492
36005034300,.39683372,.39767873,.39720473
36005034400,.39456519,.39542711,.39491978
36005034500,.39641643,.39725778,.39678597
36005034800,.39515936,.39601511,.39551538
36005035000,.39548913,.39634484,.39583784
36005035100,.3973788,.39822149,.39774412
36005035600,.39756846,.39842987,.39792925
36005035800,.39562786,.39649269,.39598483
36005035900,.39797789,.39883679,.39834785
36005036000,.39707065,.39792731,.39742425
36005036100,.39861226,.39947045,.39897364
36005036300,.3979246,.39878213,.39827859
36005036400,.39658979,.39744329,.39693892
36005036501,.39723551,.39809111,.39759815
36005036502,.3974787,.39832979,.39783746
36005036700,.39761341,.39846712,.39797837
36005036800,.39542764,.39628905,.3957774
36005036901,.39763737,.39849174,.3980003
36005036902,.39765239,.39850414,.39801884
36005037000,.39518899,.39605677,.39554134
36005037100,.39687183,.39772546,.39723152
36005037200,.39555842,.39641652,.39590633
36005037300,.39634079,.39719722,.39670837
36005037400,.39621809,.39707744,.39657179
36005037504,.39648741,.39734328,.39685065
36005037600,.39596641,.3968206,.39631325
36005037800,.39578614,.3966375,.39613613
36005037900,.39748919,.39833802,.39783925
36005038000,.39543903,.3963021,.39579052
36005038100,.39851654,.39936966,.39887652
36005038200,.39518917,.39605483,.39554727
36005038301,.39856988,.39941314,.39891583
36005038302,.39760756,.39845604,.39796743
36005038500,.39742208,.3982628,.39776891
36005038600,.39499414,.395863,.39534968
36005038700,.39772582,.39856851,.39807761
36005038800,.39460245,.39546642,.39495713
36005038900,.39702162,.39787495,.39738008
36005039000,.39512348,.39598042,.39547554
36005039100,.39655942,.3974084,.39691579
36005039200,.39556846,.39642772,.39591295
36005039300,.39686036,.39771408,.39722213
36005039400,.39531663,.39617732,.39567146
36005039500,.39745167,.39829594,.39780754
36005039600,.39506647,.395926,.39542162
36005039700,.39758098,.3984369,.39793861
36005039800,.39427131,.39514315,.39462644
36005039901,.39758742,.39842999,.39793497
36005039902,.3972438,.39808872,.39759529
36005040100,.39775869,.39860904,.39810899
36005040302,.39752799,.39837354,.39788106
36005040303,.39839047,.39923814,.39874542
36005040304,.39812577,.39897144,.39847577
36005040400,.39392835,.39479595,.39428782
36005040501,.39817268,.39902458,.39852756
36005040502,.39752007,.39837301,.39786986
36005040600,.39490288,.39577261,.39526123
36005040701,.39880976,.39966136,.39916837
36005040702,.39755809,.39841056,.39791295
36005040800,.39519188,.39605635,.39554238
36005040900,.39857873,.39943063,.39893198
36005041100,.39823011,.39907604,.39857638
36005041300,.39762878,.39848453,.39798057
36005041400,.39595887,.39683002,.39631659
36005041500,.39767373,.39852458,.39801958
36005041800,.39516428,.396034,.39551911
36005041900,.39725482,.39810377,.39760321
36005042000,.39547747,.39633936,.39582795
36005042100,.39801762,.39886695,.39836854
36005042200,.39511856,.39598417,.39547423
36005042300,.39680541,.39765793,.39715081
36005042400,.39421016,.39509016,.39457488
36005042500,.39678407,.39762872,.39713085
36005042600,.39468634,.39555937,.3950488
36005042800,.39412081,.39499947,.3944872
36005042901,.39666963,.39751869,.39701754
36005042902,.39616644,.39702097,.39651233
36005043000,.39440989,.39528441,.39476889
36005043100,.39771187,.3985621,.39805895
36005043400,.39499605,.39586776,.39535517
36005043500,.39668489,.39753795,.39703563
36005043600,.39460874,.39547962,.39496726
36005044200,.39533418,.39620215,.39569551
36005044400,.39481279,.39569277,.39518249
36005044800,.39411277,.39496458,.3944512
36005044901,.39616108,.39701194,.3965151
36005044902,.39643443,.39729002,.39678842
36005045101,.39650863,.39736831,.39685738
36005045102,.39626402,.39713618,.39662027
36005045600,.39550957,.39638466,.39587635
36005045800,.39517564,.39604592,.39553946
36005046000,.39594728,.39681745,.39630359
36005046201,.39814311,.3990114,.39851457
36005046202,.39720479,.39807242,.39756417
36005048400,.39619455,.39706111,.39655197
36005050400,.39996806,.40083998,.40034568
36005051600,.39693075,.3977896,.39729008
36047000100,.39887607,.39972901,.39922899
36047000200,.39268348,.39353108,.39303112
36047000301,.39739519,.39824682,.39774776
36047000501,.39744687,.39829868,.39780301
36047000502,.39778745,.39863926,.39813983
36047000700,.39837772,.39922467,.39872849
36047000900,.39870211,.39954787,.39905626
36047001100,.39925539,.40010351,.39960152
36047001300,.39976764,.40061742,.40011728
36047001500,.39909145,.39993742,.39943996
36047001800,.38859379,.38946038,.38894767
36047002000,.39278209,.39363208,.3931337
36047002100,.40090865,.40177071,.40126824
36047002200,.39168918,.39254212,.39204818
36047002300,.40085438,.40170962,.40121323
36047002901,.39985052,.40070105,.400206
36047003000,.38869458,.38955918,.38905841
36047003100,.40002739,.40087721,.40037435
36047003300,.39952892,.40036803,.39987391
36047003400,.38923725,.39008898,.38958985
36047003500,.39895266,.39980108,.39930171
36047003600,.38926709,.39012766,.38962433
36047003700,.39886671,.3997137,.39920965
36047003800,.38845143,.38931239,.38881296
36047003900,.39790878,.39875269,.39824992
36047004100,.3992539,.40010345,.39960468
36047004300,.39967507,.40053242,.40002555
36047004400,.38834924,.38921541,.38870931
36047004500,.39951795,.4003728,.39986536
36047004600,.38714904,.38800734,.38750392
36047004700,.39944297,.4002946,.39978939
36047004900,.39967829,.40052626,.4000262
36047005000,.38593024,.38680035,.38629055
36047005100,.4004266,.4012745,.40077746
36047005201,.38629121,.38717121,.3866556
36047005202,.38634658,.38721216,.38670728
36047005300,.39910144,.39995652,.39945889
36047005400,.38674831,.38761663,.38710529
36047005601,.38600478,.38686883,.38636667
36047005602,.38577214,.38663906,.38612881
36047005800,.38514379,.38601792,.38550782
36047005900,.39961904,.40046865,.39996698
36047006000,.38572305,.38659498,.38608587
36047006200,.38586903,.38673782,.38623214
36047006300,.40046602,.40131623,.40081868
36047006400,.38774896,.38861901,.38811028
36047006500,.40021348,.40106881,.40056032
36047006600,.3889505,.38981202,.38930973
36047006700,.3998802,.40072829,.40022495
36047006800,.38977712,.39063495,.39012995
36047006900,.4007636,.40161818,.40111977
36047007000,.38978586,.39064783,.39014462
36047007100,.39870459,.39954692,.39905402
36047007200,.39099213,.39184716,.3913464
36047007400,.39090008,.39174795,.39124799
36047007500,.40036851,.4012194,.40071729
36047007600,.39148962,.39233857,.3918373
36047007700,.40043157,.40128359,.40078229
36047007800,.3917349,.39257693,.39208815
36047008000,.39337027,.39421627,.39372367
36047008200,.39295366,.39379755,.39330259
36047008400,.39358529,.39443469,.39393556
36047008500,.40035969,.40120798,.4007147
36047008800,.39187834,.39271912,.39222705
36047009000,.39222562,.39307374,.39257371
36047009200,.39175659,.39260635,.39211226
36047009400,.39065734,.39149851,.39100888
36047009600,.39206988,.39291465,.39242026
36047009800,.39095455,.39179733,.39130807
36047010000,.39140934,.39225507,.39176571
36047010100,.39449507,.39534676,.39484626
36047010200,.39114568,.39199877,.39150369
36047010400,.3897911,.39064115,.39014411
36047010600,.3897655,.39061365,.39011535
36047010800,.38951904,.3903732,.38987595
36047011000,.39355195,.39439765,.3938995
36047011200,.39282709,.39367747,.39317793
36047011400,.39132726,.39217111,.39167923
36047011600,.38935113,.39019948,.38970396
36047011700,.39702731,.39787638,.39737815
36047011800,.39094061,.39178646,.39129308
36047011900,.39744702,.39829764,.39780509
36047012000,.38934839,.39020324,.38970321
36047012100,.39745328,.39829719,.39780456
36047012200,.39098051,.39183408,.39133388
36047012600,.38930911,.39016628,.38966826
36047012700,.39725831,.39810538,.39761156
36047012801,.38851535,.38937145,.38887489
36047012901,.39714688,.3979969,.39749837
36047012902,.39690399,.39775252,.39725024
36047013000,.38904685,.38990277,.38939786
36047013100,.39598143,.3968308,.39633119
36047013200,.38630491,.38716576,.38666475
36047013300,.39557508,.39642313,.39592266
36047013400,.38723055,.38808852,.38759443
36047013500,.39667523,.39752728,.39702559
36047013600,.38711891,.38797981,.38748032
36047013700,.39677209,.39761838,.39712143
36047013800,.38505608,.38592541,.38542068
36047013900,.397701,.39855173,.39804506
36047014000,.38368848,.38454932,.3840425
36047014100,.39606214,.39691523,.3964113
36047014200,.38401634,.3848848,.38437998
36047014300,.39528266,.39613423,.39563397
36047014500,.39449501,.39534891,.39484966
36047014700,.39561939,.39646065,.3959707
36047014800,.38432914,.38518375,.38468784
36047014900,.39708948,.39794123,.39744145
36047015000,.38630664,.38716245,.38666677
36047015100,.39844605,.39929676,.3988004
36047015200,.3822751,.38314736,.38264289
36047015300,.39806437,.3989099,.3984122
36047015500,.39703357,.39787638,.39737952
36047015700,.39629808,.39714295,.39664847
36047015900,.39645535,.39729583,.3968069
36047016000,.38454777,.38541302,.38491154
36047016100,.39713067,.39798069,.39747959
36047016200,.38476348,.38563687,.38512433
36047016300,.39719039,.39804155,.39754629
36047016400,.38167882,.38254341,.38203874
36047016500,.39628878,.39713335,.39663795
36047016600,.38472766,.38559467,.3850888
36047016700,.39817643,.39902711,.39852679
36047016800,.38349548,.38436243,.38386762
36047016900,.39754981,.39839029,.39789951
36047017000,.3844828,.38533679,.38483799
36047017100,.3969776,.39782554,.397331
36047017200,.38486192,.3857128,.38520813
36047017400,.38380766,.38466302,.38416326
36047017500,.39208913,.39293873,.39244366
36047017600,.3851369,.38598543,.38548034
36047017700,.39487815,.39576191,.39518756
36047017800,.38725173,.38809443,.3875916
36047017900,.39971781,.40057671,.4000749
36047018000,.38692108,.38777629,.38726944
36047018100,.40104747,.40189838,.40139952
36047018200,.38866603,.3895154,.38900915
36047018300,.40236723,.40321827,.40272069
36047018400,.3869012,.3877573,.38725442
36047018501,.40065005,.40150571,.40100598
36047018600,.38824284,.38909233,.38858712
36047018700,.40386987,.40472394,.40423641
36047018800,.38839549,.38924628,.38873956
36047019000,.38983235,.39068481,.3901782
36047019100,.40688938,.40774399,.40727213
36047019200,.38999978,.39084572,.39035022
36047019300,.40682524,.40767825,.40720123
36047019400,.38981947,.39066678,.39017147
36047019500,.40498292,.40583745,.40534383
36047019600,.3883549,.38920891,.38870484
36047019700,.40437394,.40522528,.40473574
36047019800,.38736153,.38821676,.3877129
36047019900,.40155452,.4024007,.40190774
36047020000,.38627765,.38713136,.38662922
36047020100,.40196761,.40281463,.40231746
36047020200,.38628155,.3871423,.38663563
36047020300,.39864659,.39949059,.39900553
36047020400,.38607085,.38692605,.38643014
36047020500,.3973642,.39821705,.39772415
36047020600,.38566542,.38652393,.3860313
36047020700,.39631313,.39715722,.39666957
36047020800,.38823885,.38909572,.38858992
36047021000,.38920581,.39005905,.38955826
36047021100,.40095565,.40180802,.40130812
36047021200,.39003122,.39088032,.39038849
36047021300,.39584643,.39669073,.39620489
36047021400,.39043373,.39128745,.39079064
36047021500,.39618865,.39703736,.396541
36047021600,.39077559,.39162165,.39112347
36047021700,.39649507,.3973442,.39685249
36047021800,.39132559,.39216343,.39167136
36047021900,.39693397,.39777648,.39728206
36047022000,.39264718,.3934927,.39299798
36047022100,.39886773,.39971685,.39922243
36047022200,.3926875,.39353758,.39304265
36047022400,.39311159,.39395291,.39346138
36047022600,.39387864,.39471573,.39422703
36047022700,.39975089,.40059963,.40011421
36047022800,.3945415,.39537802,.39488816
36047022900,.40315875,.40400383,.40351069
36047023000,.39345068,.39429227,.39379686
36047023100,.4046233,.40547693,.40498549
36047023200,.39282912,.39366886,.39317906
36047023300,.40546918,.40631586,.40582812
36047023400,.39198375,.39282584,.3923344
36047023500,.40621358,.40706626,.40658104
36047023600,.39115304,.39199787,.39150184
36047023800,.39085564,.3917031,.3912065
36047024000,.39051157,.39135891,.39086151
36047024100,.4065432,.40740132,.40691698
36047024200,.38992834,.39076674,.39027581
36047024300,.4052819,.40612918,.40564042
36047024400,.38894501,.38978696,.38929644
36047024500,.40197796,.40283066,.40233904
36047024600,.3898277,.39066768,.39017433
36047024700,.4005546,.40140605,.40090817
36047024800,.38960171,.39044461,.38994575
36047024900,.40173736,.40258801,.40209001
36047025000,.39003924,.39089027,.39039165
36047025100,.40555626,.40641415,.40592086
36047025200,.38924336,.39009178,.38959241
36047025300,.40746921,.40832368,.40784293
36047025400,.38927326,.39011183,.38961875
36047025500,.40813833,.40902513,.40851018
36047025600,.38879687,.38963988,.38914514
36047025700,.40842241,.40928447,.40880722
36047025800,.38779995,.38863993,.388145
36047025901,.40778685,.40864861,.40816671
36047025902,.40792078,.40877873,.40829861
36047026000,.38793081,.38877654,.38828126
36047026100,.40739769,.40824708,.40776938
36047026200,.38938427,.39022478,.38972306
36047026300,.4066276,.40747273,.40698546
36047026400,.38696027,.38781583,.38731652
36047026500,.40522507,.40607417,.40558493
36047026600,.38677067,.38761562,.38711938
36047026700,.40242514,.40327525,.40277547
36047026800,.38596568,.38680589,.38631332
36047026900,.40113664,.40198386,.40149218
36047027000,.38608104,.38692933,.3864305
36047027100,.40062374,.40146667,.40097573
36047027200,.3862364,.38707435,.3865819
36047027300,.40139109,.40224826,.40175289
36047027400,.38726276,.3881039,.38760668
36047027500,.40233201,.40317374,.40268502
36047027600,.3876161,.38845992,.38795823
36047027700,.40351188,.40435517,.40386641
36047027800,.38653719,.38739055,.38688719
36047027900,.40608972,.40694004,.40645403
36047028000,.38511634,.38596678,.3854706
36047028100,.40699291,.40784433,.40736392
36047028200,.38525572,.38610899,.38560581
36047028300,.40797806,.40883517,.40835786
36047028400,.38732961,.38817322,.38767344
36047028501,.40660301,.40745199,.40696651
36047028502,.40759641,.40844917,.40796751
36047028600,.38658014,.38743275,.38692343
36047028700,.40667948,.4075321,.40704674
36047028800,.38748768,.38833261,.38783145
36047028900,.40557262,.40643239,.40593392
36047029000,.38741413,.38826251,.38776764
36047029100,.40579143,.40664953,.40616217
36047029200,.38591757,.38675597,.38625205
36047029300,.40394521,.40479934,.40430468
36047029400,.38676339,.38759935,.38710463
36047029500,.40200862,.40285408,.40236762
36047029600,.38734215,.38818294,.38768086
36047029700,.40147436,.40231317,.40182805
36047029800,.38625878,.3871029,.38659823
36047029900,.40087971,.40173519,.40123659
36047030000,.38681304,.38766009,.38715929
36047030100,.40104723,.40190622,.40141672
36047030200,.38606799,.38691321,.38640624
36047030300,.40016156,.40101862,.40052763
36047030400,.38548338,.38631719,.38582027
36047030500,.3989408,.39978582,.39929578
36047030600,.38691896,.38776255,.38725296
36047030700,.39979929,.40064377,.40015393
36047030800,.38702869,.38786873,.38736826
36047030900,.39922675,.40007794,.39958161
36047031100,.40024823,.40109539,.400612
36047031300,.40124369,.40208757,.40159583
36047031400,.38651836,.3873671,.38685566
36047031500,.40089822,.4017489,.40124613
36047031701,.3983008,.39914504,.39865297
36047031702,.39756158,.39840877,.39791167
36047031900,.39596629,.39680144,.39631015
36047032100,.39592212,.39676535,.39626819
36047032300,.39565471,.39650187,.39600509
36047032500,.39588332,.39672244,.39623731
36047032600,.38725066,.38809723,.38758904
36047032700,.39554036,.39637873,.39589369
36047032800,.3866865,.38752908,.38703248
36047032900,.39512992,.39596868,.39547521
36047033000,.38649052,.38733232,.38683474
36047033100,.39549214,.39633024,.39583743
36047033300,.39613375,.39697266,.39648613
36047033500,.39681548,.39765197,.39716136
36047033600,.38639763,.38724542,.38675183
36047033700,.39668104,.39752185,.39703649
36047033900,.3977443,.39859292,.39809659
36047034000,.38711768,.38795954,.38745767
36047034100,.39918071,.40002686,.39953262
36047034200,.38737938,.38822186,.38772517
36047034300,.3984389,.39928144,.39879343
36047034500,.39735198,.39819527,.39770252
36047034700,.39767766,.3985244,.39802963
36047034800,.38795871,.38879377,.38829094
36047034900,.39661503,.3974638,.39697051
36047035000,.38812709,.38895991,.38846397
36047035100,.39625305,.39710587,.39660883
36047035200,.38793898,.38877979,.38827461
36047035300,.3964389,.3972967,.39680034
36047035400,.3901771,.39101332,.3905102
36047035500,.39609712,.39694113,.39645034
36047035601,.38908997,.38993943,.38943982
36047035602,.38895869,.38979077,.38929337
36047035700,.3967073,.39755571,.39705843
36047035900,.3974539,.39830256,.39780599
36047036001,.38971788,.3905561,.39005533
36047036002,.39052385,.39135945,.39085835
36047036100,.39818338,.39903507,.39854187
36047036200,.39020532,.39105329,.39054343
36047036300,.3996852,.40054905,.40005201
36047036400,.390266,.39111316,.39060497
36047036501,.40208334,.40293637,.40244389
36047036502,.40369499,.40455562,.40406269
36047036600,.38995552,.39080054,.39029941
36047036700,.40272492,.40357953,.40309176
36047036900,.40305847,.40390831,.4034186
36047037000,.38900179,.38983983,.38933787
36047037100,.40226999,.40312338,.40262714
36047037300,.40425348,.40511018,.40461493
36047037401,.38819757,.38903758,.38853675
36047037402,.38954312,.39038271,.38988167
36047037500,.40466404,.40552619,.40503031
36047037700,.40337682,.40423059,.40373519
36047037900,.40115485,.40200454,.40151
36047038100,.40077865,.40163082,.40114105
36047038200,.38810778,.38894486,.38844556
36047038300,.40250051,.40335411,.4028683
36047038500,.40441114,.40526962,.40478438
36047038600,.38929141,.39012897,.38962737
36047038700,.40533119,.40618926,.40570021
36047038800,.38902223,.38986316,.38935795
36047038900,.40661234,.40747082,.40698606
36047039000,.38856247,.38940096,.38890165
36047039100,.40642974,.40728918,.40680569
36047039200,.38910335,.38994271,.38944057
36047039300,.40627539,.40712792,.4066436
36047039400,.3891899,.39002806,.38951996
36047039500,.40632609,.40718538,.40670037
36047039600,.38974348,.39057839,.39006877
36047039700,.40550441,.40636128,.40586144
36047039800,.38999316,.3908273,.39032769
36047039900,.40591735,.40677905,.40628976
36047040000,.38944954,.39027959,.38978761
36047040100,.40542686,.40628612,.40579545
36047040200,.38802451,.38886279,.38835666
36047040300,.40524,.40610117,.40560973
36047040400,.38793111,.3887701,.38826698
36047040500,.40421098,.40506661,.40457779
36047040600,.38830405,.38914675,.38864568
36047040800,.38907063,.3899101,.3894186
36047040900,.40594465,.40679795,.40630493
36047041000,.39019072,.39102024,.39052951
36047041100,.40553492,.40639645,.40590054
36047041200,.39072841,.39156985,.39106882
36047041300,.40605348,.40691626,.4064253
36047041401,.39109331,.3919335,.39142817
36047041402,.39051396,.39135247,.39085507
36047041500,.40709209,.40796018,.40747201
36047041600,.38977301,.39061445,.39010757
36047041700,.40723422,.4080998,.40761518
36047041800,.39042032,.39126006,.39075592
36047041900,.40782797,.4086864,.40820247
36047042000,.39067048,.39151543,.39101177
36047042100,.40720227,.40806192,.40757489
36047042200,.39108855,.39193106,.39142966
36047042300,.4074375,.4083032,.4078165
36047042400,.39066881,.39151421,.39101645
36047042500,.40799198,.4088583,.40837166
36047042600,.38878459,.38962975,.38913038
36047042700,.40867156,.40953344,.40905541
36047042800,.38796401,.38880545,.38830078
36047042900,.40797901,.40883967,.40835917
36047043000,.38897714,.38981551,.3893171
36047043100,.40841883,.40928745,.40880573
36047043200,.38908681,.38992712,.38943183
36047043300,.40800571,.40886837,.40837967
36047043400,.38995314,.39078757,.39029825
36047043500,.40859455,.40944913,.40896797
36047043600,.39029899,.39113769,.39064708
36047043700,.40700924,.40787429,.40738082
36047043800,.39133859,.39217937,.39168102
36047043900,.40888804,.40975302,.40927428
36047044000,.39059648,.39143038,.39093766
36047044100,.40817526,.40903652,.40855598
36047044200,.38979793,.3906312,.3901372
36047044300,.40792492,.40878427,.40830395
36047044400,.39055777,.39139837,.39090869
36047044500,.40890658,.4097712,.40929821
36047044600,.39044213,.39128092,.39078546
36047044700,.40958279,.4104417,.40997434
36047044800,.39068842,.39152807,.39103332
36047044900,.41331115,.41416937,.41371357
36047045000,.39183369,.39267087,.39217734
36047045200,.38952091,.39035499,.38986188
36047045300,.41050261,.41135889,.41089115
36047045400,.39005339,.39087936,.39038682
36047045600,.39045429,.39128324,.39079496
36047045800,.39007002,.39090616,.39041412
36047046000,.39183533,.39267313,.39218375
36047046201,.39197829,.39281172,.3923234
36047046202,.39178711,.39262646,.39213943
36047046400,.39202613,.39286965,.39237547
36047046800,.39081621,.39165366,.39116544
36047047000,.38943401,.39026803,.38977781
36047047200,.39114612,.3919847,.39148837
36047047400,.39151663,.39235812,.39186382
36047047600,.39253712,.39337283,.39287972
36047047700,.41226384,.41311681,.41266084
36047047800,.39368677,.39451706,.39403027
36047048000,.39282346,.39366439,.39317721
36047048100,.40892386,.40977901,.4093101
36047048200,.39229834,.39312971,.39263523
36047048400,.39334124,.39417869,.39368781
36047048500,.4083063,.40916041,.40868533
36047048600,.39450449,.39534292,.39485383
36047048800,.39491898,.3957569,.39527771
36047048900,.40728381,.40818241,.40768054
36047049000,.39329195,.39412448,.39363974
36047049100,.40809089,.40893915,.40846252
36047049200,.39324626,.39407945,.39359269
36047049300,.40794402,.4087947,.40832663
36047049400,.39450946,.39534694,.3948631
36047049500,.40868145,.40953347,.40906495
36047049600,.39620566,.39704698,.39655828
36047049700,.4080708,.40892494,.40845504
36047049800,.39593786,.39678651,.39629424
36047049900,.41119856,.41205603,.41159016
36047050000,.39645863,.39730281,.39680952
36047050100,.40875816,.40961879,.40914562
36047050202,.39701533,.39786321,.39737213
36047050300,.40924495,.41009685,.40963382
36047050400,.39559782,.39642963,.39594221
36047050500,.40934181,.41019332,.40972906
36047050600,.39459866,.39543572,.39494964
36047050700,.4084731,.40933135,.40885299
36047050801,.39435726,.39519274,.39470655
36047050803,.39450946,.39535192,.39485934
36047050804,.39452899,.39536893,.39487821
36047050900,.40872645,.40958309,.40910089
36047051001,.39323786,.39407611,.39358503
36047051002,.39399368,.39483318,.39434195
36047051100,.40904173,.40989894,.40942711
36047051200,.39387715,.39471906,.39422673
36047051300,.40935495,.41021085,.40974131
36047051400,.39322644,.39406383,.39357466
36047051500,.41043061,.41128898,.4108187
36047051601,.39229119,.39312083,.39263242
36047051602,.39226374,.39309376,.39260086
36047051700,.40960848,.41047063,.4099997
36047051800,.39317852,.39401555,.39352965
36047051900,.40807092,.4089238,.40845224
36047052000,.39329445,.39413136,.39364469
36047052300,.40744117,.40829679,.40782049
36047052500,.40611982,.40697449,.40649712
36047052600,.39298147,.39381862,.3933351
36047052700,.40825593,.40911132,.40864021
36047052800,.39269564,.39352414,.39303613
36047052900,.40784627,.40870285,.40822661
36047053000,.39232808,.39316618,.39267087
36047053100,.4083811,.40923733,.40876144
36047053200,.39192006,.39275223,.39226019
36047053300,.40749013,.40834904,.40786484
36047053400,.39152652,.39236286,.39187023
36047053500,.40688154,.40773541,.40726018
36047053700,.40828246,.40914249,.40866196
36047053800,.39125174,.39208955,.39159214
36047053900,.40696585,.40782183,.40734524
36047054200,.39097482,.39181086,.39130837
36047054300,.40349728,.40435374,.40386099
36047054400,.39087933,.39172,.39122033
36047054500,.40684438,.407704,.40722671
36047054600,.39009079,.39092678,.39042839
36047054700,.40670773,.40756494,.40708739
36047054800,.38988513,.3907271,.39022487
36047054900,.40746501,.40831515,.40785035
36047055000,.39062089,.39145917,.3909556
36047055100,.4077206,.40857714,.40810323
36047055200,.39125395,.39210093,.39159995
36047055300,.40689689,.40775132,.40727603
36047055400,.39110696,.39194506,.39144194
36047055500,.40711373,.4079628,.40748093
36047055600,.39056265,.39140409,.39090091
36047055700,.40885055,.40970317,.40923148
36047055800,.39021915,.39106092,.39055216
36047056000,.38971716,.39056045,.39004946
36047056100,.41166937,.41252339,.41204968
36047056200,.38870478,.38956052,.38904476
36047056300,.41178662,.41264647,.41217619
36047056400,.38858053,.3894366,.38892692
36047056500,.41197383,.41283432,.41236436
36047056600,.38728583,.388138,.38763052
36047056800,.38699049,.38783777,.38733387
36047056900,.411044,.41190135,.41142601
36047057000,.38622344,.38706893,.38655978
36047057100,.41181713,.4126634,.41219887
36047057200,.38677278,.38761672,.38711494
36047057300,.4117952,.41264537,.41217792
36047057400,.38778037,.38863087,.38811702
36047057500,.41159058,.41244197,.41197056
36047057600,.38870907,.38955438,.3890399
36047057800,.38965064,.39049268,.38998607
36047057900,.41204309,.41290432,.41243219
36047058000,.39055055,.3913869,.39088339
36047058200,.38999194,.39083207,.39032626
36047058400,.38993084,.39076078,.39026517
36047058600,.390571,.39141226,.39090306
36047058800,.39027613,.39111155,.39061427
36047058900,.41425508,.41510314,.41464648
36047059000,.39071691,.39156166,.39104939
36047059100,.41193771,.41278973,.41231865
36047059200,.38990384,.3907446,.39024204
36047059300,.41302085,.41387182,.41341516
36047059401,.38917643,.39001942,.38951847
36047059402,.38819903,.38904887,.3885414
36047059600,.3879084,.38876209,.38825327
36047059800,.38770318,.38855571,.38804811
36047060000,.38945544,.39031488,.38979959
36047060600,.39074147,.39158267,.39108339
36047060800,.39013523,.3909851,.39047623
36047061002,.39036626,.39120585,.39070264
36047061003,.38984597,.39068654,.39018774
36047061004,.39025897,.39109683,.39059621
36047061200,.38971099,.39056548,.39005584
36047061600,.38806567,.38891199,.38841754
36047062000,.38836518,.38921982,.38871709
36047062200,.38742012,.38826942,.38776743
36047062600,.38684332,.38768908,.38718635
36047062800,.38747847,.38833043,.38782299
36047063200,.38675743,.38760602,.38709962
36047063600,.38782597,.38867563,.38817906
36047063800,.38785005,.38870308,.38819355
36047064000,.38850865,.38935617,.38884738
36047064200,.38939163,.39022961,.38972485
36047064400,.38913134,.38997659,.38947159
36047064600,.38869071,.38953871,.38903868
36047064800,.3886435,.38949335,.38899302
36047065000,.38902241,.38987091,.38936889
36047065200,.38748991,.38834143,.38784248
36047065400,.38768771,.38853914,.38804084
36047065600,.3869848,.38783616,.3873412
36047065800,.38685715,.38770512,.38720053
36047066000,.38717461,.38802159,.38752219
36047066200,.38720512,.38806185,.38755155
36047066600,.38852489,.3893857,.38887554
36047067000,.38744375,.38829392,.38779467
36047067200,.38849607,.3893472,.38885203
36047067400,.38868272,.38952917,.38903946
36047067600,.39023042,.39107794,.39058101
36047067800,.3900587,.39090183,.39041179
36047068000,.38917801,.39002532,.38953507
36047068200,.38831234,.38916224,.38867414
36047068600,.38714105,.38799408,.38749713
36047068800,.38756841,.38841212,.38791531
36047069000,.38796747,.38880914,.38831386
36047069200,.39018917,.39104235,.39054465
36047069601,.39069599,.39154381,.39104635
36047069602,.38612527,.38695985,.38648236
36047069800,.38660696,.38745397,.38695425
36047070000,.38612992,.38696307,.38647854
36047070201,.3855601,.38640559,.38592285
36047070202,.3834905,.38438749,.38389173
36047070600,.3815949,.382541,.38201767
36047072000,.39102763,.39187118,.39137965
36047072200,.39080352,.39164066,.39116099
36047072400,.39083883,.3916758,.39118677
36047072600,.390508,.39134985,.39085901
36047072800,.39042395,.3912726,.39077708
36047073000,.38999164,.3908301,.39033407
36047073200,.38929942,.39016598,.38966107
36047073400,.38966417,.39050782,.39001745
36047073600,.3891567,.39000294,.38950109
36047073800,.38912672,.38997293,.38947418
36047074000,.38967901,.39051974,.3900212
36047074200,.3896237,.39046782,.38997096
36047074400,.38899648,.38984245,.38934267
36047074600,.38896683,.38980895,.38930893
36047074800,.38944578,.39028791,.38979089
36047075000,.38966584,.39050061,.39000303
36047075200,.39021447,.39104909,.39055344
36047075400,.38902837,.38986957,.38937077
36047075600,.38938975,.39022502,.38972294
36047075800,.39004523,.39088124,.39038664
36047076000,.38979974,.39063603,.39014161
36047076200,.39111,.39194429,.39145482
36047076400,.39197725,.39281896,.39232123
36047076600,.39138252,.39221713,.39172465
36047076800,.39132923,.39216387,.39166528
36047077000,.39091951,.39175725,.39126009
36047077200,.39063722,.39147222,.39097551
36047077400,.39114356,.39197999,.39148656
36047077600,.39039737,.39123797,.39074028
36047078000,.39108497,.39191929,.39142913
36047078200,.39115879,.39201507,.39150575
36047078400,.39080137,.39164057,.39114928
36047078600,.39111102,.39194989,.39144886
36047078800,.39158416,.39241812,.39192048
36047079000,.39152113,.39235944,.39185727
36047079200,.39200556,.39284271,.39235246
36047079400,.39312592,.39396578,.39347255
36047079601,.39485037,.39569464,.39520535
36047079602,.39414692,.39498669,.39449286
36047079801,.3956793,.39652312,.39603183
36047079802,.3951568,.39599952,.39551806
36047080000,.39509025,.39593288,.39544123
36047080200,.39434457,.39518282,.39469546
36047080400,.39472204,.39557028,.39507455
36047080600,.39551499,.39635471,.39586544
36047080800,.39465326,.39548719,.39499873
36047081000,.39486122,.395697,.3952083
36047081400,.393574,.39441183,.39392084
36047081600,.39370459,.39454043,.39405131
36047081800,.39378262,.3946209,.39412573
36047082000,.39426517,.3951019,.39460641
36047082200,.39416504,.39500144,.39450327
36047082400,.39377975,.3946144,.39412108
36047082600,.3930428,.39388508,.39339361
36047082800,.39228448,.39312142,.39262429
36047083000,.3919372,.39276615,.392272
36047083200,.39167559,.39251137,.3920185
36047083400,.39133039,.39216518,.39167464
36047083600,.39056265,.39140323,.39091039
36047083800,.39124608,.39209053,.39159429
36047084000,.39129257,.3921411,.39164162
36047084600,.39135596,.39220306,.39170295
36047084800,.39188439,.39272922,.3922388
36047085000,.39170083,.39254606,.39204657
36047085400,.39235258,.3931874,.39269248
36047085600,.39314735,.39398974,.39349329
36047085800,.39304024,.39387491,.39338204
36047086000,.39268926,.39352575,.39303619
36047086200,.39275694,.39360288,.39311191
36047086400,.39320788,.39405224,.39356589
36047086600,.39428025,.3951354,.39464098
36047086800,.39368036,.39452732,.39403346
36047087000,.39348185,.39432657,.39383584
36047087200,.39335504,.3941904,.39370275
36047087401,.3949255,.39575845,.39527789
36047087600,.39527056,.39611679,.39562881
36047087800,.39497381,.39582285,.39533782
36047088000,.395832,.39668,.39618874
36047088200,.39573365,.39658773,.39609432
36047088400,.3964963,.39734584,.3968519
36047088600,.39525235,.39610285,.39561045
36047088800,.39436567,.39521959,.39472866
36047089000,.39607328,.3969239,.3964276
36047089200,.39635628,.39720142,.39671299
36047089400,.39687401,.39772201,.39722806
36047089600,.39715463,.39800543,.39751744
36047089800,.39718691,.39803356,.3975445
36047090000,.39711499,.39795786,.39746773
36047090200,.398839,.39968908,.39919645
36047090600,.40246403,.40332085,.4028289
36047090800,.4034718,.40433204,.40383682
36047091000,.40121925,.40207434,.40158111
36047091200,.39933008,.40018123,.39968854
36047091600,.39810073,.39894801,.3984555
36047091800,.40066993,.40152159,.40103078
36047092000,.40126038,.40211678,.40162534
36047092200,.39898404,.39984012,.3993468
36047092400,.39998016,.40083241,.40034115
36047092800,.39590153,.39675054,.39626324
36047093000,.39431691,.39516246,.39467525
36047093200,.39096907,.39181602,.39132097
36047093400,.39260885,.39344734,.39296001
36047093600,.39225978,.39309418,.3926042
36047093800,.39300832,.39384747,.39335567
36047094401,.39108759,.391929,.39144313
36047094402,.39131644,.39218637,.39171377
36047094600,.39191979,.39276761,.39227316
36047095000,.39243585,.39326751,.39278489
36047095400,.39390808,.39475939,.39427251
36047095600,.39410701,.39495003,.39446858
36047095800,.3955822,.39643586,.39595073
36047096000,.39607525,.39692292,.39643556
36047096200,.39680311,.3976548,.39717427
36047096400,.39690739,.39775041,.39727512
36047096600,.39632341,.39717484,.39669496
36047096800,.39868629,.39954466,.39906475
36047097000,.39895475,.39981687,.39932722
36047097400,.39970964,.40056628,.40008032
36047098200,.4006021,.40146309,.40097126
36047098400,.40019089,.4010554,.40057057
36047098600,.40064758,.40150484,.40101629
36047098800,.39966011,.40051726,.4000352
36047099000,.39856994,.39942431,.39894217
36047099200,.39658493,.39744699,.39696589
36047099400,.3958357,.3966901,.39620847
36047099600,.39405254,.39490324,.39441228
36047099800,.39347854,.39432892,.39383775
36047100400,.39393952,.39478922,.39429876
36047100600,.39459255,.39544737,.39495268
36047100800,.39492252,.39577931,.39529485
36047101000,.39684564,.39770588,.39721477
36047101200,.39790547,.39876419,.39828172
36047101400,.39951909,.40039361,.39991394
36047101600,.39929849,.40016043,.39967304
36047101800,.39906639,.39993379,.39944643
36047102000,.3978349,.39869124,.39820635
36047102200,.39715692,.39802057,.39753556
36047102400,.39611906,.39697665,.39649266
36047102600,.39416599,.39501864,.39454162
36047102800,.39366335,.39452276,.39403588
36047103400,.39782333,.39869145,.39821577
36047105801,.39783096,.39869851,.39821693
36047105804,.39828774,.39914942,.39866945
36047107000,.3998608,.40075618,.40026599
36047107800,.39830405,.39917544,.39868009
36047109800,.40144536,.40230364,.40181956
36047110400,.39993501,.40079674,.40030944
36047111000,.39835835,.39922008,.39873224
36047111600,.39967144,.40054005,.40004539
36047111800,.39991307,.40077358,.40028334
36047112000,.39892057,.39978176,.3992925
36047112200,.39895976,.39981097,.39931643
36047112400,.39885357,.39970666,.39921692
36047112600,.40004212,.40089524,.40040821
36047112800,.40042067,.40127784,.40078583
36047113000,.4011583,.40201283,.40152299
36047113200,.40181661,.40267187,.40217495
36047113400,.40300292,.40386075,.40336615
36047114201,.4037776,.40463477,.40414387
36047114202,.40555918,.40641752,.40591234
36047114400,.4035114,.40436721,.40387237
36047114600,.40549257,.40636176,.40586457
36047115000,.40241674,.40327168,.40277261
36047115200,.40223971,.40309447,.40260589
36047115600,.40144947,.40230513,.40181246
36047115800,.40096772,.40182269,.40133345
36047116000,.40117431,.40203044,.40153056
36047116200,.39993492,.40078592,.40028757
36047116400,.40109748,.40195763,.40146327
36047116600,.40247694,.40333328,.40284121
36047116800,.40595749,.4068222,.40632963
36047117000,.40541452,.40627864,.4057855
36047117201,.40608886,.40695918,.40646705
36047117202,.40629449,.40716565,.40667158
36047117400,.40637946,.40724838,.40675694
36047117601,.40668088,.40756112,.40706801
36047117602,.40706813,.40794253,.40745118
36047117800,.40578437,.40666431,.40615857
36047118000,.40672389,.40760025,.40711343
36047118201,.40801603,.40889272,.40840399
36047118202,.40803325,.40891036,.40842152
36047118400,.40647483,.40735579,.4068599
36047118600,.40385124,.40471634,.40421972
36047118800,.40245777,.40331879,.40282023
36047119000,.40379706,.40466923,.40418291
36047119200,.40346789,.40433466,.40383369
36047119400,.40167052,.40253443,.40203553
36047119600,.40197289,.40283278,.40233469
36047119800,.40353739,.40440029,.403905
36047120000,.40205574,.4029142,.40241903
36047120200,.40215176,.403009,.40251726
36047120800,.40148202,.40234992,.40185767
36047121000,.40155005,.40241334,.40191829
36047121400,.40042543,.40130049,.4008112
36047122000,.40070125,.40157354,.40108007
36047123700,.40765983,.40851653,.40804058
36047150200,.39702749,.3978765,.39738572
36047152200,.39396995,.39480844,.39431679
36061000201,.40156117,.40242088,.40192163
36061000202,.40177846,.40263814,.40214503
36061000600,.40157747,.4024331,.40194166
36061000700,.39711684,.39798605,.39747196
36061000800,.40014303,.40100104,.40050077
36061000900,.39657202,.39744753,.39693347
36061001001,.40291584,.40377575,.40328175
36061001002,.40338719,.40423843,.40375423
36061001200,.40259182,.40345073,.40295935
36061001300,.39730987,.39818692,.39767015
36061001401,.40184668,.40270138,.40220702
36061001402,.40248883,.4033466,.40285444
36061001501,.39840025,.39925951,.398754
36061001502,.39821845,.39908206,.39857763
36061001600,.40060765,.40146357,.40096465
36061001800,.40165627,.4025127,.4020178
36061002000,.40358829,.40443456,.40395945
36061002100,.39887404,.39973408,.39923126
36061002201,.40265077,.40351272,.40301806
36061002202,.40321517,.40407431,.40358707
36061002400,.40409085,.4049584,.4044866
36061002500,.3986997,.39957017,.39906198
36061002601,.40387306,.40473253,.40424708
36061002602,.40431288,.40515977,.40468192
36061002700,.39914322,.4000054,.39949954
36061002800,.40474054,.40560311,.40511489
36061002900,.39955491,.40041772,.39991108
36061003001,.40249568,.40335459,.40286657
36061003002,.40275756,.40361708,.40311962
36061003100,.39947891,.40034413,.39983809
36061003200,.40371343,.40457249,.40408099
36061003300,.39942652,.40029371,.39978603
36061003400,.40461373,.40547001,.40498564
36061003601,.40186137,.40272009,.40222624
36061003602,.40189606,.40275347,.40226102
36061003700,.40010792,.40097064,.40046704
36061003800,.40282625,.40368918,.40320134
36061003900,.39908153,.39994913,.39944828
36061004000,.40374607,.40459907,.40411386
36061004100,.40041506,.40127772,.40077591
36061004200,.40314025,.40399498,.40350744
36061004300,.40134209,.4022038,.40170103
36061004400,.40486377,.40571523,.40523916
36061004500,.40029758,.40115863,.40065104
36061004700,.40030995,.40116704,.40066689
36061004800,.40408567,.40494776,.40445709
36061004900,.40100944,.40186676,.40136832
36061005000,.40304604,.40390569,.40341097
36061005200,.40292624,.40378416,.40329209
36061005400,.40349817,.40436369,.40386826
36061005501,.40135977,.40222335,.40172058
36061005502,.40167695,.40253827,.40204138
36061005600,.40341234,.40427741,.40378714
36061005700,.40234876,.40321228,.40271473
36061005800,.40379065,.40466082,.40417057
36061005900,.40224043,.40310007,.40260339
36061006000,.40473586,.40559155,.40510905
36061006100,.40304261,.40389952,.40340787
36061006200,.40572768,.40659285,.40610945
36061006300,.40279996,.40367106,.40317446
36061006400,.40458372,.40545082,.40495589
36061006500,.40203494,.4028964,.40240389
36061006600,.40455228,.40541822,.40492964
36061006700,.40155828,.40242141,.4019219
36061006800,.40361869,.40448487,.40399528
36061006900,.40079305,.40165985,.40116018
36061007000,.40522563,.40609062,.40559787
36061007100,.40207875,.40294731,.40244603
36061007200,.40485644,.40572062,.40523744
36061007300,.40183663,.4026956,.40220404
36061007400,.40425754,.40512544,.4046317
36061007500,.40201718,.40288419,.40239304
36061007600,.40427953,.40514874,.40465206
36061007700,.40296471,.40382934,.40333378
36061007800,.40590996,.4067834,.40629399
36061007900,.4032377,.40410358,.40361035
36061008000,.40556014,.40642348,.40593991
36061008100,.40292555,.40379512,.4032988
36061008200,.40443838,.40530977,.40482506
36061008300,.40367651,.40453959,.40404963
36061008400,.40463245,.40549827,.40500987
36061008601,.40648717,.40735334,.4068689
36061008602,.40891582,.40978345,.40930265
36061008603,.40839571,.40926108,.40876839
36061008700,.40330669,.4041726,.40367576
36061008800,.40579319,.40665337,.40616888
36061008900,.4039115,.40477598,.40428275
36061009000,.40712401,.4079957,.40750685
36061009100,.40377784,.40464878,.40415645
36061009200,.40551311,.40636811,.40588045
36061009300,.40437263,.40523916,.40475452
36061009400,.40485737,.40572083,.40523031
36061009500,.40409821,.40495747,.40447149
36061009600,.40512139,.4059791,.4054881
36061009700,.40493369,.40579981,.40530592
36061009800,.40838575,.4092474,.40875879
36061009900,.40520012,.40606445,.40556741
36061010000,.40735888,.40822861,.40773407
36061010100,.40395665,.40482858,.40434188
36061010200,.40755916,.40842581,.4079327
36061010300,.40504134,.40591064,.40541869
36061010400,.40692717,.40778971,.40730518
36061010601,.40856993,.40943795,.40894651
36061010602,.40787518,.40874451,.40825629
36061010800,.40815908,.40902904,.40853935
36061010900,.40412125,.40499133,.40450668
36061011000,.40734315,.40821356,.40771642
36061011100,.40487975,.40574634,.40525728
36061011201,.40684503,.40771088,.40722156
36061011202,.40662241,.4074868,.40699452
36061011203,.40660578,.40747371,.40698254
36061011300,.40418187,.40504211,.40456384
36061011401,.40659419,.40745914,.40696701
36061011402,.40675002,.40762115,.40712532
36061011500,.40466553,.4055317,.40504414
36061011600,.40941024,.41026658,.40977645
36061011700,.40536213,.40622944,.40574229
36061011800,.40722799,.40809727,.40760046
36061011900,.40437552,.40524727,.40475273
36061012000,.40688869,.40775055,.40725979
36061012100,.40501881,.40587705,.40538692
36061012200,.40640262,.40727106,.4067688
36061012400,.40704232,.40790364,.40741366
36061012500,.40535414,.40621489,.4057239
36061012600,.40648758,.40735763,.40686154
36061012700,.40587822,.4067378,.40625119
36061012800,.40574169,.40660363,.40611118
36061012900,.40564835,.4065116,.40602031
36061013000,.40532154,.40618008,.40568608
36061013100,.40577999,.40664005,.40615106
36061013200,.40587848,.40674669,.40625066
36061013300,.40596998,.40683728,.40634495
36061013400,.40565115,.40651768,.40602392
36061013500,.40593845,.40679976,.40630585
36061013600,.40453601,.40539759,.4049027
36061013700,.40611902,.40698612,.40649408
36061013800,.40442556,.40528694,.40479153
36061013900,.40550494,.40636659,.40587574
36061014000,.4046587,.4055213,.40502593
36061014200,.40442711,.40528816,.40479639
36061014300,.40708929,.40794832,.40746889
36061014401,.40459242,.4054504,.40495914
36061014402,.40466657,.40552723,.40503806
36061014500,.40403652,.40490043,.40441233
36061014601,.40433154,.40519834,.40470427
36061014602,.40433928,.40520114,.40470636
36061014700,.40415412,.40501463,.40452075
36061014801,.40417269,.40503615,.4045468
36061014802,.40418005,.40504205,.40455437
36061014900,.40355396,.40441191,.40392542
36061015001,.40393806,.40479791,.40431225
36061015002,.40385842,.40472478,.4042325
36061015100,.40368217,.40454614,.40405211
36061015200,.40470326,.40556532,.40507045
36061015300,.40312189,.40398064,.40349019
36061015400,.40411144,.40497875,.40447968
36061015500,.40313768,.40399659,.40350834
36061015601,.40474141,.40560025,.40510893
36061015602,.40474749,.40560335,.40511113
36061015700,.40302128,.40388548,.40339437
36061015801,.4044202,.40528584,.40479422
36061015802,.4046565,.40552372,.4050234
36061015900,.40295953,.40382203,.40333229
36061016001,.40395772,.40482202,.40432495
36061016002,.40423429,.40509301,.40460101
36061016100,.40295064,.4038142,.40331948
36061016200,.40469369,.40555364,.40505943
36061016300,.40305808,.40392494,.40342772
36061016400,.40439713,.40525341,.40476316
36061016500,.40339321,.40424645,.40376103
36061016600,.40432602,.40519202,.40469524
36061016700,.40281543,.40367913,.40318549
36061016800,.40391758,.40477699,.40428579
36061016900,.40322474,.40408188,.40358782
36061017000,.40437961,.4052341,.40474689
36061017100,.40283138,.40368724,.40319747
36061017200,.40411377,.40497535,.40448865
36061017300,.40323436,.4040876,.40359911
36061017401,.40356588,.40442276,.40393227
36061017402,.40350252,.40436316,.40386781
36061017500,.40227908,.40313506,.4026469
36061017700,.40238392,.40323621,.40275586
36061017800,.40405598,.40491676,.4044303
36061017900,.40244097,.40329731,.40280831
36061018000,.40398645,.4048447,.40435314
36061018100,.40250945,.40336818,.40287244
36061018200,.40368938,.40454569,.40405178
36061018300,.40245083,.40330607,.4028191
36061018400,.40315595,.4040252,.40353549
36061018500,.40265495,.40351713,.40302527
36061018600,.40200001,.40285635,.40236679
36061018700,.40232816,.4031834,.40269738
36061018800,.40374875,.40461475,.40412784
36061018900,.40303832,.40389502,.40340304
36061019000,.40182248,.40268618,.40219307
36061019100,.40209335,.40295309,.40245357
36061019200,.40357727,.40443632,.40394935
36061019300,.40278146,.40363216,.40314841
36061019400,.40312248,.40398628,.4034943
36061019500,.40211165,.40297389,.40248001
36061019600,.40298337,.40385714,.40336394
36061019701,.40218621,.403043,.40255243
36061019702,.40263808,.40349531,.40300182
36061019800,.40277454,.40363973,.40314808
36061019900,.40226883,.40312135,.40262935
36061020000,.40201434,.40287879,.40238631
36061020101,.40222529,.40308243,.40259454
36061020102,.40246823,.403328,.40283263
36061020300,.40210468,.40296531,.40247297
36061020500,.40191674,.40277588,.40228611
36061020600,.40282911,.40369606,.40320247
36061020701,.40263322,.40349972,.40299976
36061020800,.40214789,.4030059,.40251929
36061020901,.40250406,.40336192,.40286893
36061021000,.40155792,.40241125,.40192431
36061021100,.40177971,.40263224,.40214425
36061021200,.40118575,.40204018,.40155512
36061021303,.40243745,.4032968,.40280277
36061021400,.40112215,.40197837,.40148634
36061021500,.40251273,.40337437,.40288323
36061021600,.40184686,.40270442,.40220886
36061021703,.40366438,.40453213,.40404403
36061021800,.4016099,.40247172,.40198106
36061021900,.40184188,.40269962,.40221196
36061022000,.40199238,.40284979,.40236288
36061022102,.40162909,.402484,.40199399
36061022200,.40190423,.40276301,.40226597
36061022301,.40171042,.40257299,.40208215
36061022302,.40174323,.40259755,.4021045
36061022400,.40193224,.40278745,.40230188
36061022500,.40084481,.40170318,.40120178
36061022600,.40137923,.40223691,.40174747
36061022700,.4015857,.40244314,.40194574
36061022800,.40090686,.40177208,.40127689
36061022900,.40076846,.4016349,.40113601
36061023000,.40073654,.40159363,.40109822
36061023100,.40170336,.40256035,.40206885
36061023200,.40091899,.40176994,.40128523
36061023300,.40081102,.40166628,.40117079
36061023400,.40099615,.40185237,.40136147
36061023501,.40124959,.40210891,.40161532
36061023502,.40095377,.40181291,.40132403
36061023600,.40088004,.40174252,.40125096
36061023700,.40027419,.40112436,.40063524
36061023801,.41047746,.41133279,.41084057
36061023802,.41200688,.41286418,.41237843
36061023900,.40083382,.40169519,.40120018
36061024000,.40848792,.40935105,.40887567
36061024100,.40018046,.40103602,.40054354
36061024200,.4029901,.40385181,.40336257
36061024301,.40134215,.40219602,.40170962
36061024302,.40101629,.40187061,.40137994
36061024500,.40139163,.40225157,.40175608
36061024700,.40012723,.40097779,.40048313
36061024900,.40128219,.40214205,.401649
36061025100,.40130764,.40217036,.40167654
36061025300,.40121251,.40206504,.40157777
36061025500,.40066785,.40152496,.40103301
36061025700,.40263325,.40349168,.40300298
36061025900,.40158466,.40243998,.40194464
36061026100,.40045309,.40131292,.40081847
36061026300,.40100008,.40185392,.40135899
36061026500,.40082619,.40168336,.40118915
36061026700,.39900458,.39986059,.39936128
36061026900,.39924371,.40010089,.39960682
36061027100,.39994353,.40078837,.4003045
36061027300,.40100008,.40185651,.40137032
36061027500,.40081257,.4016746,.4011814
36061027700,.39920205,.400051,.39955556
36061027900,.3992627,.40011531,.39961624
36061028100,.40082079,.40168223,.40118951
36061028300,.39937899,.40022659,.39973164
36061028500,.39882863,.39967859,.39918536
36061028700,.40064359,.40150183,.40100855
36061029100,.39901927,.39986989,.39936849
36061029300,.39820349,.39904869,.3985557
36061029500,.39934146,.40019393,.39969218
36061029700,.39834285,.39919871,.39870787
36061029900,.39863086,.39948148,.39898187
36061030300,.39835554,.3991988,.39870623
36061030700,.39862984,.3994813,.39898241
36061030900,.39897835,.39982784,.3993392
36061031100,.40015453,.40102375,.40053353
36061031703,.39840543,.39927021,.39875847
36061031704,.39678973,.39766073,.39714801
36061031900,.39749712,.39836323,.3978588
36081000100,.41210899,.41296905,.41247633
36081000200,.4082301,.40910286,.40861535
36081000400,.40781316,.40869278,.40820098
36081000600,.40547445,.40636075,.40585566
36081000700,36.236977,37.296425,36.795158
36081000800,.40671223,.40759325,.40708974
36081001000,.40832067,.40919673,.40870488
36081001200,.40844932,.40932477,.40883178
36081001400,.41011947,.4109906,.41049731
36081001600,.40918013,.41006854,.40957314
36081001800,.40926224,.41014469,.40964592
36081001900,.41239256,.41324821,.41276896
36081002000,.40955108,.41043115,.40993619
36081002200,.40971714,.4105902,.41009897
36081002400,.40961522,.4104898,.41000023
36081002500,.41204894,.41289899,.41240758
36081002600,.40946385,.41033947,.40984946
36081002800,.40904176,.40992495,.40942538
36081003000,.40891275,.40979466,.40929851
36081003100,.41243178,.41328409,.41279852
36081003200,.40751567,.40839386,.40789422
36081003300,.41326189,.41410857,.41362196
36081003400,.4064768,.4073607,.40685895
36081003600,.40521246,.40608364,.40558785
36081003700,.41079637,.4116585,.41117764
36081003800,.40669444,.40757963,.40707663
36081003900,.41519332,.41605663,.41557196
36081004001,.40557313,.40644991,.4059459
36081004002,.40500885,.40587819,.40537795
36081004200,.40417325,.40503502,.40454161
36081004300,.41515538,.4160167,.41552675
36081004401,.40291047,.40378451,.40328228
36081004500,.41633731,.41720465,.4167183
36081004700,.41540086,.41626623,.41577905
36081005100,.41476542,.41562375,.41513431
36081005200,.40407977,.40494412,.40444273
36081005300,.41586968,.41672656,.416237
36081005400,.40557373,.40645331,.40594816
36081005500,.41502196,.41588086,.41538626
36081005700,.41550863,.41636765,.41587418
36081005800,.40381172,.40469921,.40419126
36081005900,.41567212,.41653198,.41604227
36081006100,.41470158,.41555414,.41506469
36081006201,.40379605,.40466595,.40416551
36081006202,.40261906,.40349621,.40300059
36081006300,.41519842,.41605958,.41556075
36081006501,.4134925,.41435307,.41386503
36081006502,.41495091,.41581753,.41532177
36081006900,.41352332,.41438603,.41389555
36081007100,.41381523,.41467553,.4141857
36081007300,.4149608,.41582769,.41533068
36081007500,.41470155,.41555369,.41507179
36081007700,.41523898,.41610256,.41561788
36081007900,.41551542,.41638303,.41589305
36081008100,.41604805,.41692078,.41642919
36081008300,.41533169,.41620117,.41571504
36081008500,.41339135,.41423842,.41374892
36081008600,.4043197,.40518636,.40468919
36081008700,.41666019,.41752452,.41703898
36081008800,.40377831,.40465081,.40414491
36081009100,.41512221,.4159869,.41548949
36081009400,.40497756,.40584156,.40534782
36081009500,.41301811,.41388154,.41339248
36081009600,.40561545,.40648699,.40599257
36081009700,.41348371,.41434598,.41386539
36081009800,.40530699,.40616846,.40567362
36081010000,.4058795,.40674537,.40625942
36081010100,.41407734,.41494769,.41445547
36081010200,.40621573,.40709662,.40659678
36081010300,.4156945,.41656381,.41607672
36081010400,.40584368,.40671039,.40622431
36081010500,.41572967,.41658926,.4161095
36081010600,.40566123,.40653157,.40604579
36081010701,.41001284,.41086653,.41038936
36081010800,.40715694,.40803427,.40754279
36081011000,.40615398,.40702507,.40654308
36081011100,.41430894,.41516823,.41468549
36081011200,.40524459,.40611458,.40561223
36081011300,.41411635,.41497537,.41449219
36081011400,.4067933,.40767276,.40716612
36081011500,.41339394,.41425487,.41377276
36081011600,.40731746,.40819475,.4076992
36081011700,.41367054,.4145399,.41404641
36081011800,.40826124,.4091405,.40864399
36081011900,.41401011,.41487861,.41439956
36081012000,.40750003,.40837944,.4078812
36081012100,.41432562,.41519415,.41470802
36081012200,.41020817,.41108668,.41059488
36081012301,.41602445,.41689292,.41641027
36081012400,.40952137,.41039962,.40990791
36081012500,.41214681,.41300613,.41252244
36081012601,.40928274,.41016296,.40966797
36081012602,.40882987,.40970826,.4092164
36081012800,.40997317,.410851,.41035879
36081013000,.41034111,.41121155,.41071862
36081013200,.41148794,.41236615,.41186252
36081013400,.41217133,.41304332,.41253805
36081013500,.4160631,.4169426,.41645977
36081013600,.41168672,.41255867,.41205341
36081013700,.41484034,.4157123,.41522506
36081013800,.41310996,.41398013,.41346735
36081014000,.41110408,.4119783,.41148013
36081014100,.41435486,.41522396,.41473365
36081014201,.41155806,.41243008,.41192916
36081014202,.41249651,.41336122,.41286325
36081014300,.41450197,.41536343,.41486621
36081014400,.4103663,.41124278,.41075039
36081014500,.41553301,.41639701,.41590181
36081014700,.41572893,.41658869,.41608638
36081014800,.4090187,.40989864,.40940297
36081014900,.41569752,.41655546,.41605932
36081015000,.40883058,.40970767,.40921152
36081015100,.41548243,.41634643,.41584677
36081015200,.4096927,.41056868,.41007039
36081015300,.4149465,.4157958,.41530806
36081015400,.40837163,.40924484,.4087514
36081015500,.41479915,.41565186,.41516203
36081015600,.4078325,.40871447,.40822107
36081015700,.41429353,.41514754,.4146542
36081015801,.40808162,.40895918,.40846366
36081015802,.40655994,.40743071,.40693831
36081015900,.4143222,.4151715,.41468403
36081016100,.41494215,.41579127,.41529244
36081016300,.41575584,.41661388,.4161132
36081016400,.40754151,.40842712,.40793216
36081016600,.40668193,.40756309,.40706861
36081016800,.40734953,.40823844,.40774429
36081016900,.41653579,.41739023,.41690311
36081017000,.4075501,.40843192,.40793294
36081017100,.41286674,.41373241,.4132483
36081017200,.40864927,.40953177,.40903544
36081017400,.40850371,.40938297,.40887886
36081017600,.40888435,.40977174,.40926623
36081017800,.40908596,.40996855,.40946043
36081017900,.41458303,.41543102,.41494796
36081018000,.40859807,.40948415,.40898219
36081018101,.41521788,.41607821,.41559118
36081018102,.41561985,.41647732,.41598898
36081018200,.40915391,.41003931,.40953749
36081018300,.41641337,.41726598,.41678119
36081018401,.40889591,.40978858,.40928793
36081018402,.41025394,.4111433,.41063529
36081018501,.41805893,.41890582,.41843307
36081018502,.41787231,.41872743,.41823936
36081018700,.41777915,.41862434,.4181411
36081018800,.40885437,.40974003,.4092356
36081018900,.41771024,.41856697,.41808093
36081019000,.41051602,.41139215,.4108879
36081019200,.41251931,.41342309,.41289404
36081019400,.41263387,.41351101,.41299716
36081019600,.41264087,.41351748,.41300076
36081019800,.41231796,.41319156,.41268021
36081019900,.4182888,.41914314,.41866356
36081020200,.4118312,.41270018,.41220039
36081020400,.41245741,.41331655,.41281486
36081020500,.42053092,.42138335,.4209016
36081020600,.41188067,.4127444,.41224054
36081020800,.41223109,.41308391,.41258711
36081021200,.41205001,.41291589,.41241279
36081021400,.41356656,.41443235,.41392308
36081021600,.41526204,.41612434,.41561669
36081021900,.41168606,.41254506,.41207635
36081022001,.41416535,.41502231,.41451848
36081022002,.4139725,.41483748,.4143298
36081022900,.41326323,.4141221,.41364324
36081023000,.4131459,.41400912,.41350287
36081023200,.41235286,.41320425,.41270751
36081023500,.41718885,.41803873,.41755366
36081023600,.41263554,.41349283,.41298822
36081023800,.41151804,.41237649,.41187161
36081024000,.41020256,.41106004,.41055733
36081024300,.42048246,.421341,.42084727
36081024500,.41848356,.41934139,.41884664
36081024600,.40906727,.40994155,.40942922
36081024700,.41753954,.41839281,.41790122
36081024900,.41645676,.41730687,.41681689
36081025100,.41634586,.41719764,.41670364
36081025301,.41600129,.41686165,.41636989
36081025302,.41553569,.41638601,.41589397
36081025400,.4109776,.41184714,.41133797
36081025500,.41628557,.41714382,.41665307
36081025700,.41663596,.41748971,.41699642
36081025800,.41056979,.41145384,.410932
36081025900,.41650158,.41735768,.41686323
36081026000,.410236,.41111383,.41060376
36081026100,.41643989,.41729447,.41680065
36081026200,.40939271,.41026774,.40975863
36081026300,.41702259,.41787559,.41738021
36081026400,.41035432,.41122907,.41070664
36081026500,.41571561,.41656703,.41607374
36081026600,.4105601,.41143936,.41091537
36081026700,.41569829,.4165459,.4160521
36081026901,.41777697,.41862214,.41812825
36081026902,.4173598,.41820747,.41771457
36081027000,.40952826,.41040695,.40989643
36081027100,.41790074,.41874945,.41825479
36081027200,.40944755,.41033131,.40982342
36081027300,.41820925,.41906315,.41857034
36081027500,.41894239,.41979724,.41930988
36081027600,.40996125,.41084886,.41033351
36081027700,.41928852,.42013848,.4196516
36081027800,.40985096,.41073298,.41021258
36081027900,.41852969,.41937733,.41889495
36081028000,.41060269,.41147876,.41095668
36081028100,.4181028,.41896111,.4184646
36081028200,.40993565,.41080797,.41029057
36081028300,.41751206,.41836369,.41787314
36081028400,.40839803,.40928292,.4087683
36081028500,.41700441,.41786388,.4173649
36081028700,.41618687,.41703761,.41654083
36081028800,.40888956,.40978914,.40927005
36081028900,.4160583,.41691297,.41641426
36081029100,.4163273,.41718113,.41668952
36081029300,.41649616,.4173435,.41684997
36081029400,.40755367,.40845925,.40793988
36081029500,.41635883,.41722038,.41672218
36081029700,.41703916,.41790569,.41741127
36081029900,.41344035,.41429442,.41381872
36081030600,.40716302,.40806681,.40754238
36081030902,.41734535,.41821367,.41772035
36081030903,.4174037,.41826528,.41777188
36081030904,.4161467,.41700995,.41652268
36081031700,.41601998,.41688582,.41640246
36081032000,.40661973,.40753058,.40698695
36081032700,.41814789,.4190096,.41852105
36081032800,.40676218,.4076362,.40711904
36081032900,.41738084,.41824919,.41776294
36081033000,.40677986,.40765911,.40714583
36081033100,.41207829,.41292435,.41244662
36081033401,.40721148,.40807697,.40757322
36081033402,.40661886,.40750241,.40698895
36081033700,.41900772,.41987309,.4193942
36081033900,.41904336,.41990358,.41941604
36081034700,.41746783,.41832891,.41784644
36081035100,.41979215,.42065537,.42016733
36081035200,.40919906,.41006684,.40954778
36081035300,.42044884,.42131203,.42082462
36081035700,.41835642,.41921884,.41873276
36081035800,.40759233,.40847075,.40795535
36081036100,.41968286,.42054302,.42005858
36081036300,.42003638,.42089239,.42040855
36081036500,.41969261,.42054552,.42006496
36081036600,.40964937,.41052446,.4100017
36081036700,.41993338,.42078564,.42030317
36081036800,.40998989,.41085818,.41033763
36081037100,.42001358,.42089713,.42040211
36081037300,.41911995,.41997433,.41949248
36081037500,.41797018,.41882133,.41832331
36081037600,.40991899,.41080549,.41025835
36081037700,.41903728,.4198955,.41940722
36081037900,.41871366,.41956875,.41907641
36081038100,.41818309,.4190315,.41854632
36081038301,.41368163,.41452843,.41404939
36081038302,.4196375,.42051256,.42001045
36081038400,.40993601,.41082722,.41027445
36081039400,.41001269,.41088176,.41036066
36081039800,.41020349,.41107559,.41055167
36081039900,.41859591,.41945165,.41896567
36081040000,.41052592,.41139501,.41086838
36081040100,.41876313,.4196251,.41913605
36081040200,.41106299,.4119392,.41141069
36081040300,.41900295,.41985548,.41936129
36081040400,.41056702,.4114334,.41091478
36081040500,.41988134,.42074132,.42025024
36081040700,.41950309,.4203549,.4198631
36081040900,.41913998,.41998887,.41950506
36081041100,.42036301,.42121673,.42072898
36081041300,.42037272,.42123103,.42074269
36081041400,.41247636,.41334045,.412828
36081041500,.42164162,.4225018,.42201588
36081042400,.41191164,.4127872,.41225469
36081042600,.40703294,.40791908,.40740252
36081042700,.42205334,.42290586,.42242083
36081043200,.41133213,.41220504,.41168064
36081043400,.41184294,.41271988,.41219705
36081043701,.42105532,.42191195,.42142266
36081043702,.42072666,.42157471,.42109385
36081043900,.42193043,.4227882,.42230237
36081044000,.4123227,.41318268,.41266614
36081044301,.42088878,.42174137,.42125362
36081044302,.41994655,.42079222,.42030737
36081044400,.41284063,.41371018,.41318938
36081044601,.41272324,.41359234,.41307032
36081044602,.41395932,.41482908,.41431433
36081044800,.41338322,.41424948,.4137384
36081045000,.41364908,.41450822,.41400665
36081045200,.41309994,.41396675,.41345537
36081045400,.41337362,.4142409,.41371706
36081045500,.41792333,.41877496,.41828114
36081045600,.41335481,.41422623,.41370466
36081045700,.41780877,.41865715,.41816804
36081045800,.41344041,.41430604,.41378558
36081045900,.41811967,.41896158,.41847652
36081046000,.41259676,.41346413,.41294786
36081046100,.4193275,.42017728,.41968846
36081046200,.41308364,.41395673,.41343009
36081046300,.41898084,.41983294,.41933763
36081046400,.41412389,.41500062,.41446537
36081046500,.41815132,.4189977,.4185099
36081046600,.41396028,.41483504,.41430521
36081046700,.41861999,.4194687,.41897139
36081046800,.41366673,.41453907,.41401675
36081046900,.41842496,.41927767,.41878498
36081047000,.41297829,.41385549,.41332453
36081047100,.41813165,.41898382,.41849363
36081047200,.41350293,.41438371,.41385087
36081047300,.41721368,.41805705,.41757232
36081047500,.41750002,.41834676,.41786295
36081047600,.41313532,.41402203,.41348034
36081047800,.41198158,.41286415,.41232336
36081047900,.41902524,.41987243,.41939121
36081048000,.41220057,.41307408,.41254365
36081048100,.41724122,.41808754,.41759554
36081048200,.41149157,.41237515,.41183645
36081048300,.41655171,.41739941,.41690451
36081048400,.4101041,.41097841,.41044658
36081048500,.41753435,.41838038,.41789383
36081048900,.42026898,.42112356,.42063147
36081049200,.41200447,.41289967,.41234887
36081049301,.42130005,.42216766,.42167979
36081049302,.42067233,.42152876,.42104432
36081049500,.42109841,.42196137,.42148012
36081049600,.41003597,.41091746,.41037646
36081049700,.42085946,.42172423,.42123479
36081049900,.41960227,.42045438,.41996562
36081050000,.40907377,.40993798,.40941519
36081050201,.40928459,.41014433,.4096337
36081050202,.40863702,.40951079,.40898722
36081050400,.40926832,.41013384,.40960675
36081050500,.41693002,.41777873,.41729218
36081050600,.41041124,.41128582,.41074616
36081050700,.41969663,.42055815,.4200722
36081050800,.40984184,.41070986,.41017628
36081051000,.40975004,.41063029,.4100908
36081051100,.42006844,.42092872,.42044434
36081051200,.41085863,.41175437,.41119787
36081051300,.42074391,.42160499,.42111719
36081051500,.41976866,.42062449,.42014253
36081051600,.40962884,.41049138,.40996972
36081051700,.42005575,.42092112,.4204331
36081051800,.41000968,.41088995,.4103452
36081052000,.4101398,.41102332,.4104768
36081052100,.41965365,.42051417,.42004174
36081052200,.41024846,.41112465,.41058514
36081052400,.41045287,.41133189,.41079634
36081052500,.41819835,.41906422,.41859508
36081052600,.40939939,.41026938,.40973639
36081052800,.40937552,.41025397,.4097243
36081053000,.40978071,.41066229,.41011783
36081053100,.41920793,.42007411,.41959798
36081053200,.40996701,.41085929,.41031253
36081053401,.40907854,.40996897,.40942234
36081053500,.41220498,.41307354,.41260153
36081053601,.40947813,.41033599,.4098044
36081053800,.41003063,.41093159,.4103696
36081053900,.41058677,.41146016,.41098797
36081054000,.40877622,.40965933,.40911803
36081054200,.40994596,.41083884,.41028544
36081054500,.40946889,.41033924,.40986705
36081054700,.40913999,.41000518,.40952677
36081054800,.41154259,.41244352,.41188672
36081054900,.40941584,.41028136,.40980491
36081055100,.41061813,.4114936,.4110207
36081055200,.41187054,.41277018,.41221952
36081055300,.40897804,.40984008,.40936071
36081055400,.41067487,.41157228,.41102135
36081055500,.40736702,.4082256,.40774286
36081055600,.41192311,.41282284,.41226885
36081055700,.409706,.41058081,.4101049
36081055800,.40992385,.41081378,.41026759
36081055900,.40718013,.4080382,.40755731
36081056000,.41058025,.41146368,.41092068
36081056100,.40982151,.41071019,.41022879
36081056200,.41021875,.41111445,.41056556
36081056400,.41148961,.4123956,.41183925
36081056500,.40838918,.40926343,.40877619
36081056600,.41014785,.41104943,.41050094
36081056700,.41155347,.41244319,.41196066
36081056800,.40895855,.40985674,.40930831
36081057700,.412462,.41335079,.41287759
36081057900,.41263288,.41351929,.41304609
36081058000,.41060886,.41150391,.41094649
36081058100,.41247135,.41335183,.41287959
36081058200,.41036171,.4112609,.41069958
36081058300,.41277537,.41364926,.41318011
36081058500,.41393584,.41481084,.41434163
36081058700,.41454408,.41541961,.41494352
36081058900,.41257197,.41345686,.41298345
36081059100,.41439807,.41527152,.4148016
36081059200,.41098943,.41185763,.41129601
36081059300,.41767097,.41853639,.41806743
36081059400,.410429,.41133562,.41076112
36081059500,.41854796,.41941461,.41894144
36081059600,.41079825,.41169864,.41112766
36081059800,.41069943,.41160509,.41103801
36081059900,.42168429,.4225508,.42207313
36081060000,.41147742,.4123823,.41181642
36081060100,.42123276,.42210597,.42162934
36081060300,.41935176,.42022395,.41974872
36081060600,.41045564,.41135496,.41078931
36081060701,.41225344,.41311252,.41264355
36081060800,.4107573,.4116531,.41108888
36081061200,.41052318,.41143125,.41086125
36081061301,.41750342,.41839057,.41790879
36081061302,.41102073,.41189092,.41141617
36081061400,.40985373,.41074759,.41018701
36081061601,.40892664,.40982789,.40926707
36081061602,.40876058,.40966251,.40910375
36081061800,.4094055,.41029787,.40975764
36081061900,.41737258,.41824394,.41776294
36081062000,.40953875,.41042709,.40988356
36081062100,.41801646,.41888061,.41839808
36081062200,.40997818,.41087478,.41030777
36081062300,.41507882,.41594988,.41546911
36081062400,.40601736,.40691325,.40637946
36081062500,.41356355,.41444239,.41396141
36081062600,.40960485,.41049927,.40995586
36081062700,.4121162,.41299257,.41252053
36081062900,.41229963,.41318858,.41271034
36081063000,.40870142,.4095903,.40905732
36081063200,.4088921,.40977669,.40924537
36081063301,.41597527,.41684657,.41636384
36081063302,.41661954,.41748655,.41699672
36081063500,.41626948,.41713923,.41665268
36081063700,.41553771,.41640794,.41592136
36081063800,.40690452,.40778553,.40726256
36081063900,.41250867,.41338414,.41289249
36081064101,.41141716,.41229489,.41180038
36081064102,.41217893,.4129988,.41252533
36081064500,.41482434,.41569459,.41520241
36081064600,.40758255,.40845907,.4079425
36081065400,.40495074,.40584517,.40531933
36081065501,.41197062,.41283888,.41235176
36081065600,.40472275,.40563381,.40509909
36081065702,.41599935,.41686773,.41639179
36081065703,.41819572,.4190661,.41857821
36081065900,.41698647,.41785175,.41737634
36081066000,.40466166,.40556324,.4050281
36081066100,.41774452,.41860798,.4181352
36081066300,.41888127,.41973785,.41925675
36081066400,.40383422,.40476575,.40419757
36081066501,.41858608,.41945115,.41897193
36081066701,.41958177,.42044571,.41996551
36081066900,.42019507,.42105168,.42057592
36081067100,.41886812,.41971824,.41923624
36081067700,.41773754,.4185918,.41811389
36081067900,.416035,.41687918,.41639853
36081068000,.40683407,.40770894,.40719169
36081068200,.40694672,.40782154,.40731138
36081068300,.4166317,.41747171,.41698098
36081068700,.41664577,.4174923,.4170047
36081069000,.40534997,.40625346,.40571919
36081069300,.41676009,.41760504,.41711235
36081069400,.40631163,.40722793,.40667307
36081069500,.4159925,.41683677,.4163568
36081069701,.41661173,.417454,.41696727
36081069702,.41572922,.41657868,.41609335
36081070300,.41497892,.41583472,.41535479
36081070700,.41477984,.41564304,.41515121
36081070900,.41492888,.41578919,.41529524
36081071100,.41537493,.41622829,.41572374
36081071303,.41668725,.41754043,.41704029
36081071304,.41724002,.41808903,.41759816
36081071305,.41643971,.4172864,.41678765
36081071306,.41668665,.41754457,.41704023
36081071600,.40230533,.40319899,.40268183
36081071701,.41710341,.41794878,.4174602
36081071702,.41727895,.41812098,.41763031
36081071900,.41826618,.41911763,.41863328
36081072100,.41765219,.41849905,.41800869
36081072300,.41466817,.41551974,.41502467
36081072900,.41480637,.41566813,.41517645
36081073100,.41482624,.41568822,.4151924
36081073700,.41450089,.41535804,.41485268
36081073900,.41526347,.41611439,.41561061
36081074100,.41720229,.41804475,.41755331
36081074300,.41841441,.41926637,.41877291
36081074500,.41930121,.42015761,.4196648
36081074700,.41864604,.4194946,.41900432
36081074900,.41464761,.41549587,.41499412
36081075701,.41379407,.41465193,.41414031
36081075702,.41553551,.41638675,.41588289
36081076901,.41408765,.41494596,.41444409
36081076902,.41407037,.41492727,.41442138
36081077300,.41332263,.41418391,.41367909
36081077500,.41315585,.41402394,.41351885
36081077902,.41497898,.41582572,.41533357
36081077903,.41446239,.41532266,.41481924
36081077904,.4141565,.41502297,.41451403
36081077905,.41368353,.41454148,.41404158
36081077906,.41554937,.416403,.41590402
36081077907,.41449362,.41535518,.41485173
36081077908,.41414917,.41501319,.41451138
36081078800,.40855742,.40946147,.40894702
36081079000,.4087005,.40958932,.40909037
36081079200,.40870738,.40959841,.4090957
36081079701,.41717935,.41804379,.41754168
36081079702,.418217,.41907761,.41858152
36081079900,.41719085,.41805649,.41754779
36081080301,.41789562,.41875869,.41825569
36081080302,.41603678,.41690308,.41640544
36081080900,.41587532,.41673213,.41622928
36081081400,.40745559,.40834394,.40784684
36081081800,.40764266,.40853029,.40803218
36081083700,.4179697,.41885117,.41833627
36081083800,.40628839,.407179,.40668073
36081084000,.40705916,.40795809,.40745485
36081084500,.41838413,.41926694,.41874927
36081084601,.40358114,.4044672,.40396476
36081084602,.40643302,.40731758,.40682673
36081084900,.41930765,.42017224,.41967827
36081085300,.41852999,.41939536,.4188883
36081085500,.41867417,.41955096,.41905645
36081085700,.41872483,.41959578,.41910172
36081085900,.41899365,.41986331,.41936857
36081086100,.4191435,.42002314,.41951483
36081086300,.41866261,.41952741,.41904217
36081086400,.40323818,.40410441,.40360123
36081086500,.4179875,.41885674,.41836572
36081086900,.41796261,.41882384,.4183439
36081087100,.41802368,.41888595,.41839787
36081088400,.40203789,.40291724,.40240705
36081088901,.41495794,.41583681,.41534415
36081089200,.40539622,.40629441,.40579477
36081090700,.41693628,.41779464,.41731685
36081091601,.3853592,.38623446,.38574445
36081091602,.38924652,.3901155,.38963476
36081091900,.41911587,.4199788,.41950703
36081092200,.3892746,.39014533,.38964388
36081092500,.41775352,.41862181,.41814667
36081092800,.39083827,.39173096,.39122248
36081092900,.41998494,.42083794,.42036825
36081093401,.39147151,.39235497,.39185607
36081093402,.39244217,.39333722,.39282817
36081093800,.39665264,.39755642,.39703298
36081093900,.41819924,.41907644,.4186002
36081094201,.39815313,.39905906,.39853254
36081094202,.39752036,.39844674,.39790338
36081094203,.39767694,.39860427,.3980636
36081094500,.41259319,.41346622,.41296983
36081094700,.41674668,.41760865,.4171358
36081095400,.39745212,.39835775,.39782202
36081096400,.39693904,.39785361,.39731535
36081097202,.39793169,.39885527,.39831692
36081097203,.39542246,.39634383,.39582592
36081097204,.39696333,.39788824,.39734438
36081097300,.41282481,.41371012,.41320992
36081098100,.4139635,.41487178,.41435391
36081098700,.4165768,.41747567,.416967
36081099100,.41570133,.4166097,.41609171
36081099200,.39795423,.39886743,.39833999
36081099701,.41570216,.41661394,.41609174
36081099703,.41773659,.41864052,.418127
36081099704,.41769594,.41860479,.41809481
36081099705,.41656172,.41747203,.41695243
36081099801,.39790976,.3988421,.39831081
36081099802,.39634782,.39727038,.39674139
36081099900,.40941203,.41029853,.40978366
36081100801,.39742652,.39834183,.3978073
36081100802,.39806274,.39898497,.39845863
36081101001,.3962872,.39722711,.39669788
36081101002,.39730605,.39825946,.39773285
36081101700,.4144004,.41530806,.41478497
36081102900,.41411531,.41501498,.41450167
36081103201,.39859679,.39952505,.39899373
36081103202,.39876407,.39969039,.3991695
36081103300,.4151814,.41607773,.41557106
36081103900,.41309115,.413975,.41347829
36081104700,.41587371,.4167608,.41627008
36081105900,.41781855,.41872394,.41820776
36081107201,.40079033,.40169102,.40116292
36081108500,.41653854,.41745198,.4169358
36081109300,.4174467,.41835177,.41784355
36081109700,.41643214,.41733319,.41681761
36081109900,.41618192,.41708273,.41656798
36081111300,.41620427,.41711783,.41659093
36081112300,.41643161,.41732186,.41680324
36081112900,.41644257,.41734713,.41682839
36081113300,.41498524,.41588825,.4153713
36081113900,.41635996,.41726422,.4167473
36081114100,.41687539,.41778755,.41727012
36081114700,.41745114,.41835815,.41784576
36081115100,.41710928,.41800547,.41750774
36081115500,.41698265,.41787738,.41738394
36081115700,.41723013,.41811371,.41761905
36081115900,.41603595,.41691908,.41643044
36081116100,.41659725,.41746438,.41697997
36081116300,.41771412,.41858482,.41809517
36081116700,.41809916,.41898489,.41848546
36081117100,.41641617,.41730869,.41679877
36081117500,.41599584,.41688335,.41638133
36081118100,.4155013,.41640407,.41589069
36081118500,.41623253,.41711563,.41661122
36081118700,.41726789,.41814381,.41765147
36081118900,.41791546,.41879246,.41828868
36081119100,.41739583,.41828114,.41776741
36081119300,.41625226,.41713589,.41662496
36081119500,.41707465,.41796577,.41744655
36081119900,.41750795,.418401,.41788846
36081120100,.41811562,.41900241,.41848886
36081120300,.41773665,.41862366,.41811413
36081120500,.41766483,.41854995,.41803893
36081120700,.41699153,.41787663,.41736177
36081121100,.41316748,.41403472,.41353649
36081121500,.41705066,.41793001,.4174248
36081122300,.41635931,.41724315,.41672677
36081122701,.41602051,.41688567,.41637996
36081122702,.41650027,.4173668,.41686177
36081124100,.41457433,.41545206,.41494179
36081124700,.41446042,.41534501,.41482651
36081125700,.41464341,.4155097,.41500413
36081126500,.41378719,.41465771,.41414803
36081126700,.41398811,.41486514,.41435093
36081127700,.41463196,.41552418,.41499317
36081128300,.41416836,.41507024,.41452783
36081129102,.41323262,.4141345,.41358367
36081129103,.41416836,.41508067,.41452569
36081129104,.41409248,.41499531,.41444111
36081130100,.41229522,.41321373,.41265738
36081133300,.41491333,.41580632,.41527346
36081133900,.41453737,.41542566,.41489649
36081134100,.41508085,.41596758,.41544619
36081134700,.41557413,.41647214,.415939
36081136700,.4132483,.41415745,.4136067
36081137700,.41341561,.41433552,.41378108
36081138501,.4160741,.41698936,.41644189
36081138502,.40939927,.41030139,.40976912
36081139900,.41625005,.41715646,.41661891
36081140300,.41653979,.41744739,.41691202
36081140901,.4157452,.41664922,.41611385
36081140902,.41682193,.41772038,.41719091
36081141700,.41760039,.41849118,.41796586
36081142900,.41790056,.4187997,.4182739
36081143500,.41686672,.4177773,.41723984
36081144100,.41650289,.41739959,.41686481
36081144700,.41572225,.41662475,.41609776
36081145101,.41715854,.41805917,.41753519
36081145102,.41754079,.41844279,.41791299
36081145900,.41780511,.41870129,.41818285
36081146300,.41752821,.41844752,.41791835
36081146700,.41675693,.41766125,.41713929
36081147100,.41646546,.41737801,.41684231
36081147900,.41842079,.41935405,.41883236
36081148300,.41813469,.41905224,.41855225
36081150701,.41546315,.41638356,.41584653
36081150702,.41445583,.41536182,.4148246
36081152901,.41205347,.4129858,.4124476
36081152902,.41167825,.4126052,.41204268
36081155101,.4101654,.41109264,.41054267
36081155102,.41206956,.41298679,.41243359
36081156700,.41164812,.41256434,.41201162
36081157101,.41074628,.41165382,.41110939
36081157102,.41107965,.41199017,.41143745
36081157901,.41217363,.41308355,.41252977
36081157902,.41192478,.41284552,.41229343
36081157903,.41062647,.41155589,.41099378
36081161700,.40884641,.40974993,.40920281
36081162100,.41072845,.41163975,.4110778
36085000300,.37388772,.37479806,.37427366
36085000600,.37169164,.37261024,.37208375
36085000700,.37093785,.37185949,.37133908
36085000800,.37717944,.37810126,.37756962
36085000900,.36662841,.36755288,.36704308
36085001100,.3659665,.36689177,.36638007
36085001700,.36709684,.3680256,.36750966
36085001800,.37585896,.37677243,.37625304
36085002001,.38004118,.3809498,.380418
36085002002,.3805404,.38144952,.38092345
36085002100,.36607921,.36698145,.36644685
36085002700,.3699595,.37088645,.3703565
36085002900,.36947271,.37040478,.36986846
36085003300,.36637777,.36730254,.36678839
36085003600,.37657934,.37748936,.37696934
36085003900,.36546314,.36638361,.36586913
36085004000,.37127113,.37220737,.3716656
36085004700,.37047938,.37140048,.3708809
36085005000,.37376404,.37466908,.37414613
36085005900,.36423218,.36516654,.36465079
36085006400,.3776505,.37856609,.37803739
36085006700,.36256066,.36350939,.36299592
36085007000,.37406713,.37498742,.37446898
36085007400,.37499464,.3759138,.37539208
36085007500,.36581063,.3667466,.36623824
36085007700,.36546484,.36640283,.3658877
36085008100,.36475581,.36569026,.36517805
36085009601,.37398496,.3749029,.37438029
36085009602,.37147263,.37239248,.3718738
36085009700,.36434469,.36528736,.36476186
36085010500,.36398035,.36492884,.36440736
36085011201,.37265453,.37358066,.37306148
36085011202,.37073243,.37166205,.37114567
36085011401,.37126052,.37217772,.37166336
36085011402,.36896408,.36989224,.36937279
36085012100,.36676583,.36770299,.36718854
36085012200,.3664777,.36741284,.36689126
36085012500,.36564642,.36658001,.36606941
36085012804,.36761457,.36856347,.36804807
36085012805,.3667444,.36770689,.36716986
36085012806,.36771297,.36866468,.36814854
36085013201,.36522496,.36616522,.365641
36085013203,.36184567,.36279494,.36225834
36085013204,.36664313,.36758852,.3670584
36085013301,.3666333,.36754975,.36702028
36085013302,.36484757,.36577976,.3652606
36085013400,.36729527,.36823454,.36770809
36085013800,.36452729,.36545736,.36493188
36085014100,.3640267,.36495015,.36444312
36085014604,.36022198,.36115545,.36062503
36085014605,.36032033,.36125088,.3607232
36085014606,.36379761,.36473981,.36421889
36085014607,.36097777,.36191976,.36139068
36085014608,.36019948,.36112437,.36060649
36085014700,.3712824,.37220144,.37167907
36085015100,.36575681,.36667594,.36616519
36085015400,.36476046,.36570179,.36517242
36085015601,.36289763,.36385518,.36332339
36085015602,.36195642,.36292085,.36238009
36085015603,.36317056,.36413792,.36359924
36085016901,.37139159,.37230563,.371786
36085017005,.3597804,.36071992,.3601824
36085017007,.35990959,.36083359,.36032385
36085017008,.35899013,.35993624,.35941002
36085017009,.35734549,.35829002,.35775405
36085017010,.3561303,.35706145,.35652983
36085017011,.36036539,.36129916,.36077255
36085017012,.36038294,.36132422,.36079875
36085017300,.37213784,.37305117,.37253237
36085017600,.35932565,.3602823,.35975146
36085017700,.36949471,.37041685,.36988741
36085018100,.36135304,.3622514,.36173874
36085018701,.37128186,.37219161,.37167633
36085018702,.37041008,.37133318,.37081134
36085018901,.36409581,.36500093,.36449996
36085018902,.36279428,.36370346,.36319941
36085019700,.36421281,.36512148,.36461586
36085019800,.3565779,.35755169,.35701776
36085020100,.36367083,.36459208,.36408964
36085020700,.36201358,.36294231,.36243749
36085020801,.35845247,.35938418,.35888153
36085020803,.35486677,.35579532,.35528591
36085020804,.35536182,.35629466,.35577989
36085021300,.3627612,.36369675,.36317879
36085022300,.36242229,.3633725,.36285269
36085022600,.35246158,.35337293,.35285592
36085022800,.36120778,.36213556,.36161602
36085023100,.36188054,.362829,.36231178
36085023900,.36144483,.36238521,.3618691
36085024401,.35444301,.35540983,.35488996
36085024402,.35362509,.35462266,.35413262
36085024700,.36194903,.36286449,.36236095
36085024800,.35312647,.35405946,.35355541
36085025100,.36014295,.3610552,.36056235
36085027301,.36429194,.36521015,.36469984
36085027302,.36205834,.3629725,.36245239
36085027702,.35956147,.3605006,.35996598
36085027704,.35934946,.36025465,.35973585
36085027705,.36861509,.36957198,.36902347
36085027706,.37333,.37428817,.37374616
36085027900,.36098316,.36192006,.36138138
36085029102,.35793823,.3588796,.35834903
36085029103,.36597472,.36690482,.36638278
36085029104,.37450385,.37544298,.37491497
36085030301,.3727231,.37369335,.37316215
36085030302,.3622719,.36322027,.3627173
36085031901,.36297506,.36392528,.36342293
36085031902,.36591882,.36685497,.36635774
36085032300,.3646453,.36558765,.36509109
