i,res_change_p5,res_change_p95,res_change_mean
36005000100,-.2159729,-.18774414,-.20178223
36005000200,-.19256592,-.1741333,-.18273926
36005000400,-.40673828,-.37139893,-.38952637
36005001600,-.48986816,-.44873047,-.46990967
36005001900,.091339111,.10324097,.097839355
36005002000,-.41833496,-.39343262,-.40625
36005002300,.095336914,.10894775,.10177612
36005002400,-.044006348,-.029689789,-.036464691
36005002500,.11508179,.12731934,.12115479
36005002701,.052398682,.059570313,.056274414
36005002702,.16293335,.17877197,.17068481
36005002800,-.090759277,-.080993652,-.085998535
36005003100,.055480957,.065093994,.061233521
36005003300,.046112061,.052246094,.048919678
36005003500,.08380127,.093139648,.088195801
36005003700,-.0027389526,-.0018920898,-.0022888184
36005003800,-.10772705,-.091567993,-.099838257
36005003900,.10852051,.12023926,.11499023
36005004001,-.21105957,-.18232727,-.19787598
36005004100,.091674805,.10095215,.096740723
36005004200,-.45959473,-.42126465,-.4395752
36005004300,.12384033,.13848877,.1317749
36005004400,-.37188721,-.33789063,-.3536377
36005004600,-.24557495,-.21359253,-.22941589
36005004800,-.39544678,-.35552979,-.37426758
36005005001,-.43151855,-.39093018,-.40985107
36005005002,-.39532471,-.35754395,-.37249756
36005005100,-.23840332,-.21960449,-.22644043
36005005200,-.28112793,-.23971558,-.2605896
36005005300,-.5078125,-.44992065,-.48248291
36005005400,-.56396484,-.51544189,-.53881836
36005005600,-.17224121,-.15252686,-.16296387
36005005902,-.12026978,-.10842896,-.11367798
36005006000,-.22215271,-.18669128,-.20248413
36005006100,.12774658,.14117432,.13458252
36005006200,-.27148438,-.24945068,-.26043701
36005006300,.086853027,.095825195,.091003418
36005006400,-.2744751,-.25036621,-.26177979
36005006500,.13995361,.15356445,.14556885
36005006700,.078674316,.088012695,.083557129
36005006800,-.18673706,-.1645813,-.17526245
36005006900,.068664551,.076721191,.072937012
36005007000,-.38525391,-.34472656,-.36480713
36005007100,.064025879,.073547363,.068450928
36005007200,-.51300049,-.46130371,-.48736572
36005007300,.041381836,.047485352,.044525146
36005007400,-.36352539,-.32943726,-.34429932
36005007500,.010803223,.014587402,.012451172
36005007600,-.30529785,-.2779541,-.29144287
36005007700,.028945923,.03414917,.031433105
36005007800,-.74237061,-.69213867,-.71453857
36005007900,.032714844,.037963867,.03515625
36005008300,-.050598145,-.044433594,-.047241211
36005008400,-.21575928,-.19360352,-.2048645
36005008500,-.26074219,-.23651123,-.25189209
36005008600,-.42047119,-.37747192,-.39697266
36005008700,-.68908691,-.62695313,-.66339111
36005008900,-.57937622,-.50906372,-.54986572
36005009000,-.21905518,-.19470215,-.20751953
36005009200,-.12078857,-.10766602,-.11480713
36005009300,-.037841797,-.025756836,-.031860352
36005009600,-.22399902,-.19671631,-.20858765
36005009800,-.20483398,-.18609619,-.19561768
36005011000,-.010237694,-.0036261082,-.0066070557
36005011502,-.46566772,-.4211731,-.44198608
36005011700,-.043518066,-.037384033,-.040252686
36005011800,-.26275635,-.23956299,-.25134277
36005011900,-.11077881,-.10095215,-.10571289
36005012101,-.11935425,-.10806274,-.11404419
36005012102,-.038742065,-.032440186,-.035385132
36005012300,-.18200684,-.16165161,-.17141724
36005012500,-.080078125,-.071075439,-.075378418
36005012701,.015319824,.018371582,.016693115
36005012901,-.025115967,-.021331787,-.022949219
36005013000,-.23934937,-.2035675,-.21932983
36005013100,-.057922363,-.05078125,-.054443359
36005013200,-.43927002,-.40661621,-.42510986
36005013300,-.021057129,-.015991211,-.018798828
36005013500,-.097290039,-.085998535,-.092254639
36005013800,-.04196167,-.036712646,-.039154053
36005014100,-.070068359,-.061279297,-.065246582
36005014300,-.012985229,-.010292053,-.01171875
36005014400,-.070800781,-.061340332,-.066040039
36005014500,-.72723389,-.66101074,-.69091797
36005014701,-.71936035,-.6519165,-.68688965
36005014702,-.47912598,-.43615723,-.45758057
36005014900,-.59317017,-.52822876,-.5557251
36005015100,-1.1333618,-1.0157471,-1.0809937
36005015200,-.094299316,-.083007813,-.089141846
36005015300,-.50497437,-.4604187,-.48110962
36005015500,-.31298828,-.27844238,-.29690552
36005015700,-.35192871,-.31454468,-.33331299
36005015800,-.030944824,-.026321411,-.028564453
36005015900,-.35360718,-.30987549,-.33258057
36005016000,-.50610352,-.46038818,-.48339844
36005016100,-.20654297,-.18829346,-.19683838
36005016200,-.29937744,-.26992798,-.2850647
36005016300,-.070579529,-.051021576,-.060081482
36005016400,-.20440674,-.17459106,-.18830872
36005016500,.0033416748,.0054168701,.0042877197
36005016600,-.1758728,-.15588379,-.16647339
36005016700,-.12762451,-.1100769,-.11859131
36005016900,-.10678101,-.095336914,-.10061646
36005017100,-.062839508,-.045471191,-.05424881
36005017300,-.16436768,-.15112305,-.15716553
36005017500,-.030578613,-.024353027,-.027709961
36005017701,-.1661377,-.14605713,-.15609741
36005017702,.0020446777,.0056762695,.0037536621
36005017901,.0018920898,.0057983398,.0039672852
36005017902,-.10455322,-.091949463,-.097290039
36005018101,-.071777344,-.064422607,-.067932129
36005018102,-.14337158,-.12902832,-.13690186
36005018301,-.089599609,-.080688477,-.085021973
36005018302,.056396484,.063934326,.059967041
36005018400,-.41430664,-.37518311,-.39416504
36005018500,-.20251465,-.18597412,-.19464111
36005018900,.27752686,.29931641,.28771973
36005019300,-.067260742,-.060852051,-.063720703
36005019400,-.2824707,-.24798584,-.26437378
36005019500,.46795654,.51049805,.48730469
36005019700,.36920166,.39862061,.38275146
36005019900,-.5690918,-.52557373,-.54730225
36005020000,-.53948975,-.49542236,-.51574707
36005020100,-.359375,-.32452393,-.34075928
36005020200,-.068695068,-.05947876,-.064422607
36005020400,-.38970947,-.35305786,-.37072754
36005020501,-.17126465,-.15466309,-.16308594
36005020502,-.76217651,-.6842041,-.72512817
36005020601,-.2940979,-.26229858,-.27853394
36005020900,-.042114258,-.03729248,-.039428711
36005021001,-.69824219,-.65234375,-.67492676
36005021002,-.85668945,-.80773926,-.83325195
36005021100,.0045776367,.0096435547,.0070800781
36005021200,-.30401611,-.28094482,-.29229736
36005021301,.028259277,.034484863,.031417847
36005021302,-.13946533,-.12701416,-.13354492
36005021501,-.037719727,-.032409668,-.035064697
36005021502,-.045288086,-.037963867,-.04107666
36005021601,-.49261475,-.44525146,-.47027588
36005021602,-.56835938,-.52069092,-.54296875
36005021700,-.18463135,-.16604614,-.17559814
36005021800,-.58721924,-.54162598,-.56488037
36005021900,.00021362305,.0017242432,.00094604492
36005022000,-.082168579,-.070343018,-.076446533
36005022101,.031402588,.035644531,.033111572
36005022102,-.1965332,-.1776123,-.18737793
36005022200,-.51525879,-.46429443,-.48928833
36005022300,-.16107178,-.14520264,-.15148926
36005022401,-.31384277,-.2789917,-.29800415
36005022403,-.21673584,-.19598389,-.20516968
36005022404,-.43023682,-.38867188,-.40808105
36005022500,-.68157959,-.63226318,-.65740967
36005022701,-.71228027,-.64849854,-.67773438
36005022702,-.20993042,-.18386841,-.1973877
36005022703,-.42987061,-.37252808,-.40563965
36005022800,-1.4830322,-1.3731079,-1.428833
36005022901,-.83129883,-.76293945,-.7979126
36005022902,-.70474243,-.63827515,-.66894531
36005023000,-.35110474,-.31030273,-.32876587
36005023100,-.12104797,-.1023407,-.11125183
36005023200,-.3586731,-.31719971,-.33865356
36005023301,-.14343262,-.12930298,-.13586426
36005023302,-.34710693,-.30871582,-.32922363
36005023501,-.18319702,-.16210938,-.17297363
36005023502,-.25500488,-.23086548,-.24472046
36005023600,-.26202393,-.23022461,-.24523926
36005023702,-.1725769,-.14009094,-.15541077
36005023703,-.44506836,-.40313721,-.42663574
36005023704,-.25927734,-.22866821,-.24411011
36005023800,-.49609375,-.44125366,-.46588135
36005023900,-.55700684,-.51239014,-.53674316
36005024000,-.33184814,-.29974365,-.31536865
36005024100,-.18011475,-.16149902,-.17114258
36005024300,.06048584,.068237305,.064025879
36005024400,-.14401245,-.12823486,-.13464355
36005024501,.081634521,.091003418,.086303711
36005024502,-.11715698,-.10290527,-.10968018
36005024600,-.11523438,-.099243164,-.10644531
36005024700,.024749756,.028778076,.026733398
36005024800,-.19342041,-.17205811,-.18240356
36005024900,-.070926666,-.052062988,-.059799194
36005025000,-.13626099,-.12060547,-.13012695
36005025100,-.60229492,-.55523682,-.57592773
36005025200,-.36282349,-.32177734,-.34008789
36005025300,-.33099365,-.30505371,-.31848145
36005025400,-.21652222,-.18592834,-.2013855
36005025500,.072753906,.081787109,.077392578
36005025600,-.21008301,-.18597412,-.19775391
36005025700,-.13821411,-.11909485,-.12852478
36005026100,-.10443115,-.089279175,-.096588135
36005026300,-.21893311,-.20043945,-.20910645
36005026400,-.32128906,-.29406738,-.30773926
36005026500,-.18066406,-.16564941,-.17401123
36005026601,-.18774414,-.16638184,-.17788696
36005026602,-.43798828,-.41021729,-.42388916
36005026701,-.14990234,-.13577271,-.14395142
36005026702,-.33795166,-.30786133,-.32421875
36005026900,-.35345459,-.32107544,-.33575439
36005027300,-.44812012,-.41381836,-.43054199
36005027401,-.44744873,-.41333008,-.43035889
36005027402,-.29763794,-.26800537,-.28286743
36005027600,-.033397675,-.02255249,-.027965546
36005027700,-.23754883,-.21734619,-.22814941
36005027900,-.40917969,-.37640381,-.39251709
36005028100,-.064758301,-.057556152,-.060668945
36005028300,-.10983276,-.097015381,-.10360718
36005028400,-.050048828,-.040245056,-.045562744
36005028500,-.087585449,-.077209473,-.082427979
36005028600,-.14927673,-.12649536,-.13737488
36005028700,-.21755981,-.19869995,-.20828247
36005028800,-.36291504,-.31954956,-.33990479
36005028900,-.24273682,-.22015381,-.2300415
36005029301,-.078369141,-.067184448,-.072387695
36005029302,.030639648,.038452148,.034545898
36005029500,-.30578613,-.27947998,-.29119873
36005029600,-.73455811,-.6519165,-.68826294
36005029700,-.27801514,-.25134277,-.26397705
36005030000,-.76831055,-.71252441,-.74084473
36005030100,-.27883911,-.23703003,-.25973511
36005030200,-.63293457,-.59057617,-.60998535
36005030701,-.37005615,-.33917236,-.35522461
36005030900,-.22674561,-.20150757,-.21414185
36005031000,-.55474854,-.49365234,-.52526855
36005031200,-.25064087,-.21331787,-.23210144
36005031400,-.20684814,-.17927551,-.1914978
36005031600,-.16885376,-.14807129,-.15866089
36005031800,-.15292358,-.13082886,-.14178467
36005031900,-.054878235,-.039152145,-.046386719
36005032300,.062561035,.07208252,.067443848
36005032400,-.29904175,-.26947021,-.28546143
36005032600,-.24502563,-.21966553,-.23406982
36005032800,-.45397949,-.41113281,-.43457031
36005033000,-.69238281,-.63250732,-.659729
36005033201,-.42739868,-.38146973,-.40499878
36005033202,-.68511963,-.63391113,-.65869141
36005033400,-.073635101,-.052406311,-.062610626
36005033500,-.22259521,-.19952393,-.2102356
36005033600,-.7010498,-.64508057,-.67224121
36005033700,-.24066162,-.20922852,-.22369385
36005033800,-.35620117,-.31695557,-.33322144
36005034000,-.7286377,-.66595459,-.69854736
36005034200,-.24636841,-.20732117,-.22544861
36005034300,-.20211792,-.17408752,-.19021606
36005034400,-.21810913,-.19195557,-.20419312
36005034500,-.40286255,-.36499023,-.38378906
36005034800,-.68951416,-.63574219,-.66137695
36005035000,-.23202515,-.20278931,-.21862793
36005035100,-.30023193,-.27038574,-.28622437
36005035600,-.40371704,-.3510437,-.37808228
36005035800,-.90130615,-.83435059,-.86456299
36005035900,-.20263672,-.17701721,-.18933105
36005036000,-.50250244,-.45101929,-.47277832
36005036100,-.40698242,-.36767578,-.38391113
36005036300,-.68835449,-.63171387,-.66156006
36005036400,-.17422485,-.15414429,-.16281128
36005036501,-.3671875,-.33013916,-.34536743
36005036502,-.22912598,-.20477295,-.21710205
36005036700,-.15820313,-.13946533,-.14807129
36005036800,-.22024536,-.19421387,-.20701599
36005036901,-.092346191,-.081054688,-.087432861
36005036902,-.16976929,-.15011597,-.16186523
36005037000,-.31466675,-.27734375,-.29281616
36005037100,-.40942383,-.37017822,-.38644409
36005037200,-.24493408,-.21472168,-.23214722
36005037300,-.70239258,-.6394043,-.67321777
36005037400,-.34094238,-.30621338,-.32397461
36005037504,-.45098877,-.40890503,-.42843628
36005037600,-.25796509,-.22589111,-.24111938
36005037800,-.35916138,-.31573486,-.33666992
36005037900,-.41296387,-.37164307,-.39294434
36005038000,-.47714233,-.42608643,-.45046997
36005038100,-.28527832,-.25799561,-.26940918
36005038200,-.25018311,-.22171021,-.23587036
36005038301,-.17071533,-.15661621,-.16192627
36005038302,-.3795166,-.34887695,-.36437988
36005038500,-.12252808,-.11062622,-.11575317
36005038600,-.5269165,-.48626709,-.50604248
36005038700,.057861328,.0652771,.061553955
36005038800,-.20895386,-.18475342,-.19491577
36005038900,-.19647217,-.177948,-.18658447
36005039000,-.30038452,-.2600708,-.27575684
36005039100,-.612854,-.55114746,-.58129883
36005039200,-.20475769,-.170578,-.18778992
36005039300,-.46276855,-.42089844,-.44244385
36005039400,-.41430664,-.37896729,-.39630127
36005039500,-.54089355,-.48950195,-.51647949
36005039600,-.35565186,-.31677246,-.3364563
36005039700,-.17471313,-.15072632,-.16384888
36005039800,-.40145874,-.35388184,-.3755188
36005039901,-.22137451,-.20123291,-.21209717
36005039902,-.20697021,-.1852417,-.19592285
36005040100,-.20733643,-.18637085,-.19396973
36005040302,-.21209717,-.1902771,-.20144653
36005040303,-.12902832,-.11676025,-.12402344
36005040304,-.19995117,-.18063354,-.19165039
36005040400,-.35610962,-.31835938,-.33688354
36005040501,-.3757019,-.33685303,-.35443115
36005040502,-.41271973,-.38208008,-.39654541
36005040600,-.34561157,-.30401611,-.32565308
36005040701,-.11117554,-.099609375,-.10427856
36005040702,-.23205566,-.2131958,-.22277832
36005040800,-.55566406,-.50149536,-.5305481
36005040900,-.018493652,-.013305664,-.01574707
36005041100,-.0042114258,-.0013122559,-.0028076172
36005041300,-.35961914,-.33203125,-.34594727
36005041400,-.6385498,-.58032227,-.61047363
36005041500,-.0038452148,.0025024414,-.00048828125
36005041800,-.39788818,-.35836792,-.37518311
36005041900,-.076416016,-.06652832,-.071533203
36005042000,-.38305664,-.34738159,-.36462402
36005042100,.098571777,.10986328,.10437012
36005042200,-.32333374,-.28585815,-.30670166
36005042300,-.28320313,-.25442505,-.26773071
36005042400,-.30065918,-.25756836,-.27764893
36005042500,-.52197266,-.47595215,-.49530029
36005042600,-.54681396,-.49633789,-.52032471
36005042800,-.24404907,-.21478271,-.23080444
36005042901,-.33502197,-.2951355,-.31430054
36005042902,-.30740356,-.2734375,-.28848267
36005043000,-.31729126,-.2817688,-.30093384
36005043100,-.092651367,-.082397461,-.087890625
36005043400,-.4197998,-.38259888,-.39996338
36005043500,-.0032463074,-.0021381378,-.0026378632
36005043600,-.21890259,-.18881226,-.20632935
36005044200,-.31991577,-.28866577,-.3034668
36005044400,-.61663818,-.55767822,-.59246826
36005044800,-.17208862,-.1474762,-.15940857
36005044901,-.0018768311,.00074768066,-.00057983398
36005044902,.10293579,.11929321,.11100769
36005045101,-.13641357,-.11593628,-.12557983
36005045102,.057266235,.066223145,.061843872
36005045600,-.15808105,-.13970947,-.14797974
36005045800,-.50354004,-.46026611,-.48339844
36005046000,-.19488525,-.17288208,-.18264771
36005046201,-1.4846191,-1.4138184,-1.4443359
36005046202,-.56640625,-.53149414,-.54882813
36005048400,-.25836182,-.23007202,-.24285889
36005050400,-.094787598,-.06747818,-.083179474
36005051600,-.38677979,-.3548584,-.36730957
36047000100,.058410645,.067382813,.062011719
36047000200,-.013290405,-.010498047,-.011856079
36047000301,-.22491455,-.20477295,-.21325684
36047000501,-.21954346,-.19995117,-.20892334
36047000502,-.1809082,-.1628418,-.17126465
36047000700,.17468262,.18981934,.18206787
36047000900,-.099060059,-.085449219,-.091674805
36047001100,.043457031,.051765442,.048156738
36047001300,-.070953369,-.063476563,-.067169189
36047001500,.24047852,.26300049,.25140381
36047001800,-.11751556,-.092826843,-.10322571
36047002000,.02293396,.027709961,.025115967
36047002100,-.05847168,-.049377441,-.053344727
36047002200,-.1574707,-.14117432,-.1496582
36047002300,-.3213501,-.29016113,-.30541992
36047002901,.3117981,.35488892,.33413696
36047003000,-.2822876,-.24868774,-.26190186
36047003100,.35821533,.40133667,.37982178
36047003300,.57208252,.62841797,.59625244
36047003400,-.47943115,-.43554688,-.46032715
36047003500,.24835205,.28302002,.26602173
36047003600,-.40240479,-.371521,-.38745117
36047003700,.087799072,.10510254,.09551239
36047003800,-.19042969,-.16943359,-.18145752
36047003900,.29400635,.32781982,.30895996
36047004100,.61621094,.67364502,.64776611
36047004300,.63311768,.69128418,.65881348
36047004400,-.56689453,-.51574707,-.54626465
36047004500,.75701904,.82421875,.79241943
36047004600,-.24946594,-.21209717,-.23249817
36047004700,.34423828,.38647461,.3677063
36047004900,.54284668,.59234619,.56744385
36047005000,-.48394775,-.42758179,-.45324707
36047005100,.68756104,.76446533,.72265625
36047005201,-.23013306,-.20143127,-.21673584
36047005202,-.63690186,-.57653809,-.60571289
36047005300,.37075806,.42355347,.39916992
36047005400,-.67224121,-.61108398,-.64245605
36047005601,-.70770264,-.63806152,-.67712402
36047005602,-.4588623,-.40811157,-.43380737
36047005800,-.60345459,-.54351807,-.57324219
36047005900,.30480957,.35385132,.32727051
36047006000,-.42980957,-.37554932,-.39981079
36047006200,-.51904297,-.46557617,-.49142456
36047006300,.47195435,.52700806,.49737549
36047006400,-.4128418,-.37451172,-.39605713
36047006500,1.2086182,1.2998047,1.2557373
36047006600,-.30456543,-.27783203,-.28997803
36047006700,.7277832,.79986572,.76568604
36047006800,-.97741699,-.88684082,-.93475342
36047006900,.85797119,.9286499,.89074707
36047007000,-.3611145,-.32330322,-.34552002
36047007100,.52655029,.57775879,.55206299
36047007200,-.23562622,-.20405579,-.22058105
36047007400,-.39727783,-.36474609,-.37841797
36047007500,.96820068,1.0340576,1.0032959
36047007600,-.14343262,-.12902832,-.13616943
36047007700,1.0397949,1.1239624,1.0811768
36047007800,.025634766,.031494141,.028686523
36047008000,.075592041,.084075928,.079772949
36047008200,.0085449219,.012756348,.010681152
36047008400,-.17453003,-.15805054,-.16558838
36047008500,1.3084106,1.3979492,1.3535767
36047008600,-.068511963,-.051704407,-.059356689
36047008800,-.37838745,-.34042358,-.35913086
36047009000,-.28366089,-.24673462,-.26312256
36047009200,-.68414307,-.625,-.65386963
36047009400,-.36212158,-.33258057,-.34936523
36047009600,-.14593506,-.13330078,-.13867188
36047009800,-.27282715,-.25018311,-.26055908
36047010000,-.23309326,-.21582031,-.22668457
36047010100,-.03112793,-.026123047,-.028503418
36047010200,-.36566162,-.33169556,-.3503418
36047010400,-.512146,-.46801758,-.48693848
36047010600,-.46813965,-.42724609,-.45013428
36047010800,-.52850342,-.4788208,-.50012207
36047011000,-.29220581,-.25402832,-.27301025
36047011200,-.35626221,-.32635498,-.34405518
36047011400,-.33984375,-.31097412,-.32745361
36047011600,-.58087158,-.51379395,-.55413818
36047011700,.32873535,.36602783,.34762573
36047011800,-.20370483,-.17623901,-.18780518
36047011900,.25744629,.28497314,.27157593
36047012000,-.19514465,-.15582275,-.17636108
36047012100,.30273438,.34368896,.32400513
36047012200,-.40155029,-.36053467,-.37890625
36047012600,-.13320923,-.11785889,-.12542725
36047012700,.30743408,.33728027,.32427979
36047012801,-.31726074,-.28115845,-.2979126
36047012901,.16693115,.18273926,.17602539
36047012902,.1428833,.15835571,.14978027
36047013000,-.22698975,-.20544434,-.21551514
36047013100,.26135254,.2791748,.27172852
36047013200,-.34671021,-.30999756,-.32836914
36047013300,.0859375,.095825195,.090270996
36047013400,-.32263184,-.29040527,-.30596924
36047013500,.55065918,.60229492,.57855225
36047013600,-.35809326,-.32440186,-.340271
36047013700,.51031494,.55938721,.52984619
36047013800,-.28912354,-.25949097,-.27740479
36047013900,.62402344,.67834473,.65374756
36047014000,-.27783203,-.24325562,-.26022339
36047014100,.44366455,.48291016,.46490479
36047014200,-.39508057,-.36050415,-.3782959
36047014300,.19647217,.2166748,.20788574
36047014500,.061889648,.069152832,.065795898
36047014700,.14169312,.15817261,.14846802
36047014800,-.31871033,-.2711792,-.29370117
36047014900,.85650635,.92077637,.88806152
36047015000,-.2482605,-.21295166,-.22763062
36047015100,.73205566,.79205322,.76055908
36047015200,-.39779663,-.35375977,-.37252808
36047015300,.55029297,.60388184,.57781982
36047015400,-.095737457,-.064228058,-.082244873
36047015500,.51959229,.56188965,.54199219
36047015700,.068115234,.076843262,.072814941
36047015900,-.12121582,-.10705566,-.11499023
36047016000,-.5625,-.51715088,-.54180908
36047016100,.16827393,.18615723,.17700195
36047016200,-.1958313,-.17611694,-.18548584
36047016300,.08203125,.090759277,.086181641
36047016400,-.17978668,-.14716339,-.16044617
36047016500,.23510742,.25463867,.24468994
36047016600,-.36236572,-.32281494,-.34295654
36047016700,.74908447,.80407715,.77813721
36047016800,-.31118774,-.2718811,-.28761292
36047016900,.70880127,.76611328,.74090576
36047017000,-.62878418,-.56762695,-.59609985
36047017100,.59423828,.64752197,.62280273
36047017200,-.79785156,-.72268677,-.75250244
36047017400,-.45858765,-.40466309,-.43157959
36047017500,-.078430176,-.057689667,-.067691803
36047017600,-.54403687,-.48297119,-.51177979
36047017700,-.056468964,-.04265213,-.048683167
36047017800,-.43972778,-.38504028,-.4185791
36047017900,.64666748,.70690918,.67266846
36047018000,-.42849731,-.38803101,-.40762329
36047018100,1.0521851,1.1409302,1.0949707
36047018200,-.40441895,-.36975098,-.39022827
36047018300,.83508301,.92230225,.87298584
36047018400,-.36495972,-.32980347,-.34664917
36047018501,.50271606,.56494141,.53442383
36047018600,-.35491943,-.31375122,-.33578491
36047018700,.50970459,.58581543,.55001831
36047018800,-.41708374,-.36676025,-.39370728
36047019000,-.53155518,-.4888916,-.51104736
36047019100,.96011353,1.0619812,1.01828
36047019200,-.2336731,-.20742798,-.22061157
36047019300,1.4998169,1.6339722,1.5668945
36047019400,-.47091675,-.41970825,-.44436646
36047019500,1.3581543,1.5006714,1.4287109
36047019600,-.49847412,-.45559692,-.47711182
36047019700,1.0703125,1.161438,1.1226807
36047019800,-.42144775,-.36990356,-.39370728
36047019900,.76000977,.82513428,.7935791
36047020000,-.57391357,-.5083313,-.54122925
36047020100,.94793701,1.0361938,.99102783
36047020200,-.40917969,-.36526489,-.38571167
36047020300,.20825195,.23114014,.21969604
36047020400,-.46133423,-.40682983,-.43392944
36047020500,.098144531,.10925293,.10394287
36047020600,-.45016479,-.3944397,-.42132568
36047020700,.0046386719,.01171875,.0076293945
36047020800,-.52697754,-.4671936,-.50064087
36047021000,-.65307617,-.59393311,-.62530518
36047021100,.14520264,.1652832,.15560913
36047021200,-.54772949,-.49249268,-.52081299
36047021300,-.2902832,-.26470947,-.27734375
36047021400,-.16798401,-.14416504,-.15679932
36047021500,-.3104248,-.28759766,-.29833984
36047021600,-.27609253,-.23931885,-.25378418
36047021700,-.14117432,-.12969971,-.13537598
36047021800,-.21920776,-.19470215,-.2052002
36047021900,-.11694336,-.10473633,-.11126709
36047022000,-.22369385,-.19857788,-.20986938
36047022100,.00054931641,.0040283203,.0021972656
36047022200,-.31332397,-.27761841,-.29656982
36047022400,-.17883301,-.16241455,-.16918945
36047022600,.06829834,.079498291,.074874878
36047022700,.31134033,.3449707,.33062744
36047022800,.13534546,.15182495,.14202881
36047022900,.84490967,.9364624,.88903809
36047023000,.073974609,.083679199,.078186035
36047023100,.95404053,1.0559692,.99737549
36047023200,.067962646,.07611084,.07208252
36047023300,1.237915,1.3591919,1.2879639
36047023400,-.19424438,-.17596436,-.18310547
36047023500,.85900879,.95956421,.9069519
36047023600,-.34112549,-.30755615,-.32537842
36047023800,-.35684204,-.31552124,-.33575439
36047024000,-.29098511,-.25857544,-.27752686
36047024100,.62390137,.71154785,.67056274
36047024200,-.35699463,-.31347656,-.334198
36047024300,.99456787,1.0983276,1.0401001
36047024400,-.368927,-.33230591,-.34884644
36047024500,.68011475,.74176025,.71350098
36047024600,-.11264038,-.10064697,-.10693359
36047024700,.22821045,.25653076,.24346924
36047024800,-.34439087,-.30984497,-.33026123
36047024900,.6161499,.67211914,.64453125
36047025000,-.20932007,-.1835022,-.1963501
36047025100,.86343384,.96337891,.91244507
36047025200,-.57421875,-.52703857,-.54968262
36047025300,.72705078,.82250977,.77603149
36047025400,-.5112915,-.46520996,-.4901123
36047025500,1.1205444,1.2254639,1.175354
36047025600,-.50146484,-.45141602,-.47494507
36047025700,.66708374,.76013184,.72113037
36047025800,-.71514893,-.65447998,-.68328857
36047025901,.56286621,.63684082,.60357666
36047025902,.75805664,.8475647,.80444336
36047026000,-.41815186,-.37597656,-.39794922
36047026100,1.3117065,1.4673462,1.399292
36047026200,-.16555786,-.1479187,-.15704346
36047026300,.49116516,.56192017,.51901245
36047026400,-.70001221,-.64025879,-.67584229
36047026500,.93392944,1.0429688,.98272705
36047026600,-.67919922,-.61035156,-.64324951
36047026700,.46203613,.5032959,.48626709
36047026800,-.69903564,-.63311768,-.66394043
36047026900,.14907837,.16952515,.15991211
36047027000,-.4677124,-.42053223,-.44284058
36047027100,.03729248,.042419434,.039306641
36047027200,-.38952637,-.34963989,-.36706543
36047027300,.079650879,.089508057,.084655762
36047027400,-.3840332,-.34060669,-.36303711
36047027500,.38879395,.43670654,.41436768
36047027600,-.56030273,-.51574707,-.54107666
36047027700,.55319214,.61602783,.58642578
36047027800,-.52886963,-.47903442,-.50485229
36047027900,.90863037,1.0149536,.96279907
36047028000,-.3977356,-.34510803,-.37216187
36047028100,.75872803,.84674072,.80221558
36047028200,-.66207886,-.58758545,-.6232605
36047028300,1.0603333,1.1884155,1.1200256
36047028400,-.63189697,-.56469727,-.59490967
36047028501,.16830444,.21324158,.19152069
36047028502,.6368103,.70907593,.6713562
36047028600,-.98596191,-.90527344,-.95379639
36047028700,.68939209,.76254272,.72344971
36047028800,-.5118103,-.45751953,-.48907471
36047028900,.53488159,.58734131,.56182861
36047029000,-.65863037,-.58905029,-.61645508
36047029100,.5664978,.62936401,.59671021
36047029200,-.55361938,-.49420166,-.52041626
36047029300,.27490234,.30609131,.2878418
36047029400,-.24368286,-.21307373,-.23028564
36047029500,.61419678,.67236328,.64227295
36047029600,-1.0110474,-.92602539,-.96948242
36047029700,.58251953,.65020752,.61669922
36047029800,-.54034424,-.48959351,-.51403809
36047029900,.34881592,.39294434,.36709595
36047030000,-.62896729,-.57147217,-.60736084
36047030100,.16833496,.18859863,.17871094
36047030200,-.72912598,-.66461182,-.69897461
36047030300,.094268799,.10565186,.099121094
36047030400,-.68322754,-.62109375,-.64831543
36047030500,.45117188,.48498535,.46826172
36047030600,-.29537964,-.25598145,-.27685547
36047030700,.38671875,.4230957,.40319824
36047030800,-.40853882,-.36080933,-.38427734
36047030900,.057159424,.066131592,.06137085
36047031100,-.012664795,-.0096130371,-.011169434
36047031300,.19165039,.20849609,.20147705
36047031400,-.97479248,-.88989258,-.92907715
36047031500,.3260498,.35083008,.33746338
36047031701,.13323975,.14837646,.13922119
36047031702,.11749268,.13110352,.12475586
36047031900,-.20843506,-.18804932,-.19616699
36047032100,-.31445313,-.28808594,-.30102539
36047032300,-.19287109,-.17321777,-.18286133
36047032500,-.47094727,-.43811035,-.4543457
36047032600,-.72827148,-.67633057,-.69836426
36047032700,-.23474121,-.21289063,-.22363281
36047032800,-.36419678,-.32687378,-.34634399
36047032900,-.23596191,-.21502686,-.22503662
36047033000,-.62664795,-.56799316,-.59472656
36047033100,-.085876465,-.076171875,-.080993652
36047033300,-.1572876,-.14312744,-.15014648
36047033500,-.049194336,-.042419434,-.045318604
36047033600,-.60296631,-.55999756,-.57952881
36047033700,-.27520752,-.25256348,-.26409912
36047033900,-.16778564,-.15081787,-.15893555
36047034000,-.27355957,-.23728943,-.25579834
36047034100,.13238525,.14813232,.14004517
36047034200,-.57104492,-.52526855,-.54858398
36047034300,-.16003418,-.14685059,-.15393066
36047034500,-.18392944,-.16619873,-.17611694
36047034700,.037689209,.042694092,.040100098
36047034800,-.22805786,-.19918823,-.21508789
36047034900,-.46624756,-.43286133,-.45062256
36047035000,-.32440186,-.29467773,-.30877686
36047035100,-.34277344,-.31054688,-.32824707
36047035200,-.091659546,-.075439453,-.083709717
36047035300,-.37713623,-.34436035,-.36187744
36047035400,-.31964111,-.29364014,-.30773926
36047035500,-.38000488,-.3526001,-.36383057
36047035601,-.16589355,-.14807129,-.15585327
36047035602,-.92877197,-.85119629,-.89172363
36047035700,-.25628662,-.22756958,-.24417114
36047035900,-.42095947,-.38598633,-.40008545
36047036001,-.55725098,-.49530029,-.52572632
36047036002,-.33734131,-.30334473,-.31890869
36047036100,-.082000732,-.071868896,-.07711792
36047036200,-.31384277,-.28479004,-.29779053
36047036300,.018615723,.0234375,.020751953
36047036400,-.2739563,-.24478149,-.26089478
36047036501,.19952393,.22460938,.21276855
36047036502,.091552734,.10920715,.10070801
36047036600,-.47869873,-.42803955,-.44976807
36047036700,.081893921,.095748901,.089187622
36047036900,.21057129,.2322998,.22229004
36047037000,-.52636719,-.48071289,-.5045166
36047037100,-.078369141,-.069274902,-.073608398
36047037300,.1451416,.15997314,.15240479
36047037401,-.28649902,-.25756836,-.27276611
36047037402,-.19799805,-.18225098,-.19024658
36047037500,.18060303,.20379639,.1925354
36047037700,-.18359375,-.1651001,-.17504883
36047037900,-.027404785,-.022460938,-.025085449
36047038100,.23297119,.25482178,.24462891
36047038200,-.63897705,-.58905029,-.61151123
36047038300,.056945801,.063232422,.059631348
36047038500,.069030762,.076812744,.072875977
36047038600,-.23449707,-.21118164,-.22357178
36047038700,.12710571,.14349365,.1362915
36047038800,-.21539307,-.18954468,-.20288086
36047038900,.37554932,.41772461,.39804077
36047039000,-.26641846,-.23356628,-.25378418
36047039100,.26089478,.29159546,.27670288
36047039200,-.31118774,-.28070068,-.29699707
36047039300,.45941162,.51324463,.48617554
36047039400,-.22573853,-.19311523,-.209198
36047039500,.35247803,.39880371,.37423706
36047039600,-.11268616,-.093734741,-.10328674
36047039700,.35980225,.39959717,.37756348
36047039800,-.15661621,-.13766479,-.14785767
36047039900,.32644653,.36236572,.3416748
36047040000,-.24026489,-.21310425,-.22543335
36047040100,.24847412,.27978516,.26647949
36047040200,-.45861816,-.39715576,-.42831421
36047040300,.26605225,.29428101,.28027344
36047040400,-.52230835,-.46606445,-.50064087
36047040500,.16970825,.19613647,.18289185
36047040600,-.39813232,-.36331177,-.37969971
36047040700,-.0470047,-.034366608,-.04114151
36047040800,-.31585693,-.28625488,-.30154419
36047040900,.39105225,.43978882,.41534424
36047041000,-.084442139,-.074890137,-.080230713
36047041100,.38156128,.42196655,.40179443
36047041200,-.046691895,-.040130615,-.042999268
36047041300,.41207886,.45672607,.43371582
36047041401,-.00051879883,.0011749268,.00039672852
36047041402,-.055435181,-.046890259,-.051040649
36047041500,.51184082,.55749512,.53411865
36047041600,-.15524292,-.13470459,-.14501953
36047041700,.45681763,.50888062,.48696899
36047041800,-.19750977,-.17333984,-.18740845
36047041900,.484375,.53289795,.5065918
36047042000,-.22503662,-.19668579,-.2102356
36047042100,.41870117,.45672607,.43786621
36047042200,-.078460693,-.069488525,-.073547363
36047042300,.44073486,.48223877,.45870972
36047042400,-.12652588,-.11474609,-.12030029
36047042500,.64169312,.71905518,.68173218
36047042600,-.62097168,-.55627441,-.58837891
36047042700,.89703369,.9944458,.94445801
36047042800,-.66052246,-.60131836,-.62927246
36047042900,.71453857,.79467773,.7555542
36047043000,-.48791504,-.43084717,-.45822144
36047043100,.49090576,.53796387,.51696777
36047043200,-.47015381,-.4286499,-.44836426
36047043300,.37359619,.4152832,.39398193
36047043400,-.13641357,-.1206665,-.12841797
36047043500,.61401367,.68005371,.64648438
36047043600,-.11932373,-.10876465,-.11407471
36047043700,.69873047,.7678833,.73425293
36047043800,-.0597229,-.052215576,-.056304932
36047043900,.49267578,.54925537,.52178955
36047044000,-.062530518,-.05480957,-.058746338
36047044100,.46594238,.51629639,.49359131
36047044200,-.22381592,-.19558716,-.20980835
36047044300,.79101563,.87255859,.82922363
36047044400,-.29507446,-.25784302,-.27703857
36047044500,.87017822,.96820068,.91491699
36047044600,-.22674561,-.19689941,-.20962524
36047044700,.64169312,.73648071,.68264771
36047044800,-.10766602,-.093536377,-.10087585
36047044900,.9085083,.99584961,.9541626
36047045000,-.1265564,-.10676575,-.11485291
36047045200,-.22131348,-.19186401,-.20529175
36047045300,.56350708,.63504028,.60241699
36047045400,-.16601563,-.14337158,-.15646362
36047045600,-.17810059,-.15731812,-.16552734
36047045800,-.22125244,-.1912384,-.20820618
36047046000,-.50720215,-.46026611,-.48626709
36047046201,-.18566895,-.16622925,-.17520142
36047046202,-.12522888,-.10902405,-.11723328
36047046400,-.15048218,-.13165283,-.14068604
36047046800,-.12246704,-.1015625,-.11038208
36047047000,-.34573364,-.30651855,-.32467651
36047047200,-.1960144,-.17254639,-.1852417
36047047400,-.17962646,-.15625,-.16723633
36047047600,-.19009399,-.17047119,-.18005371
36047047700,1.5021973,1.6257324,1.5508423
36047047800,-.16259766,-.14587402,-.15496826
36047048000,-.20877075,-.18823242,-.19992065
36047048100,.68734741,.76696777,.72808838
36047048200,-.38372803,-.35375977,-.36956787
36047048400,.17675781,.19549561,.18603516
36047048500,.76544189,.86236572,.81481934
36047048600,.1600647,.17926025,.16958618
36047048800,.29956055,.33282471,.31463623
36047048900,.62115479,.6993103,.65060425
36047049000,-.061706543,-.052429199,-.05670166
36047049100,1.4829102,1.5965576,1.5477905
36047049200,-.17593384,-.15597534,-.16821289
36047049300,1.6062012,1.7247314,1.6582031
36047049400,.26373291,.28753662,.27661133
36047049500,.76525879,.82763672,.79742432
36047049600,.38366699,.42437744,.40167236
36047049700,.8692627,.94134521,.90441895
36047049800,.40588379,.44500732,.42596436
36047049900,.87646484,.97616577,.92684937
36047050000,.46380615,.50140381,.48339844
36047050100,.9197998,1.0136108,.9666748
36047050202,.38388062,.43017578,.41116333
36047050300,.96411133,1.0716553,1.0183105
36047050400,.4967041,.54205322,.51904297
36047050500,1.1634521,1.2593384,1.2050781
36047050600,-.3404541,-.31201172,-.32806396
36047050700,.42852783,.49493408,.46148682
36047050801,-.22839355,-.21014404,-.21838379
36047050803,-.22085571,-.1960144,-.20962524
36047050804,-.546875,-.50592041,-.52453613
36047050900,.54595947,.6305542,.58596802
36047051001,-.29382324,-.26275635,-.2779541
36047051002,-.42553711,-.38952637,-.40838623
36047051100,1.1825562,1.2908325,1.2384033
36047051200,-.49987793,-.46490479,-.48150635
36047051300,1.5112915,1.6451416,1.5842285
36047051400,-.32019043,-.29370117,-.30688477
36047051500,.65136719,.7265625,.6869812
36047051601,-.47131348,-.43286133,-.45251465
36047051602,-.33807373,-.30596924,-.32275391
36047051700,.77102661,.85739136,.80935669
36047051800,-.31817627,-.28808594,-.3034668
36047051900,1.0604248,1.1519775,1.1119385
36047052000,-.28009033,-.25628662,-.26641846
36047052300,1.18573,1.2927246,1.2420654
36047052500,.33416748,.37393188,.35534668
36047052600,-.70733643,-.64648438,-.67474365
36047052700,1.831665,1.9448242,1.8924561
36047052800,-.22631836,-.20123291,-.2149353
36047052900,.69696045,.78036499,.737854
36047053000,-.31698608,-.28552246,-.30038452
36047053100,1.0400391,1.1384277,1.0907593
36047053200,-.24841309,-.21954346,-.23410034
36047053300,.90911865,1.0004883,.95343018
36047053400,-.37341309,-.34100342,-.35687256
36047053500,.48834229,.54446411,.51208496
36047053700,.59283447,.67053223,.63314819
36047053800,-.47570801,-.43505859,-.45690918
36047053900,.46832275,.54135132,.50137329
36047054200,-.50280762,-.45635986,-.47900391
36047054300,.21864319,.26231384,.24217224
36047054400,-.37536621,-.34234619,-.35748291
36047054500,.84289551,.90979004,.87927246
36047054600,-.52923584,-.47900391,-.50018311
36047054700,.56341553,.63287354,.60006714
36047054800,-.22467041,-.1973877,-.21038818
36047054900,.97363281,1.06427,1.0206299
36047055000,-.33166504,-.29971313,-.31707764
36047055100,1.1709595,1.2664795,1.2164917
36047055200,-.28430176,-.25732422,-.2699585
36047055300,.51837158,.57226563,.54327393
36047055400,-.43902588,-.40209961,-.4208374
36047055500,.55236816,.61758423,.58261108
36047055600,-.42578125,-.38421631,-.40655518
36047055700,.5960083,.67874146,.63607788
36047055800,-.34088135,-.30484009,-.32495117
36047056000,-.46362305,-.41418457,-.43389893
36047056100,1.5944214,1.7406616,1.6697388
36047056200,-.21389771,-.18815613,-.20127869
36047056300,2.090271,2.2774658,2.1714478
36047056400,-.3895874,-.35314941,-.36862183
36047056500,1.416626,1.5443115,1.4750366
36047056600,-.58007813,-.51208496,-.5473938
36047056800,-.34124756,-.28981018,-.31735229
36047056900,.81976318,.91836548,.87243652
36047057000,-.70056152,-.64068604,-.67016602
36047057100,1.8093872,1.9470215,1.8668213
36047057200,-1.2696533,-1.1674805,-1.2191772
36047057300,1.1333313,1.2470703,1.1902466
36047057400,-.57904053,-.51544189,-.55053711
36047057500,1.7949219,1.9647217,1.8927002
36047057600,-.73342896,-.66641235,-.70172119
36047057800,-.46386719,-.41241455,-.43591309
36047057900,.5362854,.61877441,.57803345
36047058000,-.32943726,-.29324341,-.31066895
36047058200,-.37576294,-.33758545,-.35534668
36047058400,-.57403564,-.51593018,-.54394531
36047058600,-.36691284,-.32910156,-.34686279
36047058800,-.48474121,-.43585205,-.46112061
36047058900,.87002563,.97839355,.92300415
36047059000,-.2046814,-.18127441,-.19299316
36047059100,1.6025391,1.7272339,1.663208
36047059200,-.60144043,-.55249023,-.57843018
36047059300,.91903687,1.0403748,.97988892
36047059401,-1.3430176,-1.2523193,-1.3046875
36047059402,-.93377686,-.85754395,-.89611816
36047059600,-.48410034,-.42816162,-.45632935
36047059800,-.68414307,-.63092041,-.65313721
36047060000,-.72296143,-.67004395,-.69128418
36047060600,-.33364868,-.29922485,-.31771851
36047060800,-.38452148,-.3480835,-.3616333
36047061002,-.36987305,-.3371582,-.35162354
36047061003,-.234375,-.20825195,-.21899414
36047061004,-.53570557,-.48999023,-.51251221
36047061200,-.14280701,-.1237793,-.1335144
36047061600,-.24667358,-.21069336,-.22779846
36047062000,-.28741455,-.25299072,-.26831055
36047062200,-.4352417,-.38729858,-.40942383
36047062600,-.43774414,-.39541626,-.41369629
36047062800,-.77111816,-.70690918,-.74230957
36047063200,-.31704712,-.27223206,-.29360962
36047063600,-.37103271,-.32595825,-.35217285
36047063800,-.26480103,-.23196411,-.24667358
36047064000,-.3782959,-.3270874,-.35144043
36047064200,-.35140991,-.31057739,-.3298645
36047064400,-.38134766,-.33590698,-.36047363
36047064600,-.39346313,-.3500061,-.37139893
36047064800,-.42874146,-.37719727,-.40661621
36047065000,-.40704346,-.35473633,-.38122559
36047065200,-.42520142,-.37582397,-.40155029
36047065400,-.67214966,-.60302734,-.63650513
36047065600,-.69943237,-.63189697,-.66934204
36047065800,-.62689209,-.55148315,-.58514404
36047066000,-.53530884,-.47305298,-.51507568
36047066200,-.51000977,-.44512939,-.47601318
36047066600,-.14818573,-.10439682,-.12365341
36047067000,-.67736816,-.60531616,-.63873291
36047067200,-.29373169,-.25527954,-.27627563
36047067400,-.48672485,-.43606567,-.46347046
36047067600,-.30200195,-.27227783,-.28561401
36047067800,-.64910889,-.58654785,-.61407471
36047068000,-.37399292,-.33630371,-.35369873
36047068200,-.48968506,-.4463501,-.46835327
36047068600,-.40014648,-.35195923,-.37884521
36047068800,-.40045166,-.35687256,-.37814331
36047069000,-.35214233,-.31512451,-.3321228
36047069200,-.23284912,-.21148682,-.22149658
36047069601,-.28704834,-.26147461,-.27191162
36047069602,-.64886475,-.59735107,-.6237793
36047069800,-.26281738,-.23294067,-.24865723
36047070000,-.3069458,-.26919556,-.28912354
36047070201,-1.5130615,-1.4199219,-1.4549561
36047070202,-.086185455,-.063671112,-.072494507
36047070203,-.11326599,-.081615448,-.099010468
36047070600,-.6192627,-.55789185,-.58825684
36047072000,-.63748169,-.57263184,-.60430908
36047072200,-.59436035,-.53979492,-.56585693
36047072400,-.54644775,-.47988892,-.51312256
36047072600,-.4730835,-.42523193,-.44662476
36047072800,-.65734863,-.60211182,-.6317749
36047073000,-.63040161,-.55749512,-.59539795
36047073200,-.7484436,-.67111206,-.71398926
36047073400,-.44512939,-.39678955,-.42300415
36047073600,-.63519287,-.58105469,-.60559082
36047073800,-.51782227,-.46350098,-.4901123
36047074000,-.60516357,-.54199219,-.57745361
36047074200,-.81439209,-.73986816,-.77160645
36047074400,-.20440674,-.17993164,-.19436646
36047074600,-.2857666,-.25076294,-.26782227
36047074800,-.18838501,-.16799927,-.17962646
36047075000,-.56530762,-.50811768,-.53396606
36047075200,-.27804565,-.23512268,-.25561523
36047075400,-.22143555,-.18788147,-.20314026
36047075600,-.31484985,-.27828979,-.29660034
36047075800,-.25662231,-.22427368,-.24295044
36047076000,-.56704712,-.51086426,-.54272461
36047076200,-.40368652,-.36602783,-.38165283
36047076400,-.56677246,-.51843262,-.54296875
36047076600,-.31237793,-.27282715,-.29364014
36047076800,-.37805176,-.34228516,-.36175537
36047077000,-.36920166,-.33221436,-.3505249
36047077200,-.64849854,-.59625244,-.62243652
36047077400,-.34857178,-.31359863,-.33416748
36047077600,-.59283447,-.54364014,-.56762695
36047078000,-.52667236,-.46789551,-.49765015
36047078200,-.60125732,-.55096436,-.57415771
36047078400,-.43304443,-.38272095,-.40356445
36047078600,-.63513184,-.5802002,-.60681152
36047078800,-.36083984,-.32775879,-.34515381
36047079000,-.60736084,-.55633545,-.58190918
36047079200,-.56286621,-.51177979,-.53466797
36047079400,-.21560669,-.19180298,-.20236206
36047079601,-.38323975,-.34747314,-.36260986
36047079602,-.46154785,-.42669678,-.44317627
36047079801,-.27697754,-.2532959,-.26452637
36047079802,-.7555542,-.69842529,-.72216797
36047080000,.016784668,.021606445,.019104004
36047080200,-.40997314,-.36895752,-.39355469
36047080400,-.199646,-.17959595,-.19067383
36047080600,-.17834473,-.16091919,-.16915894
36047080800,-.051132202,-.041595459,-.045936584
36047081000,-.16494751,-.14550781,-.15692139
36047081400,-.13632202,-.12289429,-.1295166
36047081600,-.19198608,-.17303467,-.18249512
36047081800,-.20031738,-.18310547,-.19073486
36047082000,-.18286133,-.16625977,-.17474365
36047082200,-.23120117,-.21228027,-.22180176
36047082400,-.27404785,-.25146484,-.2635498
36047082600,-.54534912,-.50396729,-.52850342
36047082800,-.29998779,-.27307129,-.28442383
36047083000,-.75042725,-.69708252,-.72589111
36047083200,-.21768188,-.19436646,-.2076416
36047083400,-.24316406,-.21530151,-.22827148
36047083600,-.465271,-.4112854,-.44277954
36047083800,-.42077637,-.37619019,-.39569092
36047084000,-.349823,-.31951904,-.33291626
36047084600,-.31204224,-.27124023,-.29260254
36047084800,-.26452637,-.23239136,-.24749756
36047085000,-.29071045,-.25839233,-.27279663
36047085200,-.073776245,-.053020477,-.061225891
36047085400,-.36584473,-.32345581,-.34411621
36047085600,-.39050293,-.36035156,-.37591553
36047085800,-.26449585,-.23944092,-.2517395
36047086000,-.34112549,-.30557251,-.32147217
36047086200,-.31750488,-.28677368,-.30297852
36047086400,-.37176514,-.3286438,-.35095215
36047086600,-.36340332,-.32781982,-.34747314
36047086800,-.32794189,-.29067993,-.30889893
36047087000,-.29724121,-.26757813,-.28170776
36047087200,-.29119873,-.26428223,-.27667236
36047087401,-.21035767,-.19146729,-.20150757
36047087600,-.18722534,-.16305542,-.1729126
36047087800,-.13934326,-.1229248,-.13153076
36047088000,-.32156372,-.28887939,-.30725098
36047088200,-.67724609,-.6239624,-.65100098
36047088400,-.59136963,-.53845215,-.56433105
36047088600,-.57745361,-.52636719,-.55505371
36047088800,-.25946045,-.23815918,-.24761963
36047089000,-.52001953,-.4765625,-.50097656
36047089200,-.37756348,-.34072876,-.35662842
36047089400,-.35473633,-.32406616,-.34051514
36047089600,.08215332,.092895508,.086486816
36047089800,-.2109375,-.1852417,-.19699097
36047090000,-.58966064,-.54119873,-.56695557
36047090200,.098419189,.10977173,.10443115
36047090600,.28640747,.31646729,.30212402
36047090800,.23583984,.2644043,.24771118
36047091000,.37329102,.4107666,.39031982
36047091200,.56481934,.61151123,.58795166
36047091600,-.053344727,-.046813965,-.049926758
36047091800,.31582642,.35046387,.33355713
36047092000,.24780273,.2789917,.26220703
36047092200,.16690063,.18640137,.17819214
36047092400,.20330811,.22729492,.21643066
36047092800,-.14990234,-.13571167,-.14282227
36047093000,-.13046265,-.11688232,-.12384033
36047093200,-.2756958,-.22961426,-.24902344
36047093400,-.38223267,-.34124756,-.35943604
36047093600,-.2371521,-.20724487,-.2210083
36047093800,-.20046997,-.17956543,-.19082642
36047094401,-.878479,-.80554199,-.83972168
36047094402,-.4671936,-.41796875,-.44366455
36047094600,-.43933105,-.3878479,-.4069519
36047095000,-.84429932,-.77893066,-.81195068
36047095400,-.2142334,-.19647217,-.20452881
36047095600,-.25268555,-.22906494,-.24108887
36047095800,-.43066406,-.39752197,-.41223145
36047096000,-.089279175,-.064746857,-.077926636
36047096200,.1171875,.13339233,.12478638
36047096400,.11782837,.13165283,.12515259
36047096600,-.12905884,-.11578369,-.12145996
36047096800,-.053131104,-.045318604,-.049743652
36047097000,-.24694824,-.2177124,-.23376465
36047097400,.038757324,.044464111,.041137695
36047098200,.14099121,.15313721,.14703369
36047098400,.14785767,.16738892,.15698242
36047098600,.23809814,.26147461,.24963379
36047098800,.19107056,.21588135,.20300293
36047099000,.024230957,.029205322,.026977539
36047099200,-.029388428,-.024261475,-.026885986
36047099400,.03692627,.043548584,.040435791
36047099600,-.20220947,-.1854248,-.19458008
36047099800,-.19543457,-.17791748,-.18768311
36047100400,-.038269043,-.030761719,-.034790039
36047100600,.071380615,.081298828,.076019287
36047100800,-.43170166,-.3833313,-.40817261
36047101000,.061584473,.071624756,.065765381
36047101200,.0083618164,.011962891,.010070801
36047101400,.051483154,.06036377,.056335449
36047101600,.042022705,.050292969,.046051025
36047101800,.0012207031,.0055847168,.0036010742
36047102000,.11807251,.13348389,.12542725
36047102200,.020751953,.025726318,.023010254
36047102400,.0061035156,.010345459,.0081481934
36047102600,-.02545166,-.019042969,-.022583008
36047102800,-.099853516,-.085296631,-.093170166
36047103400,.070007324,.079833984,.075622559
36047105801,-.01550293,-.0061035156,-.01159668
36047105804,.037963867,.04699707,.042053223
36047107000,-.01865387,-.014404297,-.016609192
36047107800,-.11535645,-.1027832,-.10821533
36047109800,.11325073,.12832642,.12243652
36047110400,.43530273,.47363281,.45507813
36047110600,-.284729,-.25720215,-.26940918
36047111000,-.042816162,-.036071777,-.039672852
36047111600,.0098266602,.013519287,.011657715
36047111800,.0546875,.061676025,.058227539
36047112000,.17816162,.19421387,.18600464
36047112200,.078704834,.088104248,.084075928
36047112400,.14605713,.1635437,.15484619
36047112600,.31524658,.34863281,.3326416
36047112800,.34954834,.38647461,.37023926
36047113000,.26928711,.29730225,.2822876
36047113200,.23098755,.26220703,.24810791
36047113400,.21582031,.24801636,.23327637
36047114201,.19985962,.22717285,.21273804
36047114202,-.0035400391,-.00091552734,-.0023193359
36047114400,.057128906,.064575195,.060668945
36047114600,-.0018615723,.00061035156,-.00061035156
36047115000,.083099365,.092559814,.088012695
36047115200,-.011016846,-.0079956055,-.0096130371
36047115600,.18170166,.19989014,.18902588
36047115800,-.0062866211,-.003326416,-.0047607422
36047116000,.047821045,.053497314,.051147461
36047116200,.039459229,.045593262,.042785645
36047116400,.055969238,.061950684,.059020996
36047116600,.070770264,.078369141,.074432373
36047116800,.059509277,.068237305,.063751221
36047117000,-.00076293945,.0010070801,.000091552734
36047117201,.047546387,.05456543,.050842285
36047117202,.065246582,.072753906,.068969727
36047117400,.052734375,.05871582,.055603027
36047117601,.064239502,.071014404,.067474365
36047117602,.047119141,.052764893,.050262451
36047117800,.0049591064,.0067901611,.0059204102
36047118000,-.056472778,-.039134979,-.047401428
36047118201,-.11022949,-.098052979,-.10421753
36047118202,-.12911987,-.1156311,-.12182617
36047118400,-.09979248,-.089477539,-.094055176
36047118600,-.11001587,-.099151611,-.10443115
36047118800,-.052490234,-.046142578,-.048950195
36047119000,-.068786621,-.059875488,-.064758301
36047119200,-.066131592,-.058837891,-.062896729
36047119400,-.051818848,-.045593262,-.048461914
36047119600,.010864258,.015197754,.013122559
36047119800,.18734741,.20782471,.1986084
36047120000,-.012207031,-.0096130371,-.010803223
36047120200,-.0012512207,.00079345703,-.00018310547
36047120800,-.15063477,-.13452148,-.14294434
36047121000,-.016845703,-.012207031,-.014282227
36047121400,-.032653809,-.026855469,-.029663086
36047122000,-.13842773,-.12652588,-.13293457
36047123700,1.0337219,1.1499634,1.0856934
36047150200,.49169922,.53997803,.51531982
36047152200,-.48223877,-.43756104,-.46075439
36061000100,-.030693054,-.022502899,-.026584625
36061000201,-.089080811,-.078704834,-.083953857
36061000202,.40466309,.43383789,.41918945
36061000500,-.016441345,-.011619568,-.013786316
36061000600,-.26403809,-.24353027,-.25390625
36061000700,-.29150391,-.26831055,-.28100586
36061000800,-.0087890625,.00012207031,-.0048828125
36061000900,.002243042,.0045623779,.0033569336
36061001001,.057800293,.065582275,.061004639
36061001002,.15515137,.16833496,.16088867
36061001200,-.0009765625,.00390625,.0010986328
36061001300,.22412109,.24169922,.23291016
36061001401,-.10150146,-.089477539,-.094726563
36061001402,-.03314209,-.027587891,-.030426025
36061001501,-.43682861,-.40057373,-.41821289
36061001502,-.35327148,-.32739258,-.34008789
36061001600,.33349609,.35949707,.34448242
36061001800,-.20458984,-.18664551,-.19433594
36061002000,.27392578,.29870605,.28594971
36061002100,-.10302734,-.090698242,-.09777832
36061002201,-.085693359,-.073059082,-.079833984
36061002202,-.039886475,-.033935547,-.036773682
36061002400,.38928223,.42474365,.4052124
36061002500,.013183594,.018249512,.01550293
36061002601,.34204102,.3762207,.35760498
36061002602,.3348999,.36224365,.34960938
36061002700,.031463623,.037322998,.034194946
36061002800,1.2390137,1.317627,1.2783203
36061002900,.25378418,.27813721,.26599121
36061003001,-.095092773,-.083679199,-.08984375
36061003002,.14349365,.1583252,.14953613
36061003100,.15014648,.16662598,.15927124
36061003200,1.1431885,1.2143555,1.1713867
36061003300,-.22607422,-.20904541,-.21801758
36061003400,1.2862549,1.3658447,1.3168945
36061003601,.19586182,.21484375,.20477295
36061003602,.15386963,.16967773,.16308594
36061003700,-.012023926,-.0061645508,-.0095214844
36061003800,.59191895,.62475586,.60900879
36061003900,-.28356934,-.25878906,-.27148438
36061004000,1.0345459,1.0880127,1.0593262
36061004100,.19470215,.20776367,.20178223
36061004200,.24316406,.26580811,.25457764
36061004300,-.11633301,-.10626221,-.11181641
36061004400,3.0717773,3.1848145,3.1264648
36061004500,-.046112061,-.039901733,-.042755127
36061004700,-.098388672,-.088989258,-.093139648
36061004800,.87133789,.92822266,.90100098
36061004900,-.26373291,-.24475098,-.25561523
36061005000,.59240723,.64306641,.61254883
36061005200,.15374756,.16766357,.16052246
36061005400,.03918457,.045898438,.041870117
36061005501,-.079833984,-.070861816,-.075073242
36061005502,-.026428223,-.022064209,-.024291992
36061005600,-.002746582,.0023803711,-.00048828125
36061005700,.15161133,.16790771,.16033936
36061005800,.1149292,.12561035,.11975098
36061005900,.12353516,.13287354,.12823486
36061006000,.58929443,.63916016,.61437988
36061006100,.23858643,.25994873,.24719238
36061006200,.20141602,.22296143,.21099854
36061006300,-.19091797,-.17492676,-.18322754
36061006400,.8182373,.86633301,.8425293
36061006500,-.042480469,-.03503418,-.039306641
36061006600,1.5344238,1.6120605,1.5737305
36061006700,.25695801,.27453613,.2644043
36061006800,.79504395,.85839844,.82299805
36061006900,.09387207,.10345459,.098510742
36061007000,1.5552979,1.6486816,1.5993652
36061007100,-.17541504,-.15881348,-.16748047
36061007200,1.3226318,1.3948975,1.3590088
36061007300,-.12072754,-.10705566,-.11474609
36061007400,.58630371,.63037109,.60467529
36061007500,-.21356201,-.19311523,-.20385742
36061007600,.23495483,.26037598,.24871826
36061007700,.29943848,.32275391,.31188965
36061007800,2.2784424,2.4154053,2.3284912
36061007900,.27258301,.29266357,.28271484
36061008000,1.633667,1.7501221,1.6940918
36061008100,.10668945,.11938477,.11242676
36061008200,.74108887,.80822754,.77050781
36061008300,.28527832,.31085205,.29620361
36061008400,.34893799,.39575195,.37228394
36061008601,.62518311,.70013428,.66430664
36061008602,.014289856,.031160355,.021453857
36061008603,.83917236,.91540527,.88262939
36061008700,.31738281,.33874512,.32946777
36061008800,2.0683594,2.2084961,2.1383057
36061008900,.39013672,.41821289,.40576172
36061009000,2.0108643,2.1206055,2.0627441
36061009100,.50842285,.54077148,.52319336
36061009200,.76690674,.84368896,.81030273
36061009300,.8704834,.92211914,.89099121
36061009400,.1285553,.15737915,.14138794
36061009500,.33428955,.36419678,.34918213
36061009600,.23655701,.26971436,.25416565
36061009700,.24359131,.26409912,.25537109
36061009800,1.8111572,1.9354248,1.8677979
36061009900,.23834229,.26965332,.25546265
36061010000,.52502441,.58239746,.55541992
36061010100,.10145569,.11834717,.11048889
36061010200,.16702271,.19966125,.18403625
36061010300,.2215271,.25036621,.23864746
36061010400,.2885437,.33181763,.30975342
36061010601,1.2426758,1.3359375,1.2889404
36061010602,.6138916,.66174316,.6348877
36061010800,1.7642822,1.8798828,1.817627
36061010900,.17683411,.2063446,.19256592
36061011000,.88574219,.94238281,.91357422
36061011100,.41174316,.45135498,.43145752
36061011201,.16465759,.19281006,.17572021
36061011202,.09147644,.11305237,.10189056
36061011203,.18424988,.20761108,.19604492
36061011300,.17689514,.21357727,.19589233
36061011401,.13536072,.15771484,.14926147
36061011402,.32427979,.3605957,.34185791
36061011500,.47006226,.51983643,.49206543
36061011600,.66033936,.71881104,.68847656
36061011700,.55609131,.60540771,.58227539
36061011800,.69030762,.72888184,.71069336
36061011900,.25422668,.28948975,.27511597
36061012000,.31341553,.34326172,.32635498
36061012100,1.6063232,1.7003174,1.6530762
36061012200,.2194519,.24041748,.22943115
36061012400,.81945801,.86901855,.84375
36061012500,.41790771,.45367432,.43389893
36061012600,1.3181152,1.3796387,1.3530273
36061012700,1.2373047,1.3100586,1.2714844
36061012800,.48187256,.52789307,.50384521
36061012900,.55102539,.59155273,.57202148
36061013000,.23022461,.25549316,.24383545
36061013100,.58282471,.63848877,.60870361
36061013200,.85095215,.89770508,.87792969
36061013300,1.260498,1.3419189,1.3052979
36061013400,1.2683105,1.3312988,1.2990723
36061013500,1.1101074,1.1900635,1.1409912
36061013600,1.7053223,1.7895508,1.7426758
36061013700,1.0837402,1.1479492,1.1175537
36061013800,1.3425293,1.3999023,1.3737793
36061013900,1.1442871,1.1967773,1.1706543
36061014000,.75134277,.80102539,.77294922
36061014200,.31237793,.35131836,.33221436
36061014300,.021595001,.03131485,.026145935
36061014401,.63391113,.67938232,.65533447
36061014402,.90209961,.96130371,.92749023
36061014500,.3838501,.42230225,.40386963
36061014601,.57275391,.62072754,.59613037
36061014602,.99597168,1.0529785,1.0268555
36061014700,.21459961,.23516846,.22491455
36061014801,.37866211,.41833496,.39703369
36061014802,.85449219,.91442871,.88574219
36061014900,.68267822,.73950195,.71600342
36061015001,.20819092,.23269653,.21939087
36061015002,.38470459,.41699219,.40100098
36061015100,.94995117,1.012085,.9786377
36061015200,.51306152,.54919434,.53503418
36061015300,.84521484,.88745117,.86560059
36061015400,1.3635254,1.4299316,1.3991699
36061015500,.6394043,.67907715,.65979004
36061015601,.53833008,.57543945,.55578613
36061015602,.10061646,.11270142,.10662842
36061015700,.87976074,.92358398,.90222168
36061015801,.42108154,.45263672,.43603516
36061015802,.30462646,.33203125,.32067871
36061015900,.84655762,.89526367,.87280273
36061016001,.083435059,.093017578,.088195801
36061016002,.18048096,.19750977,.18798828
36061016100,.59838867,.63415527,.61743164
36061016200,.30761719,.32751465,.31750488
36061016300,.74230957,.78686523,.76318359
36061016400,.16992188,.18450928,.17840576
36061016500,.21899414,.23620605,.22705078
36061016600,.37738037,.40515137,.39196777
36061016700,.80944824,.86364746,.83825684
36061016800,.073486328,.081481934,.077453613
36061016900,.37780762,.39904785,.38879395
36061017000,.067687988,.074951172,.071289063
36061017100,.92382813,.98413086,.95483398
36061017200,.19781494,.21472168,.20648193
36061017300,.18676758,.20056152,.19360352
36061017401,-.032226563,-.026672363,-.029418945
36061017402,-.021911621,-.019042969,-.020263672
36061017500,.81323242,.86022949,.83325195
36061017700,.40722656,.43225098,.41894531
36061017800,.042541504,.048156738,.044921875
36061017900,.80480957,.85852051,.83337402
36061018000,.08807373,.096557617,.091918945
36061018100,.45068359,.47851563,.46350098
36061018200,.13964844,.14990234,.1451416
36061018300,.74743652,.79418945,.76953125
36061018400,-.17236328,-.15881348,-.16479492
36061018500,.12512207,.1394043,.13134766
36061018600,.13140869,.14227295,.1373291
36061018700,.73913574,.7791748,.75891113
36061018800,-.042419434,-.036865234,-.039428711
36061018900,.3614502,.3828125,.37268066
36061019000,.030883789,.034545898,.032592773
36061019100,.50354004,.53112793,.51745605
36061019200,.17913818,.20095825,.19085693
36061019300,.52502441,.55322266,.53747559
36061019400,.29699707,.31610107,.3069458
36061019500,.67504883,.72253418,.6986084
36061019600,.15570068,.17523193,.16571045
36061019701,.00057983398,.0015258789,.0010986328
36061019702,.060028076,.067932129,.064025879
36061019800,.041168213,.046630859,.044189453
36061019900,.58459473,.62036133,.6027832
36061020000,-.054290771,-.047210693,-.051116943
36061020101,.05380249,.064178467,.059295654
36061020102,.048278809,.05480957,.052429199
36061020300,.18579102,.20672607,.19689941
36061020500,.13189697,.14562988,.13879395
36061020600,.05166626,.058349609,.054931641
36061020701,.062561035,.0703125,.06628418
36061020800,-.073913574,-.06652832,-.07019043
36061020901,.057525635,.06427002,.061187744
36061021000,-.01373291,-.0079956055,-.010620117
36061021100,.75231934,.79785156,.77392578
36061021200,.021728516,.026550293,.024230957
36061021303,.083251953,.091430664,.086791992
36061021400,-.017883301,-.014160156,-.016357422
36061021500,.11383057,.12640381,.1194458
36061021600,.12634277,.13671875,.13134766
36061021800,.078552246,.0859375,.082214355
36061021900,.23974609,.25842285,.24798584
36061022000,.067138672,.075134277,.071289063
36061022102,.039794922,.045593262,.042785645
36061022200,.032287598,.037139893,.035339355
36061022301,.4251709,.46142578,.43988037
36061022302,.15786743,.17687988,.16662598
36061022400,.086608887,.095153809,.090820313
36061022500,.12097168,.1340332,.12756348
36061022600,-.09753418,-.088439941,-.092956543
36061022700,.073547363,.080932617,.077575684
36061022800,-.086364746,-.077758789,-.082214355
36061022900,.26049805,.28051758,.27050781
36061023000,-.16589355,-.15441895,-.16064453
36061023100,.184021,.19805908,.1907959
36061023200,-.16662598,-.15332031,-.15942383
36061023300,-.034606934,-.028015137,-.03125
36061023400,-.0010986328,.0030517578,.00085449219
36061023501,-.011657715,-.0062866211,-.0090332031
36061023502,.020355225,.023773193,.022125244
36061023600,-.0017700195,.0037841797,.0010986328
36061023700,-.14294434,-.13000488,-.13562012
36061023801,.21199036,.24612427,.22613525
36061023802,1.9180908,2.0432129,1.973877
36061023900,-.066040039,-.057403564,-.062286377
36061024000,-.01007843,-.0077285767,-.008895874
36061024100,-.029296875,-.021362305,-.025390625
36061024200,.19015503,.21282959,.20254517
36061024301,.052856445,.058776855,.054931641
36061024302,-.02911377,-.02355957,-.025878906
36061024500,.15222168,.16540527,.15759277
36061024700,.11889648,.13122559,.12451172
36061024900,-.014419556,-.011550903,-.012878418
36061025100,.098937988,.11126709,.10549927
36061025300,-.053100586,-.042724609,-.047485352
36061025500,.19445801,.21142578,.20202637
36061025700,.078125,.085754395,.081970215
36061025900,.059509277,.065917969,.061889648
36061026100,.10400391,.11486816,.109375
36061026300,.17468262,.19116211,.18359375
36061026500,.13720703,.15002441,.1439209
36061026700,-.063293457,-.055114746,-.059387207
36061026900,.06439209,.073974609,.069580078
36061027100,.0043945313,.012939453,.0087890625
36061027300,.18774414,.20361328,.19567871
36061027500,.1104126,.12200928,.11627197
36061027700,.067260742,.075439453,.071533203
36061027900,.20666504,.22241211,.21459961
36061028100,.09375,.10296631,.098144531
36061028300,-.030273438,-.021728516,-.025756836
36061028500,-.26483154,-.24383545,-.25390625
36061028700,.20007324,.21807861,.20874023
36061029100,-.22509766,-.20751953,-.21484375
36061029300,-.49609375,-.46130371,-.47851563
36061029500,-.17407227,-.16125488,-.16796875
36061029700,-.08480072,-.061950684,-.074832916
36061029900,-.1595459,-.14276123,-.15014648
36061030300,-.38232422,-.34960938,-.36676025
36061030700,-.46343994,-.42419434,-.44732666
36061030900,-.18200684,-.16674805,-.17504883
36061031100,-.068374634,-.049095154,-.05821228
36061031703,-.046875,-.036621094,-.042724609
36061031704,.10986328,.12329102,.11694336
36061031900,-.0017051697,-.0010604858,-.0013275146
36081000100,1.6123657,1.7429199,1.6854248
36081000200,.0015258789,.004119873,.002746582
36081000400,-.14141846,-.12786865,-.13476563
36081000600,-.17425537,-.15631104,-.16491699
36081000700,2.3650513,2.5488281,2.4674072
36081000800,-.25231934,-.22692871,-.24008179
36081001000,-.14639282,-.12936401,-.13671875
36081001200,-.17102051,-.15429688,-.16418457
36081001400,-.25030518,-.2277832,-.23901367
36081001600,-.290802,-.25912476,-.27850342
36081001800,-.14038086,-.12744141,-.13342285
36081001900,.42617798,.4944458,.45748901
36081002000,-.1524353,-.13311768,-.14016724
36081002200,-.34320068,-.30639648,-.32226563
36081002400,-.14465332,-.12783813,-.1378479
36081002500,1.3061523,1.4036255,1.3538818
36081002600,-.2253418,-.2008667,-.21405029
36081002800,-.19415283,-.17669678,-.18579102
36081003000,-.13986206,-.1192627,-.12782288
36081003100,.39880371,.45672607,.42810059
36081003200,-.23370361,-.20379639,-.21798706
36081003300,.81341553,.90490723,.85668945
36081003400,-.19775391,-.1774292,-.18811035
36081003600,-.27398682,-.24575806,-.25952148
36081003700,.093444824,.1195755,.10626984
36081003800,-.24441528,-.21856689,-.23348999
36081003900,.43989563,.50915527,.47720337
36081004001,-.24597168,-.21212769,-.22836304
36081004002,-.16529846,-.14253235,-.15266418
36081004200,.036071777,.041259766,.038269043
36081004300,.58425903,.6552124,.6137085
36081004401,-.01171875,-.0082702637,-.010284424
36081004500,.97381592,1.0762329,1.0232544
36081004700,.97076416,1.0549927,1.0124512
36081005000,-.080924988,-.058860779,-.07012558
36081005100,.631073,.71917725,.67492676
36081005200,-.23782349,-.21087646,-.22540283
36081005300,1.519104,1.6352539,1.5740967
36081005400,-.65844727,-.6060791,-.63220215
36081005500,.27403259,.32772827,.30026245
36081005700,1.2271118,1.3397827,1.2772217
36081005800,-.5579834,-.5090332,-.53240967
36081005900,1.1522827,1.2311401,1.1930542
36081006100,1.5678711,1.6883545,1.6256104
36081006201,-.22900391,-.20733643,-.21807861
36081006202,-.29296875,-.26971436,-.28173828
36081006300,1.6779785,1.78125,1.7281494
36081006501,.81958008,.90075684,.86755371
36081006502,.73693848,.79449463,.76544189
36081006900,.74182129,.8079834,.77337646
36081007100,1.173645,1.2705688,1.2128906
36081007300,1.3460083,1.4611816,1.4077148
36081007500,1.2145386,1.3258057,1.2658691
36081007700,.41702271,.48150635,.44973755
36081007900,.675354,.76385498,.72225952
36081008100,.41403198,.48216248,.44961548
36081008300,.78036499,.86911011,.82601929
36081008500,.46813965,.55401611,.50759888
36081008600,-.098114014,-.088439941,-.09262085
36081008700,.92919922,1.0237427,.96887207
36081008800,-.11010742,-.099639893,-.10491943
36081009100,.97598267,1.0778809,1.0233154
36081009400,-.1831665,-.16345215,-.17327881
36081009500,.46636963,.52264404,.49349976
36081009600,-.1361084,-.12390137,-.1295166
36081009700,.9642334,1.0549927,1.015625
36081009800,-.10092163,-.089416504,-.094482422
36081009900,.009677887,.013191223,.01134491
36081010000,-.23010254,-.20715332,-.21780396
36081010100,.81774902,.91577148,.86712646
36081010200,-.046722412,-.040802002,-.043731689
36081010300,.9395752,1.0256958,.98468018
36081010400,-.00073242188,.0024414063,.00079345703
36081010500,1.0441895,1.1484985,1.0897217
36081010600,-.10018921,-.088684082,-.094451904
36081010800,-.10702515,-.095916748,-.10137939
36081011000,-.090179443,-.079589844,-.083862305
36081011100,.82537842,.91369629,.8717041
36081011200,-.059173584,-.052185059,-.055084229
36081011300,1.1693726,1.2670288,1.2176514
36081011400,-.09614563,-.082611084,-.090179443
36081011500,.65740967,.73214722,.69650269
36081011600,-.095092773,-.084289551,-.090118408
36081011700,1.0253296,1.1088867,1.0703125
36081011800,-.019561768,-.016021729,-.018005371
36081011900,.41830444,.46942139,.44363403
36081012000,-.054199219,-.047515869,-.050628662
36081012100,.60241699,.67694092,.64016724
36081012200,-.025268555,-.02142334,-.023345947
36081012301,.48248291,.53063965,.50494385
36081012400,.063812256,.073059082,.068695068
36081012500,.45947266,.52224731,.49035645
36081012601,.056488037,.063415527,.059814453
36081012602,-.13122559,-.1177063,-.12338257
36081012800,.023986816,.028198242,.026245117
36081013000,.046661377,.053955078,.050506592
36081013200,.041748047,.048370361,.045074463
36081013400,.10327148,.11547852,.10943604
36081013500,.21054077,.24221802,.22683716
36081013600,.13623047,.15652466,.14663696
36081013700,.2661438,.29885864,.2784729
36081013800,.23681641,.26293945,.24945068
36081014000,.11898804,.13452148,.12579346
36081014100,.28097534,.31652832,.3026123
36081014201,.25384521,.27618408,.26470947
36081014202,.21252441,.24005127,.22711182
36081014300,.3782959,.41247559,.39404297
36081014400,.0083770752,.011108398,.009765625
36081014500,.43209839,.48770142,.45947266
36081014700,.64569092,.71087646,.67755127
36081014800,.043395996,.051086426,.047149658
36081014900,.54180908,.59960938,.56393433
36081015000,.057922363,.066894531,.063262939
36081015100,.53674316,.60516357,.57113647
36081015200,.0675354,.07699585,.072570801
36081015300,.51080322,.5682373,.53878784
36081015400,.011810303,.015075684,.013458252
36081015500,.55105591,.61157227,.58102417
36081015600,-.069000244,-.061126709,-.064819336
36081015700,.40325928,.45935059,.42391968
36081015801,.014190674,.017944336,.016052246
36081015802,-.30084229,-.27581787,-.2890625
36081015900,.92590332,1.001709,.9675293
36081016100,.45999146,.52502441,.49163818
36081016300,.80444336,.86791992,.83435059
36081016400,-.19989014,-.17871094,-.18917847
36081016600,-.1484375,-.12850952,-.1388855
36081016800,-.068450928,-.06149292,-.065155029
36081016900,1.1865234,1.2885742,1.2390137
36081017000,.026824951,.031097412,.028900146
36081017100,.059249878,.079475403,.068115234
36081017200,.07824707,.089691162,.083343506
36081017400,.065216064,.074584961,.06942749
36081017600,.099578857,.11334229,.10626221
36081017800,.032043457,.038482666,.035308838
36081017900,.33598328,.38591003,.36276245
36081018000,-.010665894,-.0080108643,-.0093078613
36081018101,1.0015259,1.0960693,1.0545654
36081018102,1.0227661,1.1211548,1.0685425
36081018200,-.020172119,-.01663208,-.018096924
36081018300,1.5806885,1.6920166,1.6365967
36081018401,-.022033691,-.017791748,-.020019531
36081018402,.0059509277,.0090026855,.007598877
36081018501,.80206299,.88134766,.84692383
36081018502,.98065186,1.0901489,1.0408936
36081018600,-.00730896,-.0051727295,-.0060882568
36081018700,.73394775,.82440186,.77584839
36081018800,-.087249756,-.072494507,-.079498291
36081018900,.97845459,1.0878906,1.031189
36081019000,-.0085449219,-.0062866211,-.007598877
36081019200,.08531189,.099975586,.093200684
36081019400,.10830688,.12194824,.1138916
36081019600,.090789795,.10473633,.097167969
36081019800,.12924194,.14599609,.13748169
36081019900,.33943176,.39807129,.36633301
36081020200,.045211792,.055496216,.049926758
36081020400,.045349121,.0519104,.04901123
36081020500,.32821655,.37670898,.34815979
36081020600,.041259766,.048156738,.044448853
36081020800,.052276611,.059997559,.056488037
36081021200,.038421631,.044616699,.040893555
36081021400,.22900391,.25213623,.23968506
36081021600,.55871582,.60986328,.58325195
36081021900,.021614075,.029682159,.025104523
36081022001,.44238281,.47155762,.45544434
36081022002,.13916016,.15551758,.14685059
36081022900,.028327942,.035209656,.031288147
36081023000,.0023651123,.0045166016,.0036468506
36081023200,.083007813,.095581055,.090576172
36081023500,1.3740234,1.4859619,1.4348145
36081023600,.058135986,.066802979,.062805176
36081023800,.054199219,.061645508,.057617188
36081024000,.15777588,.17559814,.16741943
36081024300,.8081665,.87420654,.84259033
36081024500,.93499756,1.015625,.97491455
36081024600,-.0077142715,-.002093792,-.0045483112
36081024700,.28852844,.3291626,.31135559
36081024900,1.0123291,1.0932007,1.0528564
36081025100,.83557129,.89886475,.86676025
36081025301,.87243652,.95477295,.91241455
36081025302,.4621582,.51382446,.48779297
36081025400,.29846191,.32781982,.31427002
36081025500,.36880493,.41766357,.39666748
36081025700,.23426819,.27816772,.25624084
36081025800,.035125732,.041000366,.037734985
36081025900,.46737671,.52362061,.49209595
36081026000,.10562134,.12400818,.11476135
36081026100,.87683105,.94274902,.91021729
36081026200,.073425293,.086959839,.080505371
36081026300,.76092529,.82519531,.79406738
36081026400,.040893555,.048706055,.044219971
36081026500,.62646484,.69042969,.65795898
36081026600,.053787231,.064163208,.058654785
36081026700,.75469971,.81036377,.78460693
36081026901,.50994873,.56878662,.54064941
36081026902,.40100098,.44775391,.42718506
36081027000,.074172974,.088119507,.08001709
36081027100,.89611816,.97412109,.93933105
36081027200,.096313477,.11187744,.1048584
36081027300,.75628662,.8223877,.79248047
36081027400,.080993652,.094985962,.088165283
36081027500,.53747559,.59002686,.56719971
36081027600,.05821228,.068664551,.062805176
36081027700,.8182373,.88226318,.84954834
36081027800,.049041748,.056915283,.052825928
36081027900,.76293945,.83105469,.79711914
36081028000,.068511963,.079208374,.074417114
36081028100,.89990234,.97906494,.94378662
36081028200,.046508789,.054840088,.050918579
36081028300,1.1378174,1.2086182,1.173584
36081028400,.091461182,.10140991,.095703125
36081028500,.68969727,.73742676,.70709229
36081028700,1.0930176,1.1760254,1.1378174
36081028800,.12927246,.14422607,.13696289
36081028900,.83105469,.89764404,.86273193
36081029100,.88317871,.95758057,.921875
36081029300,.21116638,.24459839,.22653198
36081029400,.36175537,.3916626,.3762207
36081029500,.81634521,.90429688,.85754395
36081029700,.38922119,.44219971,.41488647
36081029900,-.0034408569,-.002122879,-.0026931763
36081030600,.3034668,.33666992,.32403564
36081030902,.82086182,.87097168,.84552002
36081030903,.51696777,.57086182,.54321289
36081030904,.10058594,.11462402,.10754395
36081031700,.62158203,.6730957,.65087891
36081032000,.048278809,.057067871,.052246094
36081032700,.25497437,.28585815,.26861572
36081032800,-.22601318,-.19784546,-.21136475
36081032900,.0065307617,.011352539,.0091552734
36081033000,-.068847656,-.061279297,-.064453125
36081033100,-.020328522,-.013166428,-.016508102
36081033401,-.056243896,-.049438477,-.053131104
36081033402,-.55297852,-.51953125,-.53430176
36081033700,.22155762,.24899292,.23562622
36081033900,.33392334,.37240601,.3493042
36081034700,.0056152344,.010131836,.0080566406
36081035100,.31097412,.34564209,.32885742
36081035200,.025238037,.029937744,.027923584
36081035300,.20263672,.23260498,.21679688
36081035700,.08984375,.10095215,.09588623
36081035800,-.1383667,-.12356567,-.13134766
36081036100,.21221924,.23980713,.22720337
36081036300,.1706543,.19476318,.18380737
36081036500,.29751587,.32919312,.31381226
36081036600,-.0340271,-.027679443,-.030944824
36081036700,.17172241,.1968689,.18652344
36081036800,.040893555,.047790527,.04397583
36081037100,.1365509,.15631104,.14712524
36081037300,.16848755,.19171143,.18005371
36081037500,.3581543,.4041748,.38235474
36081037600,-.016845703,-.0080566406,-.011962891
36081037700,.32409668,.36575317,.34405518
36081037900,.46405029,.51361084,.49157715
36081038100,.50842285,.56567383,.53900146
36081038302,.18096924,.2093811,.1946106
36081038400,-.109375,-.094787598,-.10174561
36081039400,-.1282959,-.11297607,-.12060547
36081039800,-.0095672607,-.007019043,-.0081176758
36081039900,.37646484,.41842651,.40048218
36081040000,-.023040771,-.018859863,-.020645142
36081040100,.62451172,.68835449,.65374756
36081040200,-.014953613,-.011734009,-.013244629
36081040300,.59069824,.65240479,.62243652
36081040400,-.084106445,-.074584961,-.079315186
36081040500,.29171753,.33450317,.31283569
36081040700,.75817871,.83612061,.7947998
36081040900,.47253418,.52929688,.50769043
36081041100,.33462524,.38442993,.3581543
36081041300,.40078735,.45352173,.42791748
36081041400,.13217163,.14938354,.14208984
36081041500,.42666626,.47262573,.45184326
36081042400,.053955078,.061828613,.057952881
36081042600,-.11514282,-.085086823,-.10276031
36081042700,.45828247,.51190186,.48394775
36081043200,.0089111328,.011291504,.010131836
36081043400,.02722168,.032897949,.030151367
36081043701,.15200806,.17919922,.16305542
36081043702,.28112793,.31097412,.29638672
36081043900,.33453369,.37472534,.35296631
36081044000,-.33486938,-.29891968,-.3152771
36081044301,.36572266,.41589355,.38833618
36081044302,.41296387,.4586792,.43817139
36081044400,.036254883,.041992188,.039001465
36081044601,.014709473,.018920898,.017150879
36081044602,.024475098,.028869629,.026733398
36081044800,.029174805,.034576416,.03213501
36081045000,.039123535,.04675293,.042999268
36081045200,-.013290405,-.010482788,-.011871338
36081045400,.16815186,.18603516,.17712402
36081045500,1.1181641,1.190918,1.1501465
36081045600,.031768799,.03755188,.03414917
36081045700,.30535889,.33966064,.32666016
36081045800,.075164795,.085723877,.080108643
36081045900,.27062988,.3024292,.28768921
36081046000,.13256836,.14849854,.14135742
36081046100,.27191162,.31680298,.29412842
36081046200,.23913574,.26275635,.25109863
36081046300,.38964844,.43695068,.41549683
36081046400,.098709106,.11572266,.10549927
36081046500,.27813721,.31939697,.29678345
36081046600,.20806885,.23577881,.22189331
36081046700,.48504639,.52429199,.50506592
36081046800,.27044678,.29547119,.28344727
36081046900,.88586426,.9543457,.91931152
36081047000,.14834595,.16876221,.15905762
36081047100,.46582031,.51013184,.48675537
36081047200,.14160156,.15814209,.15032959
36081047300,.47705078,.52905273,.50372314
36081047500,.44891357,.49102783,.47167969
36081047600,-.017807007,-.013778687,-.015563965
36081047800,-.24688721,-.22454834,-.23742676
36081047900,.63848877,.69812012,.67492676
36081048000,-.088867188,-.079223633,-.0831604
36081048100,.66174316,.72900391,.69189453
36081048200,-.015319824,-.012023926,-.013214111
36081048300,.58123779,.64624023,.61450195
36081048400,-.16033936,-.14709473,-.15368652
36081048500,.60308838,.65771484,.62902832
36081048900,.12731934,.14678955,.13661194
36081049200,-.011352539,-.0034179688,-.0072021484
36081049301,.27008057,.30184937,.28616333
36081049302,.40563965,.46353149,.43502808
36081049500,.32131958,.36703491,.34506226
36081049600,-.18737793,-.16708374,-.17666626
36081049700,.40158081,.44885254,.42645264
36081049900,.55059814,.59088135,.57049561
36081050000,-.20062256,-.18200684,-.19238281
36081050201,-.046127319,-.038955688,-.042068481
36081050202,-.11473083,-.09715271,-.10517883
36081050400,-.044143677,-.038040161,-.040985107
36081050500,.19381714,.22314453,.20846558
36081050600,.034698486,.041213989,.038543701
36081050700,-.005065918,-.00054931641,-.0025634766
36081050800,.04145813,.048248291,.044525146
36081051000,.012145996,.015197754,.013595581
36081051100,.62097168,.68804932,.65234375
36081051200,-.09866333,-.086090088,-.091583252
36081051300,.53692627,.61087036,.57562256
36081051500,.71157837,.7824707,.74429321
36081051600,.040283203,.048065186,.04385376
36081051700,.35620117,.41085815,.38623047
36081051800,.016708374,.021179199,.01890564
36081052000,.030502319,.03678894,.033538818
36081052100,.39578247,.44747925,.42156982
36081052200,.015090942,.018783569,.017089844
36081052400,.0087890625,.012145996,.010314941
36081052500,.44787598,.51394653,.47650146
36081052600,-.028259277,-.023422241,-.026031494
36081052800,-.0024871826,-.00016784668,-.0010986328
36081053000,.04486084,.052154541,.049072266
36081053100,.95098877,1.0461426,1.0016479
36081053200,.023620605,.028900146,.026519775
36081053401,-.062988281,-.055511475,-.05859375
36081053500,.22810364,.26528931,.24604797
36081053601,-.10919189,-.094345093,-.10263062
36081053800,-.10092163,-.088378906,-.09463501
36081053900,.79663086,.86291504,.82897949
36081054000,-.22766113,-.20715332,-.21746826
36081054200,-.16723633,-.15301514,-.16070557
36081054500,.50036621,.556427,.5302124
36081054700,.57373047,.62310791,.60021973
36081054800,-.073760986,-.06427002,-.069091797
36081054900,.64642334,.70306396,.67468262
36081055100,.57220459,.63256836,.59997559
36081055200,-.048553467,-.042297363,-.04486084
36081055300,.32983398,.36682129,.35043335
36081055400,-.52279663,-.46936035,-.49227905
36081055500,.35006714,.38842773,.37332153
36081055600,-.08807373,-.077056885,-.082519531
36081055700,.54760742,.59527588,.57104492
36081055800,-.39654541,-.33908081,-.36401367
36081055900,.19212341,.2245636,.21064758
36081056000,-.24746704,-.21795654,-.2305603
36081056100,-.0087356567,-.0062599182,-.0074539185
36081056200,-.22581482,-.19090271,-.20925903
36081056400,-.35473633,-.31500244,-.3347168
36081056500,.21708679,.24740601,.230896
36081056600,-.37750244,-.32514954,-.35144043
36081056700,.34735107,.37774658,.35986328
36081056800,-.69628906,-.63970947,-.67340088
36081057700,.31408691,.34558105,.33117676
36081057900,.16812134,.19244385,.17889404
36081058000,-.43762207,-.38677979,-.41186523
36081058100,.58459473,.64904785,.61395264
36081058200,-.37902832,-.34594727,-.36096191
36081058300,.38012695,.41210938,.39587402
36081058500,.49835205,.54644775,.5234375
36081058700,.50183105,.54699707,.52282715
36081058900,.54705811,.5993042,.57769775
36081059000,-.048080444,-.039825439,-.044326782
36081059100,1.0834961,1.185791,1.1282959
36081059200,-.041793823,-.036178589,-.038574219
36081059300,.55908203,.61206055,.58483887
36081059400,-.072784424,-.062362671,-.06791687
36081059500,1.1434326,1.2515869,1.1951294
36081059600,-.031494141,-.02671814,-.029067993
36081059800,-.10028076,-.087188721,-.094177246
36081059900,.41503906,.47476196,.43896484
36081060000,-.010910034,-.0079193115,-.0092315674
36081060100,.58996582,.66159058,.62646484
36081060300,.46102905,.51394653,.49038696
36081060600,-.092010498,-.077102661,-.084915161
36081060701,-.023590088,-.018131256,-.020713806
36081060800,-.0048217773,-.0012817383,-.0026702881
36081061000,-.0597229,-.04826355,-.053222656
36081061200,.0052185059,.0091094971,.0074005127
36081061301,1.2122803,1.2970581,1.2619019
36081061400,.022537231,.027114868,.024688721
36081061601,.11529541,.131073,.12213135
36081061602,.050018311,.058532715,.053863525
36081061800,.098083496,.11242676,.1047821
36081061900,.17675781,.19671631,.1867981
36081062000,.055114746,.064575195,.060592651
36081062100,.16986084,.18890381,.17956543
36081062200,.19219971,.21673584,.2043457
36081062300,.049621582,.056518555,.052398682
36081062400,-.19251251,-.14974213,-.17347717
36081062500,.01864624,.022125244,.020019531
36081062600,.20794678,.23291016,.22079468
36081062700,.29650879,.32611084,.31265259
36081062900,.07611084,.08581543,.080444336
36081063000,.085327148,.097625732,.091186523
36081063200,.12286377,.14178467,.13217163
36081063301,-.070068359,-.062011719,-.065582275
36081063302,.076049805,.088226318,.082489014
36081063500,.030792236,.037719727,.034118652
36081063700,.15246582,.16809082,.15985107
36081063800,-.099853516,-.089050293,-.094116211
36081063900,.026763916,.032958984,.029296875
36081064101,-.039703369,-.03503418,-.037200928
36081064102,-.00050163269,-.00025177002,-.00032806396
36081064500,.0057067871,.008972168,.0073242188
36081064600,-.04699707,-.04095459,-.044036865
36081065000,-.17965698,-.16183472,-.17199707
36081065400,-.33618164,-.30163574,-.31790161
36081065600,-.5725708,-.52514648,-.54864502
36081065702,.18188477,.20672607,.19424438
36081065703,.0035400391,.0092773438,.0065917969
36081065900,.18453979,.20928955,.19821167
36081066000,-.18722534,-.16873169,-.17840576
36081066100,.16461182,.18719482,.17642212
36081066300,.24240112,.2678833,.25561523
36081066400,.5645752,.6081543,.58520508
36081066501,.73632813,.82073975,.78485107
36081066701,.49572754,.55426025,.52746582
36081066900,.27651978,.31216431,.29449463
36081067100,.11645508,.13012695,.1229248
36081067700,.12756348,.14343262,.13543701
36081067900,.26300049,.2878418,.27832031
36081068000,-.07220459,-.062866211,-.067016602
36081068200,-.021133423,-.017776489,-.01953125
36081068300,.46105957,.51202393,.48724365
36081068700,.53094482,.58111572,.55236816
36081069000,-.11154175,-.098419189,-.10452271
36081069300,.34469604,.38140869,.3621521
36081069400,.12994385,.14572144,.13735962
36081069500,.21173096,.23968506,.22457886
36081069701,.40704346,.45690918,.43353271
36081069702,.21960449,.24346924,.23291016
36081070300,.096466064,.1086731,.10198975
36081070700,.23513794,.26559448,.25161743
36081070900,.30368042,.3369751,.32177734
36081071100,.76141357,.82525635,.79223633
36081071303,.57037354,.61126709,.58850098
36081071304,.72833252,.78649902,.7565918
36081071305,.57635498,.62762451,.60015869
36081071306,.67773438,.73071289,.70513916
36081071600,-.046348572,-.032295227,-.038192749
36081071701,.59936523,.65148926,.62182617
36081071702,.43261719,.47937012,.45526123
36081071900,.20910645,.23312378,.22027588
36081072100,.48260498,.52752686,.50360107
36081072300,.33514404,.37542725,.35754395
36081072900,.14228821,.16659546,.15359497
36081073100,.11227417,.13018799,.12115479
36081073700,.30041504,.33721924,.32015991
36081073900,.71081543,.76928711,.7421875
36081074100,.4263916,.47064209,.44671631
36081074300,.29412842,.32189941,.30743408
36081074500,.057983398,.069152832,.064147949
36081074700,.16574097,.18710327,.17608643
36081074900,.19180298,.21710205,.2020874
36081075701,.63000488,.6796875,.65380859
36081075702,.60565186,.65905762,.62390137
36081076901,.64709473,.70501709,.67150879
36081076902,.28671265,.324646,.30728149
36081077300,.16760254,.19464111,.17944336
36081077500,.12564087,.14254761,.13394165
36081077902,.17523193,.19335938,.18487549
36081077903,.20187378,.22305298,.21444702
36081077904,.12750244,.14056396,.13421631
36081077905,.10580444,.11941528,.11294556
36081077906,.17523193,.19448853,.18588257
36081077907,-.0040283203,-.00064086914,-.0020751953
36081077908,-.078796387,-.069274902,-.074890137
36081078800,.037750244,.045303345,.041320801
36081079000,-.07144165,-.061004639,-.066375732
36081079200,-.01574707,-.012329102,-.014129639
36081079300,-.042728424,-.027019501,-.033798218
36081079701,.28369141,.31097412,.29486084
36081079702,.18859863,.21212769,.20196533
36081079900,.046569824,.055633545,.051055908
36081080301,.0077514648,.017272949,.013122559
36081080302,-.22686768,-.20669556,-.2159729
36081080900,-.1116333,-.10095215,-.1060791
36081081400,-.45892334,-.4145813,-.44122314
36081081800,-.30792236,-.27719116,-.29138184
36081083700,.31286621,.34753418,.32885742
36081083800,-.18695068,-.16815186,-.17675781
36081084000,-.58892822,-.54705811,-.56555176
36081084500,.32141113,.35552979,.33874512
36081084601,-.38845825,-.3442688,-.36795044
36081084602,-.16113281,-.13447571,-.14741516
36081084900,.50909424,.55480957,.53424072
36081085300,.41589355,.4642334,.43804932
36081085500,.71630859,.78033447,.74945068
36081085700,.46502686,.5111084,.48822021
36081085900,.50006104,.54956055,.52142334
36081086100,.27127075,.30975342,.29046631
36081086300,.66949463,.72631836,.69732666
36081086400,-.20843506,-.18432617,-.19546509
36081086500,.31610107,.35900879,.33520508
36081086900,.21936035,.25006104,.23516846
36081087100,.24371338,.28012085,.26156616
36081088400,-.59289551,-.55090332,-.57019043
36081088901,.28552246,.31738281,.30419922
36081089200,-.48181152,-.44616699,-.46191406
36081090700,.11645508,.13618469,.12408447
36081091601,-1.3839111,-1.272644,-1.3287354
36081091602,-.13143921,-.096019745,-.11275482
36081091800,-.11551666,-.083644867,-.098926544
36081091900,.61322021,.67022705,.63885498
36081092200,-.64770508,-.58325195,-.61657715
36081092500,.34320068,.37713623,.36206055
36081092800,-.9440918,-.86090088,-.89996338
36081092900,.86834717,.93737793,.89923096
36081093401,-.84381104,-.76385498,-.80172729
36081093402,-.77313232,-.69271851,-.73223877
36081093800,-.49267578,-.44812012,-.46923828
36081093900,.26306152,.2901001,.27740479
36081094201,-.43099976,-.3862915,-.40670776
36081094202,-.38146973,-.34484863,-.3649292
36081094203,-.58325195,-.5324707,-.55609131
36081094500,-.16143799,-.1461792,-.15270996
36081094700,.12527466,.14291382,.13421631
36081095400,-.084350586,-.074401855,-.079772949
36081096400,-.01739502,-.010620117,-.014038086
36081097202,-.0082092285,-.0039367676,-.0062255859
36081097203,-.14562988,-.12780762,-.13677979
36081097204,-.040374756,-.033477783,-.036254883
36081097300,-.13870239,-.12158203,-.12908936
36081098100,.029327393,.035705566,.033172607
36081098700,.15771484,.17782593,.1678772
36081099100,.37939453,.41156006,.39733887
36081099200,-.085296631,-.0753479,-.080657959
36081099701,.062316895,.072357178,.067199707
36081099703,.20352173,.22741699,.21276855
36081099704,.28686523,.31243896,.29919434
36081099705,.12582397,.14685059,.13757324
36081099801,.060302734,.071655273,.065795898
36081099802,-.012664795,-.0061645508,-.0094604492
36081099900,-.092300415,-.070495605,-.08014679
36081100801,-.087860107,-.074935913,-.081573486
36081100802,-.18597412,-.16845703,-.17803955
36081101001,-.18060303,-.16174316,-.17150879
36081101002,-.22143555,-.19293213,-.20510864
36081101700,-.3081665,-.28466797,-.29547119
36081102900,.058441162,.06640625,.061859131
36081103201,-.19268799,-.17346191,-.18334961
36081103202,-.35314941,-.32269287,-.33935547
36081103300,.2019043,.22296143,.20928955
36081103900,-.069030762,-.057067871,-.062744141
36081104700,.23834229,.26239014,.25061035
36081105900,.23828125,.26141357,.24810791
36081107201,-.24151611,-.22027588,-.23040771
36081107202,-.076622009,-.054813385,-.065181732
36081108500,.16873169,.19107056,.17987061
36081109300,.49401855,.55249023,.52154541
36081109700,.25579834,.29089355,.26876831
36081109900,.32791138,.35958862,.34289551
36081111300,.27728271,.31713867,.29614258
36081112300,.22796631,.25732422,.24212646
36081112900,.23028564,.25952148,.24334717
36081113300,-.0050048828,-.0025482178,-.0036621094
36081113900,.092926025,.1055603,.099334717
36081114100,.16247559,.18386841,.17422485
36081114700,.16134644,.1791687,.16903687
36081115100,.074798584,.087585449,.081390381
36081115500,.12304688,.1413269,.13314819
36081115700,.29669189,.33447266,.31387329
36081115900,.1053772,.11773682,.11190796
36081116100,.2321167,.25592041,.24407959
36081116300,.5970459,.64581299,.61846924
36081116700,.18164063,.21458435,.19595337
36081117100,.11962891,.13598633,.12756348
36081117500,.50769043,.55316162,.53381348
36081118100,.15109253,.17526245,.16558838
36081118500,.13635254,.15817261,.1477356
36081118700,.22537231,.25793457,.2416687
36081118900,.11001587,.12664795,.1182251
36081119100,.039306641,.045837402,.043365479
36081119300,.24230957,.27844238,.25848389
36081119500,.051147461,.060699463,.055969238
36081119900,.064025879,.075531006,.070129395
36081120100,.073501587,.085479736,.08013916
36081120300,.10095215,.11682129,.10824585
36081120500,.13995361,.16281128,.15100098
36081120700,-.030395508,-.023864746,-.026947021
36081121100,-.089172363,-.06955719,-.076778412
36081121500,.028625488,.037902832,.033752441
36081122300,.0078735352,.015075684,.012084961
36081122701,.46484375,.50524902,.48913574
36081122702,.38885498,.42529297,.40655518
36081124100,-.30029297,-.27105713,-.28424072
36081124700,.067443848,.078796387,.073608398
36081125700,-.15838623,-.14126587,-.14926147
36081126500,.10775757,.12350464,.11465454
36081126700,.16674805,.1895752,.17718506
36081127700,-.25714111,-.22918701,-.24304199
36081128300,-.0075874329,-.0047664642,-.0062294006
36081129102,.13052368,.14535522,.13803101
36081129103,-.0027770996,.0026550293,.00033569336
36081129104,-.25994873,-.2376709,-.2487793
36081130100,-.20117188,-.18139648,-.1913147
36081133300,-.054931641,-.048400879,-.051391602
36081133900,.048828125,.057647705,.052734375
36081134100,-.084838867,-.074768066,-.079864502
36081134700,.27392578,.30090332,.28845215
36081136700,-.50836182,-.46722412,-.48577881
36081137700,-.35284424,-.32409668,-.34008789
36081138501,.31671143,.35296631,.33032227
36081138502,-.084400177,-.059459686,-.071475983
36081139900,.09942627,.1166687,.10751343
36081140300,.12228394,.14065552,.13305664
36081140901,-.029968262,-.024520874,-.027420044
36081140902,.077941895,.091094971,.084503174
36081141700,.21643066,.23706055,.22808838
36081142900,.15341187,.17095947,.16079712
36081143500,.14944458,.17037964,.16000366
36081144100,.19250488,.2159729,.20327759
36081144700,-.5017395,-.44979858,-.4744873
36081145101,.12350464,.14868164,.13726807
36081145102,.22970581,.25653076,.24276733
36081145900,.23175049,.26348877,.24832153
36081146300,.21212769,.23822021,.22409058
36081146700,.2850647,.32775879,.306427
36081147100,.10604858,.11911011,.11227417
36081147900,.42553711,.47265625,.45043945
36081148300,.55178833,.62796021,.5944519
36081150701,.12625122,.14331055,.13214111
36081150702,-.1791687,-.16107178,-.1708374
36081152901,-.94360352,-.86816406,-.90612793
36081152902,-.55895996,-.50640869,-.53356934
36081155101,-.069229126,-.057647705,-.063980103
36081155102,.62994385,.69311523,.66125488
36081156700,.027954102,.034835815,.031509399
36081157101,.041931152,.054443359,.048828125
36081157102,.0037994385,.0063323975,.0051422119
36081157901,.23272705,.25750732,.24572754
36081157902,.20727539,.23638916,.22131348
36081157903,-.17883301,-.16317749,-.17126465
36081161700,-.22857666,-.2088623,-.21875
36081162100,-.0056152344,.0039672852,.00012207031
36081990100,-.11912155,-.083938599,-.10409164
36085000300,-.18704224,-.16195679,-.17422485
36085000600,-.54330444,-.49008179,-.51226807
36085000700,-.68585205,-.62158203,-.65124512
36085000800,-1.1434937,-1.0479736,-1.0926514
36085000900,-.73626709,-.65600586,-.69287109
36085001100,-.99865723,-.90811157,-.95471191
36085001700,-.51156616,-.43113708,-.46820068
36085001800,-.27573395,-.21659851,-.24462891
36085002001,-.44317627,-.39614868,-.41897583
36085002002,-.41583252,-.38153076,-.39776611
36085002100,-1.4926758,-1.3493652,-1.4130249
36085002700,-.27047729,-.22254944,-.24775696
36085002900,-1.0032959,-.92102051,-.96636963
36085003300,-1.1780396,-1.0532837,-1.1188354
36085003600,-.55859375,-.49887085,-.52700806
36085003900,-.93695068,-.83969116,-.88745117
36085004000,-2.6882324,-2.5319824,-2.59729
36085004700,-.91540527,-.83261108,-.87213135
36085005000,-.67608643,-.60809326,-.64556885
36085005900,-1.1412964,-1.0264893,-1.0762939
36085006400,-.6072998,-.55505371,-.5793457
36085006700,-1.5158081,-1.3720703,-1.4437866
36085007000,-1.7145996,-1.5985107,-1.6553955
36085007400,-.80255127,-.71563721,-.7666626
36085007500,-1.4329834,-1.296875,-1.357666
36085007700,-.70230103,-.6124115,-.65344238
36085008100,-1.0023804,-.89654541,-.94897461
36085009601,-.74212646,-.67266846,-.70703125
36085009602,-.77636719,-.71661377,-.74841309
36085009700,-1.3324585,-1.2253418,-1.2782593
36085010500,-2.0682373,-1.9144897,-1.9867554
36085011201,-1.3561401,-1.2616577,-1.3009644
36085011202,-1.4775391,-1.375,-1.4338989
36085011401,-.74725342,-.67248535,-.70843506
36085011402,-1.1088257,-1.0198364,-1.0618286
36085012100,-1.3796387,-1.2432251,-1.2962646
36085012200,-1.296814,-1.1939697,-1.2495117
36085012500,-1.0905151,-.98306274,-1.0386658
36085012804,-1.171875,-1.0773926,-1.1265869
36085012805,-.78137207,-.69961548,-.73937988
36085012806,-1.6901855,-1.5809326,-1.6275024
36085013201,-.57070923,-.49555969,-.53045654
36085013203,-1.7441406,-1.6148682,-1.6767578
36085013204,-1.508606,-1.3928223,-1.4654541
36085013301,-.33320618,-.28979492,-.31074524
36085013302,-1.0220032,-.93173218,-.97085571
36085013400,-.98999023,-.91021729,-.9508667
36085013800,-2.5648193,-2.3979492,-2.4674072
36085014100,-.94613647,-.84234619,-.89505005
36085014604,-2.4678955,-2.3046875,-2.3944092
36085014605,-1.9015503,-1.7550659,-1.8270264
36085014606,-2.1730957,-2.0098877,-2.0925293
36085014607,-1.4077148,-1.3062134,-1.3631592
36085014608,-1.1488647,-1.055542,-1.0998535
36085014700,-.97302246,-.88409424,-.92730713
36085015100,-1.6155396,-1.4883423,-1.5478516
36085015400,-.029139519,-.01362896,-.022266388
36085015601,-1.6540527,-1.5482178,-1.6029053
36085015602,-.95556641,-.87268066,-.91552734
36085015603,-1.1984253,-1.086853,-1.1437378
36085016901,-.8104248,-.72790527,-.7689209
36085017005,-1.5424194,-1.421814,-1.4827271
36085017007,-.93719482,-.83709717,-.88806152
36085017008,-2.1529541,-2.0366211,-2.09729
36085017009,-1.253479,-1.1624146,-1.2055664
36085017010,-3.8061523,-3.5838623,-3.6949463
36085017011,-1.6270142,-1.5009155,-1.5563354
36085017012,-1.9868774,-1.835083,-1.9161987
36085017300,-.29428101,-.26507568,-.27938843
36085017600,-1.9090576,-1.7653809,-1.831604
36085017700,-1.5738525,-1.4703369,-1.5205078
36085018100,-1.5176392,-1.3729553,-1.4447327
36085018701,-.38934326,-.35046387,-.36932373
36085018702,-1.2520752,-1.1589355,-1.2099609
36085018901,-1.1912231,-1.1092529,-1.1582031
36085018902,-2.0282593,-1.8746948,-1.9613647
36085019700,-.76559448,-.69238281,-.72338867
36085019800,-2.9204712,-2.6652832,-2.8121948
36085020100,-1.4587402,-1.3301392,-1.3967285
36085020700,-1.8991089,-1.7435303,-1.8239136
36085020801,-3.4558105,-3.2541504,-3.3395996
36085020803,-2.6411743,-2.4223022,-2.5149536
36085020804,-2.2897339,-2.1046143,-2.1901245
36085021300,-2.1621704,-1.9782715,-2.0775146
36085022300,-.7394104,-.66378784,-.70428467
36085022600,-3.1680908,-2.9810791,-3.0787354
36085022800,-.37338257,-.30418396,-.34661865
36085023100,-1.6381226,-1.5046997,-1.5689087
36085023900,-.79553223,-.73214722,-.76373291
36085024401,-3.1038208,-2.873291,-2.9772949
36085024402,-2.0560303,-1.8771973,-1.9732666
36085024700,-1.0692139,-.94799805,-1.0168152
36085024800,-1.8897705,-1.7172241,-1.7966919
36085025100,-2.5059814,-2.3278198,-2.3984375
36085027301,-1.7059326,-1.5601807,-1.6312866
36085027302,-1.447937,-1.3248901,-1.3772583
36085027702,-1.7532349,-1.6085815,-1.6864014
36085027704,-1.3887329,-1.270874,-1.3265381
36085027705,-.859375,-.7779541,-.81463623
36085027706,-.28643799,-.25561523,-.26907349
36085027900,-.92214966,-.80154419,-.86026001
36085029102,-1.0040283,-.89813232,-.94186401
36085029103,-1.8660889,-1.7409668,-1.8040771
36085029104,-2.7296143,-2.5391846,-2.647583
36085030301,-2.133728,-1.9766846,-2.0640869
36085030302,-1.9078369,-1.7714233,-1.8433228
36085031901,-1.3775024,-1.2708435,-1.3209229
36085031902,-1.4039917,-1.2765503,-1.3499146
36085032300,-.56355286,-.47573853,-.51959229
