j,emp_change_p5,emp_change_p95,emp_change_mean
36005000200,-.23258877,-.10113239,-.15172672
36005000400,-1.3606415,-1.0028419,-1.1792145
36005001600,-6.5137329,-5.7588501,-6.1601257
36005001900,-35.629517,-33.700928,-34.734619
36005002000,-.89694214,-.61476898,-.73573685
36005002300,-.19245052,-.086095333,-.14180183
36005002400,-1.5082474,-1.1415329,-1.2943153
36005002500,-1.8867493,-1.4515991,-1.6691513
36005002701,-.59658623,-.38421822,-.47524643
36005002702,-3.4416199,-2.8956757,-3.2039795
36005002800,-2.6804047,-2.236412,-2.4688339
36005003100,-3.7062531,-3.1016388,-3.3941956
36005003300,-1.8889923,-1.3450012,-1.5967712
36005003500,-2.9555359,-2.3714066,-2.6836548
36005003700,-.21139526,-.11071682,-.16104507
36005003800,-.060417175,-.010070384,-.030208588
36005003900,-5.1203461,-4.3897247,-4.7073669
36005004001,-.59288788,-.34460449,-.46111298
36005004100,-4.5453796,-3.8413696,-4.2236481
36005004200,-17.803955,-16.41095,-17.12262
36005004300,-6.1618958,-5.402771,-5.7898865
36005004400,-13.799988,-12.677307,-13.162415
36005004600,-1.6792374,-1.3061485,-1.5026932
36005004800,-1.0046043,-.67643356,-.82782745
36005005001,-.35372734,-.20210934,-.2879858
36005005002,-1.76194,-1.2808304,-1.5187988
36005005100,-22.977051,-21.456177,-22.243652
36005005200,-4.8669128,-4.1120148,-4.4793854
36005005300,-.6052475,-.37517548,-.49021721
36005005400,-1.8560791,-1.4097366,-1.6025238
36005005600,-.32868195,-.16181326,-.23263168
36005005902,-2.2481461,-1.7955017,-2.0318146
36005006000,-10.395966,-9.400177,-9.9327393
36005006100,-5.075592,-4.3393707,-4.8184052
36005006200,-.92314529,-.6306572,-.75681686
36005006300,-19.312012,-17.658875,-18.492798
36005006400,-.17153454,-.070621014,-.12106466
36005006500,-94.42041,-91.151855,-92.862793
36005006700,-3.0427856,-2.4441681,-2.7108917
36005006800,-2.3261032,-1.8417206,-2.0890198
36005006900,-1.4261246,-1.0495491,-1.275547
36005007000,-1.4530182,-1.0580521,-1.2454948
36005007100,-9.7612305,-8.7298584,-9.2728577
36005007200,-1.4104996,-1.0401039,-1.2479935
36005007300,-4.4717712,-3.8438416,-4.1200867
36005007400,-.37897301,-.20210838,-.28295135
36005007500,-2.1113129,-1.6889343,-1.9102631
36005007600,-1.3713455,-.96144485,-1.1587143
36005007700,-4.4655151,-3.8327332,-4.1891937
36005007800,-1.0695724,-.76401138,-.91679382
36005007900,-2.270813,-1.828537,-2.0396423
36005008300,-6.5293579,-5.7799683,-6.1975403
36005008400,-.37058258,-.18784332,-.26402187
36005008500,-3.03479,-2.4777222,-2.7286224
36005008600,-.31390762,-.16200542,-.23289585
36005008700,-7.5203857,-6.6362915,-7.0030212
36005008900,-2.9485931,-2.4871292,-2.6878052
36005009000,-16.300598,-14.994263,-15.683289
36005009200,-4.6728363,-4.0126648,-4.3296356
36005009300,-63.75293,-61.653564,-62.748291
36005009600,-26.796143,-24.818726,-25.845093
36005009800,-4.9623718,-4.2671661,-4.5897827
36005011000,-1.3291168,-.97116089,-1.1399536
36005011502,-4.5991516,-4.06633,-4.3678894
36005011700,-28.806885,-27.095947,-27.94873
36005011800,-3.3845215,-2.8197021,-3.0367737
36005011900,-5.4532471,-4.6388245,-5.0256805
36005012101,-.90267563,-.6016922,-.73209763
36005012102,-.58274078,-.36673355,-.47225571
36005012300,-1.2141495,-.9131546,-1.0636597
36005012500,-1.0320358,-.73641586,-.86163712
36005012701,-5.5748596,-4.7864838,-5.1829987
36005012901,-3.5621338,-2.9248657,-3.3015137
36005013000,-.18786716,-.086313725,-.13201141
36005013100,-2.3544617,-1.8523788,-2.073143
36005013200,-3.2649994,-2.7563019,-3.0055237
36005013300,-2.3039474,-1.7769394,-2.0680237
36005013500,-.19568348,-.080271721,-.1304512
36005013800,-.68232346,-.42958641,-.54079247
36005014100,-2.1084824,-1.6113663,-1.8472672
36005014300,-.8885498,-.637537,-.77306747
36005014400,-1.4140472,-1.0375938,-1.2461739
36005014500,-4.5689545,-3.8867035,-4.1777954
36005014701,-1.4323883,-1.0919609,-1.2620201
36005014702,-1.2528954,-.87710953,-1.0323639
36005014900,-15.345215,-14.014709,-14.732361
36005015100,-1.1599541,-.82843399,-1.0040932
36005015200,-3.3321838,-2.7531281,-3.0555878
36005015300,-1.014801,-.70486069,-.84986877
36005015500,-14.947815,-13.63269,-14.187683
36005015700,-3.3825684,-2.7837219,-3.1007843
36005015800,-2.9302979,-2.4056396,-2.639801
36005015900,-6.8799744,-6.1314697,-6.4857788
36005016000,-1.3038559,-.99444199,-1.1365585
36005016100,-6.7521362,-5.8838196,-6.2855225
36005016200,-3.1572571,-2.5463486,-2.8723755
36005016400,-2.8592987,-2.3712463,-2.6049042
36005016500,-6.3146667,-5.500885,-5.8630981
36005016600,-2.7490692,-2.2176895,-2.4682236
36005016700,-4.1973877,-3.5174408,-3.8225708
36005016900,-2.1101456,-1.6612396,-1.8757477
36005017300,-1.5882797,-1.201149,-1.3971634
36005017500,-1.8186569,-1.4128799,-1.613266
36005017701,-5.4561768,-4.6947784,-5.005127
36005017702,-1.2422562,-.95680237,-1.1020317
36005017901,-.85378647,-.58251381,-.71316147
36005017902,-.63750458,-.38148308,-.50195503
36005018101,-.99913788,-.64766502,-.80333328
36005018102,-3.1496277,-2.4764023,-2.8080597
36005018301,-4.3768311,-3.7590027,-4.0653381
36005018302,-9.8768311,-8.8267822,-9.3601685
36005018400,-2.5409317,-2.0366669,-2.235405
36005018500,-8.7772827,-7.850708,-8.321228
36005018900,-3.9264221,-3.2568665,-3.5638428
36005019300,-1.3222885,-.95521164,-1.1211624
36005019400,-2.6072159,-2.0065994,-2.2410355
36005019500,-3.7084656,-3.1860809,-3.4172974
36005019700,-7.6978455,-6.8167114,-7.2399902
36005019900,-3.7702179,-3.223114,-3.5244751
36005020000,-11.538208,-10.543213,-11.001465
36005020100,-3.7869568,-3.1499634,-3.4859619
36005020200,-1.8625717,-1.4506836,-1.6491089
36005020400,-4.7394714,-4.1146545,-4.4071808
36005020501,-1.048439,-.74236298,-.89289856
36005020502,-.42470169,-.22482014,-.31981468
36005020601,-1.3856888,-1.0660744,-1.2286491
36005020900,-2.9136658,-2.3209686,-2.5923767
36005021001,-8.1569824,-7.2993164,-7.7687988
36005021002,-1.4168091,-1.0689888,-1.2505417
36005021100,-2.2726364,-1.8504333,-2.0615158
36005021200,-2.4336014,-1.8720551,-2.1349564
36005021301,-.42100334,-.23052406,-.31573582
36005021302,-1.6834412,-1.2975845,-1.4630356
36005021501,-2.736557,-2.2252426,-2.4807587
36005021502,-2.7233887,-2.1877747,-2.4180222
36005021601,-10.819153,-9.8171387,-10.209259
36005021602,-4.4079742,-3.6498871,-3.9629669
36005021700,-2.4457474,-1.964447,-2.1852417
36005021800,-1.877533,-1.4850464,-1.6812973
36005021900,-6.8409729,-6.0724487,-6.4544678
36005022000,-1.2224312,-.89181137,-1.0720825
36005022101,-1.605957,-1.1642647,-1.359993
36005022102,-1.8287354,-1.3877487,-1.6232147
36005022200,-4.0486603,-3.4113312,-3.7252045
36005022300,-2.5709686,-2.1342621,-2.3451462
36005022401,-2.2202301,-1.7301254,-1.9851151
36005022403,-2.839386,-2.2813797,-2.6048737
36005022404,-1.8596497,-1.4536667,-1.6642151
36005022500,-.25049114,-.095177174,-.17031002
36005022701,-.96722412,-.63144684,-.83184433
36005022702,-.97515106,-.71508408,-.86013794
36005022703,-.39895058,-.20944977,-.29918194
36005022800,-1.4095001,-1.0137901,-1.2067451
36005022901,-13.236084,-11.987244,-12.629395
36005022902,-.62902832,-.38442039,-.48928261
36005023000,-.89012909,-.59013557,-.73016739
36005023100,-3.6440125,-3.0372467,-3.2980499
36005023200,-24.06189,-22.166748,-23.089722
36005023301,-3.0464325,-2.5556412,-2.8310852
36005023302,-.35561752,-.1853447,-.27051067
36005023501,-.90594482,-.62568283,-.7858429
36005023502,-3.3126831,-2.7163239,-3.0520935
36005023600,-1.7117691,-1.2914352,-1.4816666
36005023702,-14.94281,-13.695679,-14.36438
36005023703,-2.3789215,-1.9449921,-2.1745529
36005023704,-.73976135,-.46480942,-.59480286
36005023800,-13.864502,-12.492004,-13.20813
36005023900,-3.441452,-2.8361969,-3.1715546
36005024000,-.81213379,-.53136635,-.65176392
36005024100,-3.2071533,-2.5828857,-2.9573059
36005024300,-5.4664307,-4.6544037,-5.0051422
36005024400,-1.8445587,-1.4097977,-1.6196594
36005024501,-1.9028778,-1.4862061,-1.6869736
36005024502,-.55150032,-.35096359,-.4511795
36005024600,-1.4643021,-1.0593987,-1.2794037
36005024700,-.77636719,-.51427841,-.63528442
36005024800,-5.1910095,-4.4008331,-4.8305054
36005024900,-.43221283,-.22616863,-.31161118
36005025000,-1.9627914,-1.533226,-1.7378159
36005025100,-6.523468,-5.7145081,-6.1044312
36005025200,-2.3164368,-1.8809662,-2.1009521
36005025300,-2.8918762,-2.3757095,-2.6062012
36005025400,-1.4847183,-1.1198387,-1.2997818
36005025500,-4.9040375,-4.2130432,-4.5486603
36005025600,-2.2454376,-1.8192902,-2.0248642
36005025700,-1.3044128,-.92464828,-1.109478
36005026100,-17.919678,-16.604187,-17.390808
36005026300,-11.760254,-10.538635,-11.189148
36005026400,-1.9354019,-1.5665894,-1.7485123
36005026500,-7.8621826,-6.8995667,-7.3815308
36005026601,-6.3309326,-5.5584106,-5.936615
36005026602,-3.970871,-3.3241272,-3.6569824
36005026701,-1.0183487,-.69725418,-.82276535
36005026702,-1.1580811,-.81722641,-.99256516
36005026900,-6.5048218,-5.8384399,-6.1588135
36005027300,-2.7420044,-2.1265182,-2.4218521
36005027401,-2.5106354,-1.9645538,-2.2147751
36005027402,-1.195755,-.88027573,-1.0280037
36005027600,-.050562859,-.01011318,-.020227015
36005027700,-4.7285309,-3.9599457,-4.3391571
36005027900,-4.3354797,-3.691452,-4.0059814
36005028100,-1.313942,-.98925018,-1.1491585
36005028300,-5.4419556,-4.5921936,-4.9273224
36005028400,-37.289551,-35.741333,-36.467163
36005028500,-4.4351654,-3.7254639,-4.0148163
36005028600,-47.812256,-45.671631,-46.616699
36005028700,-12.058105,-10.899536,-11.513794
36005028800,-3.2933655,-2.7589569,-2.9884186
36005028900,-5.5980835,-4.9326935,-5.2579651
36005029301,-1.2995796,-.95829773,-1.1339722
36005029302,-5.2217407,-4.3823547,-4.7190399
36005029500,-4.2867126,-3.6465759,-3.9762421
36005029600,-46.518555,-44.628418,-45.623047
36005029700,-2.9680176,-2.442482,-2.7474823
36005030000,-5.2901917,-4.5739136,-4.9068756
36005030100,-4.0071106,-3.3554535,-3.6310883
36005030200,-.86751938,-.58501053,-.74135971
36005030701,-3.6673584,-3.0735168,-3.3380737
36005030900,-12.2323,-11.074768,-11.72937
36005031000,-11.585083,-10.559937,-11.06427
36005031200,-1.9220047,-1.4774933,-1.6873093
36005031400,-1.6383591,-1.2838135,-1.45858
36005031600,-.42980766,-.23993397,-.32489872
36005031800,-1.3437729,-.94904327,-1.1289024
36005031900,-2.6679077,-2.1422348,-2.4226074
36005032300,-5.0460663,-4.4144135,-4.7050018
36005032400,-2.8790588,-2.3238525,-2.5887451
36005032600,-2.9751282,-2.4813004,-2.7108917
36005032800,-4.2371674,-3.5082703,-3.8526306
36005033000,-3.9667816,-3.2838745,-3.6776581
36005033201,-6.6468811,-5.7774963,-6.2418823
36005033202,-7.5589905,-6.6509094,-7.0501404
36005033400,-4.934433,-4.2272644,-4.6454926
36005033500,-2.1988602,-1.7242661,-1.9190979
36005033600,-1.0575943,-.80307388,-.91785049
36005033700,-2.4713669,-1.9511108,-2.2313843
36005033800,-1.6769485,-1.3077698,-1.4823685
36005034000,-7.5686951,-6.5929871,-7.1210327
36005034200,-1.511673,-1.1287575,-1.3026123
36005034300,-2.1106644,-1.6304932,-1.8705521
36005034400,-1.3314209,-.96368027,-1.1475296
36005034500,-4.7033234,-4.038681,-4.3539276
36005034800,-2.8368378,-2.3339005,-2.6179047
36005035000,-2.112114,-1.6784515,-1.8728561
36005035100,-8.9737244,-7.9646301,-8.4496155
36005035600,-.49241066,-.26625729,-.36178398
36005035800,-2.0359421,-1.58181,-1.8111038
36005035900,-1.9643784,-1.5434189,-1.7738571
36005036000,-3.4462433,-2.72995,-3.1157532
36005036100,-4.4989319,-3.7756348,-4.1221313
36005036300,-1.4830322,-1.107357,-1.2727852
36005036400,-1.6883621,-1.3635864,-1.4985886
36005036501,-2.0510101,-1.5960464,-1.8311768
36005036502,-.53543091,-.28524017,-.41032028
36005036700,-.7407341,-.48039246,-.60060501
36005036800,-1.9845657,-1.5410538,-1.7454605
36005036901,-3.4798431,-2.8591309,-3.1045227
36005036902,-1.0464134,-.76595688,-.9011879
36005037000,-.43807983,-.26383972,-.33852577
36005037100,-1.044384,-.70465088,-.86959457
36005037200,-.87664032,-.59774971,-.73720551
36005037300,-1.4566803,-1.0825348,-1.2670288
36005037400,-1.242321,-.84825134,-1.0528221
36005037504,-4.6752625,-4.0116882,-4.3212433
36005037600,-.38886642,-.20938492,-.28913593
36005037800,-.67245102,-.45823097,-.55783653
36005037900,-19.182983,-17.68335,-18.392761
36005038000,-5.1077881,-4.4159851,-4.7484894
36005038100,-1.4722748,-1.0966263,-1.2568703
36005038200,-.21905231,-.10951328,-.15932226
36005038301,-.7360611,-.5057373,-.61591721
36005038302,-4.5293884,-3.8596039,-4.1797485
36005038500,-1.9290924,-1.4694366,-1.6791382
36005038600,-4.7822571,-3.9764862,-4.4043579
36005038700,-7.6424255,-6.7225342,-7.2021179
36005038800,-.20876694,-.089462757,-.1441412
36005038900,-3.0623474,-2.4480057,-2.7328491
36005039000,-.73108673,-.4824276,-.60674095
36005039100,-5.4869385,-4.6934204,-5.0530243
36005039200,-1.0057564,-.69696808,-.83640289
36005039300,-2.0637817,-1.6892014,-1.8791733
36005039400,-1.9256668,-1.4677887,-1.7414398
36005039500,-5.2073975,-4.5277252,-4.9026031
36005039600,-.65644455,-.43276215,-.54706192
36005039700,-17.436096,-16.169983,-16.766296
36005039800,-.96311569,-.6851387,-.84399033
36005039901,-15.931702,-14.640015,-15.315369
36005039902,-5.0476227,-4.2039642,-4.6581726
36005040100,-8.1965942,-7.2019043,-7.7955933
36005040302,-.29954815,-.15476227,-.22964001
36005040303,-2.2110214,-1.7646866,-1.9802475
36005040304,-2.3533478,-1.86763,-2.1031647
36005040400,-.57567787,-.33743477,-.45163155
36005040501,-.78183365,-.4962101,-.63152313
36005040502,-.67557907,-.41032982,-.55543137
36005040600,-1.3388214,-.990345,-1.1794968
36005040701,-.75276184,-.47672462,-.61224937
36005040702,-2.5819702,-2.0616074,-2.2568588
36005040800,-.51748466,-.32344627,-.41792488
36005040900,-2.6704559,-2.0844345,-2.3751526
36005041100,-2.6187592,-2.0730743,-2.3336029
36005041300,-1.9200668,-1.440094,-1.6401443
36005041400,-4.0323486,-3.4883881,-3.7381897
36005041500,-.9104538,-.62534142,-.7604332
36005041800,-4.5747833,-3.9177704,-4.2510071
36005041900,-2.4672852,-1.9829407,-2.1727753
36005042000,-9.9956665,-8.9234619,-9.3527527
36005042100,-108.45264,-105.32227,-106.82959
36005042200,-4.3509521,-3.743454,-4.007843
36005042300,-.98838425,-.71876144,-.85863876
36005042400,-1.7536392,-1.2670479,-1.5201797
36005042500,-3.9389038,-3.3301392,-3.6447449
36005042600,-1.3640594,-.99556351,-1.214695
36005042800,-1.1022987,-.80434799,-.93346024
36005042901,-2.1358032,-1.696846,-1.9064102
36005042902,-1.2414627,-.9271965,-1.066864
36005043000,-1.8273392,-1.4202042,-1.6290741
36005043100,-9.3406372,-8.3052063,-8.785675
36005043400,-3.4024963,-2.7012482,-3.0890045
36005043500,-1.7468643,-1.3225403,-1.5372925
36005043600,-.47696877,-.28817177,-.36768723
36005044200,-.54794502,-.31877804,-.40845871
36005044400,-1.3333664,-.96004486,-1.1741104
36005044800,-.029806137,-.0099333525,-.009978205
36005044901,-1.2465172,-.88254929,-1.047081
36005044902,-.86910629,-.58934402,-.72426987
36005045101,-1.1490097,-.82918549,-.95912552
36005045102,-.72904968,-.48934174,-.60416222
36005045600,-3.0889587,-2.5801468,-2.8298187
36005045800,-1.2259026,-.87718582,-1.0463867
36005046000,-1.7229919,-1.2534637,-1.488205
36005046201,-37.756714,-36.132568,-37.074585
36005046202,-12.218933,-11.117065,-11.632568
36005048400,-8.7651672,-7.9005737,-8.4153748
36005050400,-.27284336,-.12631512,-.18694687
36005051600,-8.7336426,-7.7067566,-8.2875061
36047000100,-4.207489,-3.5054474,-3.8241425
36047000200,-31.300293,-29.542358,-30.350586
36047000301,-3.6830139,-3.0087738,-3.3011475
36047000501,-4.7751312,-4.0561218,-4.4725494
36047000502,-12.295105,-11.183411,-11.773804
36047000700,-20.755615,-19.437683,-20.099487
36047000900,-1476.2188,-1463.6094,-1470.125
36047001100,-424.93555,-418.91406,-422.19531
36047001300,-25.388306,-23.953613,-24.684204
36047001500,-6.5951233,-5.9216309,-6.2709351
36047001800,-67.312988,-64.794922,-66.009766
36047002000,-8.6238403,-7.7182007,-8.1487122
36047002100,-48.703857,-46.563965,-47.534668
36047002200,-51.22876,-49.038574,-50.146484
36047002300,-.58121109,-.37078476,-.46100807
36047002901,-3.4301453,-2.8608704,-3.0858154
36047003000,-.45349884,-.25089931,-.34739494
36047003100,-19.781006,-18.416138,-19.111938
36047003300,-33.136475,-31.384155,-32.184082
36047003400,-4.5706024,-3.9411926,-4.26091
36047003500,-25.505371,-23.974243,-24.761719
36047003600,-.91841888,-.63803101,-.79260254
36047003700,-250.03418,-245.02734,-247.59277
36047003800,-.37175179,-.20759487,-.28002357
36047003900,-7.2834778,-6.3097839,-6.7516479
36047004100,-8.9259033,-7.9191284,-8.4176331
36047004300,-6.5847778,-5.6418152,-6.1506653
36047004400,-.52099991,-.32323265,-.41492271
36047004500,-5.024292,-4.3315582,-4.6205139
36047004600,-1.2827301,-.92715454,-1.1145935
36047004700,-.72266388,-.45352936,-.5880928
36047004900,-5.7198486,-4.9420319,-5.2561646
36047005000,-1.0622025,-.76553726,-.91863632
36047005100,-3.8969269,-3.3516235,-3.6615143
36047005201,-2.0776978,-1.5989151,-1.8385391
36047005202,-.94819641,-.66570663,-.77573013
36047005300,-33.976807,-32.41272,-33.121094
36047005400,-1.6636734,-1.2367744,-1.4333801
36047005601,-2.1232758,-1.7215195,-1.9508057
36047005602,-1.782074,-1.3042374,-1.5571518
36047005800,-7.5065308,-6.7067566,-7.0974121
36047005900,-11.230896,-10.163055,-10.706482
36047006000,-3.5628662,-2.9607849,-3.2663574
36047006200,-7.0452271,-6.2198792,-6.6973572
36047006300,-4.3164215,-3.6864319,-3.9914856
36047006400,-4.2739105,-3.7644653,-4.0292511
36047006500,-3.7881317,-3.183136,-3.4682159
36047006600,-4.3495483,-3.6884155,-4.0649261
36047006700,-3.598938,-3.0550385,-3.3245697
36047006800,-5.4364319,-4.6230927,-5.0299072
36047006900,-18.698853,-17.316895,-18.052429
36047007000,-1.3941422,-1.0214653,-1.1908188
36047007100,-2.5840073,-2.140831,-2.3749008
36047007200,-.31599522,-.1652832,-.24308395
36047007400,-1.4286194,-1.0398293,-1.2148666
36047007500,-4.5934143,-3.8630219,-4.2531738
36047007600,-3.4955139,-2.8776245,-3.1739807
36047007700,-10.912537,-9.9016418,-10.347046
36047007800,-2.9888153,-2.3940277,-2.6475067
36047008000,-1.7638474,-1.3571243,-1.5480423
36047008200,-5.3137817,-4.4915466,-4.8828278
36047008400,-16.983093,-15.610168,-16.281799
36047008500,-.8151741,-.5451355,-.68517303
36047008800,-2.648468,-2.1753387,-2.3901062
36047009000,-2.3905182,-1.9064102,-2.1901398
36047009200,-.71764374,-.4930706,-.60535622
36047009400,-3.1499786,-2.5570679,-2.8097687
36047009600,-1.6099854,-1.243969,-1.4051285
36047009800,-1.8669968,-1.3806992,-1.5851593
36047010000,-1.6946487,-1.3001328,-1.4950638
36047010100,-10.194824,-9.133667,-9.6108398
36047010200,-6.3397217,-5.502594,-5.9164429
36047010400,-8.4112549,-7.6308594,-8.0582275
36047010600,-6.3044434,-5.3650818,-5.8302307
36047010800,-3.3805847,-2.7076263,-3.036911
36047011000,-5.4513855,-4.5824432,-4.960907
36047011200,-3.2843323,-2.7353516,-3.024765
36047011400,-70.320801,-67.564453,-68.898438
36047011600,-.79416275,-.53746986,-.64404297
36047011700,-7.3963318,-6.5743408,-7.0498352
36047011800,-19.808838,-18.519165,-19.220703
36047011900,-33.569702,-31.869629,-32.75769
36047012000,-10.592468,-9.4839172,-9.9828491
36047012100,-18.723145,-17.138611,-17.955566
36047012200,-1.6143188,-1.2155991,-1.3955231
36047012600,-4.1763306,-3.4703827,-3.8326416
36047012700,-7.461792,-6.6436157,-7.0403748
36047012801,-.98903275,-.71878815,-.84918976
36047012901,-9.2745056,-8.3274841,-8.7732849
36047012902,-3.9153748,-3.3701935,-3.6130371
36047013000,-3.1921692,-2.699585,-2.897522
36047013100,-4.6585236,-4.0315094,-4.3179169
36047013200,-1.7909546,-1.3359528,-1.551506
36047013300,-5.2572632,-4.5225067,-4.8626556
36047013400,-5.7781677,-4.9872437,-5.3946533
36047013500,-1.6969757,-1.2913132,-1.5040359
36047013600,-5.0162354,-4.3647156,-4.6428223
36047013700,-7.1560364,-6.2104187,-6.7301941
36047013800,-4.4297485,-3.8390503,-4.1159821
36047013900,-5.5475769,-4.8329773,-5.1551819
36047014000,-2.1000671,-1.6451187,-1.8536758
36047014100,-3.6681061,-3.0807495,-3.3522949
36047014200,-2.8666077,-2.4488983,-2.662262
36047014300,-5.1828308,-4.4588623,-4.7592621
36047014500,-6.2270203,-5.4403076,-5.7451782
36047014700,-.29592514,-.14796066,-.23180008
36047014800,-1.265419,-.91807938,-1.0750275
36047014900,-4.0029144,-3.2697449,-3.6164093
36047015000,-1.7795715,-1.4102478,-1.5635605
36047015100,-4.929184,-4.1633911,-4.5262146
36047015200,-24.118652,-22.53186,-23.354248
36047015300,-40.809814,-38.685181,-39.734131
36047015500,-3.0816498,-2.486969,-2.7497406
36047015700,-7.223999,-6.3378601,-6.7341614
36047015900,-9.219574,-8.2775574,-8.7286377
36047016000,-12.780334,-11.783203,-12.258911
36047016100,-6.4300537,-5.6456604,-6.0629272
36047016200,-3.0023346,-2.4315796,-2.7601624
36047016300,-4.0296783,-3.5038605,-3.7864532
36047016400,-.61182022,-.4047184,-.52236557
36047016500,-6.4920959,-5.6856689,-6.1166992
36047016600,-.24290466,-.10955572,-.16193581
36047016700,-3.5140991,-2.9920502,-3.2804413
36047016800,-.066403389,-.0094874501,-.028460026
36047016900,-5.8547668,-5.1303101,-5.4676514
36047017000,-1.8188858,-1.4043961,-1.6423798
36047017100,-1.4273834,-1.0358467,-1.204319
36047017200,-1.954071,-1.4584427,-1.6919632
36047017400,-.54132843,-.33239937,-.44641304
36047017500,-.27313042,-.14631081,-.20484447
36047017600,-1.5985413,-1.2550507,-1.422142
36047017700,-.029528856,-.0098425746,-.0098506212
36047017800,-4.7324524,-4.0783691,-4.4008636
36047017900,-1.8523636,-1.4129868,-1.5978012
36047018000,-1.210804,-.90328598,-1.0570335
36047018100,-3.203125,-2.6766663,-2.9274902
36047018200,-1.9834747,-1.4706573,-1.7173767
36047018300,-2.7795563,-2.2969818,-2.5984497
36047018400,-.23070621,-.10572386,-.16340446
36047018501,-.79065323,-.53543091,-.67055893
36047018600,-.57491112,-.38644791,-.46860695
36047018700,-.63052177,-.39849663,-.52459145
36047018800,-1.4359589,-1.0491867,-1.2473907
36047019000,-8.6207275,-7.740509,-8.2368774
36047019100,-12.568481,-11.428711,-11.95282
36047019200,-8.1152649,-7.1920166,-7.6444702
36047019300,-3.0056915,-2.4413834,-2.7161713
36047019400,-20.126343,-18.862244,-19.484253
36047019500,-4.8647614,-4.1408081,-4.5101013
36047019600,-5.2438965,-4.557785,-4.9400787
36047019700,-2.8003845,-2.3503647,-2.5575104
36047019800,-5.5599365,-4.8852539,-5.1845398
36047019900,-3.8237,-3.2568359,-3.5327759
36047020000,-3.8197479,-3.2151947,-3.513031
36047020100,-2.2550964,-1.7427826,-2.0089035
36047020200,-.45545197,-.27803993,-.36436462
36047020300,-14.853394,-13.589478,-14.251465
36047020400,-.34956741,-.19631195,-.26812553
36047020500,-3.567337,-3.0116577,-3.2945709
36047020600,-1.6719589,-1.2613602,-1.442749
36047020700,-1.5834351,-1.2074013,-1.3755798
36047020800,-1.1346169,-.7821579,-.95593262
36047021000,-2.2229767,-1.7723846,-1.990593
36047021100,-5.2095032,-4.5139465,-4.8944092
36047021200,-5.3707275,-4.6423187,-4.9629669
36047021300,-7.9835205,-7.0935364,-7.5436401
36047021400,-3.452652,-2.8010101,-3.1755829
36047021500,-3.0079346,-2.4190903,-2.7059784
36047021600,-3.2194977,-2.6011353,-2.9468842
36047021700,-.73262787,-.49007225,-.59402847
36047021800,-14.414856,-13.150391,-13.706726
36047021900,-1.2987061,-.9715538,-1.1400604
36047022000,-8.2823486,-7.4725952,-7.9135132
36047022100,-.40886688,-.21440697,-.29917336
36047022200,-4.8094635,-4.1377716,-4.5008392
36047022400,-3.9464874,-3.3377838,-3.6271973
36047022600,-17.163879,-15.851135,-16.547974
36047022700,-2.5575333,-2.0929718,-2.2580185
36047022800,-13.996216,-12.710999,-13.485168
36047022900,-.58478928,-.37304878,-.47385597
36047023000,-12.260071,-11.042175,-11.689941
36047023100,-2.0836563,-1.6738968,-1.8661118
36047023200,-27.974854,-26.193604,-27.043213
36047023300,-1.7988892,-1.3833466,-1.5606003
36047023400,-7.5424805,-6.7154236,-7.1706848
36047023500,-1.2431717,-.94885254,-1.085865
36047023600,-8.9220886,-7.960968,-8.5164795
36047023800,-8.2319336,-7.355011,-7.8034058
36047024000,-7.5870056,-6.7107239,-7.1243286
36047024100,-7.8578796,-6.8468018,-7.3553467
36047024200,-7.2727661,-6.4662476,-6.8596802
36047024300,-2.5284195,-1.9962845,-2.27005
36047024400,-5.080658,-4.3507538,-4.7323608
36047024500,-1.6076126,-1.2157669,-1.4267197
36047024600,-1.2714386,-.97063065,-1.0968285
36047024700,-10.827576,-9.832428,-10.292969
36047024800,-6.0713196,-5.3443298,-5.7852478
36047024900,-1.2399979,-.92375565,-1.0794106
36047025000,-2.4142609,-1.9916306,-2.2052536
36047025100,-.8771286,-.6438942,-.75039673
36047025200,-3.77388,-3.2262726,-3.4880219
36047025300,-1.7972412,-1.4154205,-1.5884857
36047025400,-2.9355927,-2.4900131,-2.6981201
36047025500,-.051012516,-.010202706,-.020406246
36047025600,-1.8329697,-1.4651794,-1.6540375
36047025700,-3.3902588,-2.8439026,-3.1502533
36047025800,-1.9571075,-1.5861282,-1.7355957
36047025901,-1.4169464,-1.0704117,-1.2436752
36047025902,-.24478436,-.10709763,-.17338753
36047026000,-2.7749481,-2.2935028,-2.5342865
36047026100,-1.7569122,-1.3190804,-1.5278168
36047026200,-.87762833,-.59644318,-.73698044
36047026300,-.071205854,-.010177493,-.040688276
36047026400,-4.3253937,-3.6908722,-4.0082397
36047026500,-1.904892,-1.4641876,-1.6871719
36047026600,-3.9813843,-3.4425354,-3.7074585
36047026700,-1.8088226,-1.4068527,-1.6027527
36047026800,-1.0337791,-.74185562,-.8806076
36047026900,-2.9364319,-2.3400955,-2.6456757
36047027000,-2.025322,-1.6423187,-1.8195343
36047027100,-22.050415,-20.778076,-21.408325
36047027200,-.56507111,-.37350273,-.47891998
36047027300,-1.9162292,-1.4296417,-1.6402435
36047027400,-1.9239655,-1.5250168,-1.7223053
36047027500,-.45759964,-.24641514,-.34195137
36047027600,-3.0733337,-2.5339203,-2.8230133
36047027700,-1.3061028,-.94799423,-1.1295547
36047027800,-4.08078,-3.5155334,-3.7601776
36047027900,-1.8229065,-1.4267883,-1.6250458
36047028000,-3.0817108,-2.4428787,-2.7669525
36047028100,-1.218502,-.93801117,-1.0858917
36047028200,-1.9953232,-1.5560455,-1.6992798
36047028300,-3.0418854,-2.4437637,-2.7300415
36047028400,-2.9868927,-2.4572372,-2.7366791
36047028501,-31.260986,-29.287354,-30.350342
36047028502,-.18374252,-.08165741,-.13267946
36047028600,-1.3939362,-1.0286674,-1.2162132
36047028700,-1.8235397,-1.3956146,-1.5942688
36047028800,-2.7584839,-2.2086639,-2.4449997
36047028900,-.87355042,-.57389641,-.70083237
36047029000,-6.5641174,-5.8160706,-6.1838989
36047029100,-1.0725937,-.77256393,-.90473557
36047029200,-.71399307,-.4934845,-.59415436
36047029300,-1.0627441,-.73381805,-.87042999
36047029400,-12.367859,-11.345032,-11.86853
36047029500,-.75997162,-.49318695,-.62409401
36047029600,-4.2071075,-3.5086823,-3.816925
36047029700,-1.2960091,-.99963379,-1.1353226
36047029800,-3.3395386,-2.8549347,-3.0707855
36047029900,-2.3537674,-1.8719254,-2.112793
36047030000,-4.6800995,-4.0162811,-4.381897
36047030100,-2.8083038,-2.2053299,-2.5014496
36047030200,-.53208351,-.32599068,-.41222954
36047030300,-1.9152298,-1.4590912,-1.6546021
36047030400,-5.0511475,-4.3766632,-4.6681976
36047030500,-9.3623047,-8.2893066,-8.8829041
36047030600,-3.021347,-2.4682312,-2.7140045
36047030700,-8.094696,-7.193573,-7.6487122
36047030800,-6.3390503,-5.4725647,-5.8583069
36047030900,-.88379669,-.63910103,-.76390076
36047031100,-1.3870926,-1.0616798,-1.2118073
36047031300,-1.8585281,-1.4013977,-1.6424637
36047031400,-3.9045563,-3.3801727,-3.5968475
36047031500,-1.4904633,-1.1040688,-1.3048325
36047031701,-1.6085739,-1.205204,-1.3845139
36047031702,-1.3018112,-.97383499,-1.1626358
36047031900,-3.907959,-3.2399139,-3.6107941
36047032100,-1.1817513,-.86535645,-1.0185776
36047032300,-1.8137207,-1.3738708,-1.6160583
36047032500,-2.1949692,-1.7847595,-1.9875183
36047032600,-11.24762,-10.059021,-10.592041
36047032700,-7.1007996,-6.2848816,-6.6998901
36047032800,-6.6607361,-5.9591675,-6.3632202
36047032900,-2.0728073,-1.6581802,-1.8853149
36047033000,-.41824913,-.22593689,-.32682228
36047033100,-2.7134094,-2.1896439,-2.4563904
36047033300,-2.578064,-2.0534821,-2.3456726
36047033500,-2.3413086,-1.8998032,-2.1181641
36047033600,-1.5479507,-1.1584167,-1.3555145
36047033700,-4.7563934,-4.1963501,-4.4589233
36047033900,-1.740181,-1.2877274,-1.5113754
36047034000,-4.0002747,-3.3975372,-3.7501831
36047034100,-4.0705872,-3.4462433,-3.8060608
36047034200,-2.48452,-2.0552139,-2.2725754
36047034300,-1.3796539,-1.0309944,-1.1903381
36047034500,-.58576584,-.34749413,-.4467411
36047034700,-.50697136,-.30813885,-.40757942
36047034800,-11.561218,-10.521729,-11.023438
36047034900,-3.0719757,-2.4971008,-2.7943115
36047035000,-2.0782547,-1.6386185,-1.826973
36047035100,-2.0286179,-1.5734024,-1.7910156
36047035200,-5.8050842,-4.9937134,-5.3656006
36047035300,-2.3464127,-1.9208069,-2.1186981
36047035400,-5.8198547,-5.1962891,-5.5423584
36047035500,-1.648056,-1.2224007,-1.4550171
36047035601,-1.3338623,-.9604187,-1.115509
36047035602,-2.0048904,-1.5921478,-1.786438
36047035700,-.20819092,-.099132538,-.14374542
36047035900,-1.0883369,-.74538422,-.90443039
36047036001,-2.1900253,-1.7375488,-1.9614487
36047036002,-3.6912689,-3.154068,-3.4273834
36047036100,-3.9998322,-3.3772888,-3.7511749
36047036200,-7.0690308,-6.1678772,-6.5920105
36047036300,-1.171608,-.86121368,-1.0064621
36047036400,-3.7063599,-3.1212769,-3.3849182
36047036501,-.74536133,-.50359154,-.63455391
36047036502,-2.3228989,-1.8775177,-2.1053162
36047036600,-37.03772,-34.892822,-36.095215
36047036700,-5.7324219,-4.9156189,-5.3436584
36047036900,-1.0993576,-.79681778,-.95325089
36047037000,-29.688354,-27.871216,-28.665649
36047037100,-3.5640106,-2.9447784,-3.2468414
36047037300,-1.6345444,-1.2145996,-1.4269257
36047037401,-1.6277924,-1.2702408,-1.4201126
36047037402,-3.5671539,-3.0428619,-3.3245087
36047037500,-6.3693542,-5.4785156,-5.9042358
36047037700,-.42930984,-.24242878,-.32326889
36047037900,-1.1234818,-.82761002,-.96302414
36047038100,-.48621941,-.28069973,-.38091278
36047038200,-2.1879959,-1.738884,-1.9899445
36047038300,-.87104034,-.62436295,-.75021362
36047038500,-.40492821,-.23788166,-.33401871
36047038600,-2.5790863,-2.0600891,-2.3122787
36047038700,-2.6816864,-2.2203903,-2.4638138
36047038800,-2.1219711,-1.5793839,-1.8360062
36047038900,-4.82724,-4.1667633,-4.4668427
36047039000,-.5471611,-.34861183,-.44550896
36047039100,-5.3337708,-4.6582947,-4.9625854
36047039200,-1.9272232,-1.4854126,-1.6942596
36047039300,-2.0677643,-1.6155624,-1.788414
36047039400,-5.0212708,-4.3517303,-4.700943
36047039500,-2.1337738,-1.6663437,-1.9204025
36047039600,-1.3607635,-1.039856,-1.2051697
36047039700,-1.8467331,-1.4256287,-1.6235046
36047039800,-4.4241486,-3.7679443,-4.1038208
36047039900,-.79716492,-.51284599,-.66012192
36047040000,-6.0593262,-5.2349243,-5.6287537
36047040100,-1.3350525,-.95440674,-1.1370926
36047040200,-1.6224518,-1.2166901,-1.4194641
36047040300,-5.9073792,-5.211853,-5.5720825
36047040400,-3.1124573,-2.625061,-2.8953705
36047040500,-1.1185455,-.82491684,-1.0020142
36047040600,-.50232887,-.30910969,-.40571404
36047040800,-1.3121185,-.94907761,-1.1038094
36047040900,-1.1238022,-.77805328,-.96605682
36047041000,-5.2185364,-4.4938354,-4.8342743
36047041100,-.28946686,-.15235186,-.22342396
36047041200,-5.0618896,-4.4868469,-4.7841339
36047041300,-.31506062,-.15244818,-.23377609
36047041401,-.99557114,-.73197556,-.85402298
36047041402,-.51165962,-.27775383,-.40932465
36047041500,-.34646797,-.19360733,-.2547617
36047041600,-3.0163727,-2.5686646,-2.787735
36047041700,-.51954651,-.31069374,-.40745926
36047041800,-4.3340759,-3.807663,-4.0463867
36047041900,-1.137146,-.78527451,-.95870209
36047042000,-4.6100922,-3.9610443,-4.2539978
36047042100,-.93615341,-.65126038,-.80399704
36047042200,-3.9976959,-3.4311676,-3.7439728
36047042300,-4.8556824,-4.2300873,-4.4947357
36047042400,-1.3489304,-.98373413,-1.1493797
36047042500,-2.9790649,-2.4688721,-2.6982117
36047042600,-2.9224396,-2.4482422,-2.661377
36047042700,-1.6196136,-1.2466583,-1.3998947
36047042800,-3.497467,-2.9085236,-3.1642914
36047042900,-2.1514282,-1.7283859,-1.9579086
36047043000,-8.6894226,-7.6484375,-8.1763306
36047043100,-7.0639038,-6.2170105,-6.6505127
36047043200,-2.9812012,-2.5064392,-2.7437592
36047043300,-3.6278839,-3.0462189,-3.3318024
36047043400,-2.4620285,-1.9521637,-2.2048645
36047043500,-1.1141701,-.79224777,-.98130035
36047043600,-3.7451019,-3.1174469,-3.4428253
36047043700,-2.0027695,-1.6001129,-1.8041
36047043800,-2.2067337,-1.7771606,-1.9970093
36047043900,-23.055542,-21.568848,-22.252319
36047044000,-2.0419388,-1.5936661,-1.83255
36047044100,-2.4861298,-1.9911652,-2.2206421
36047044200,-5.6422729,-4.8491211,-5.3068542
36047044300,-21.041321,-19.67334,-20.336731
36047044400,-2.3206558,-1.7989883,-2.0770111
36047044500,-2.7784119,-2.2204819,-2.4867401
36047044600,-4.5051422,-3.8470917,-4.1496735
36047044700,-5.0823212,-4.3853912,-4.7393188
36047044800,-1.989624,-1.5895309,-1.7554169
36047044900,-41.789063,-39.807861,-40.713257
36047045000,-3.5234985,-2.9701996,-3.2786713
36047045200,-1.1370201,-.84066772,-.98152924
36047045300,-15.949036,-14.417908,-15.18927
36047045400,-3.2420807,-2.6920776,-2.9792938
36047045600,-4.9411316,-4.205368,-4.5953217
36047045800,-.49138832,-.26761532,-.36004257
36047046000,-3.0051422,-2.4426117,-2.657959
36047046201,-1.816124,-1.468544,-1.6496887
36047046202,-2.1387711,-1.6930008,-1.908287
36047046400,-16.548035,-15.326111,-15.94751
36047046800,-1.4973602,-1.1023407,-1.3120346
36047047000,-2.3254089,-1.8835983,-2.082962
36047047200,-2.6958771,-2.1681671,-2.4123917
36047047400,-4.3062439,-3.7192688,-3.988205
36047047600,-5.6232605,-4.9458771,-5.3431396
36047047700,-3.1678619,-2.6097565,-2.8423767
36047047800,-11.359375,-10.142761,-10.801697
36047048000,-2.9993439,-2.4494934,-2.7000885
36047048100,-15.271667,-13.999573,-14.586792
36047048200,-12.224487,-11.224548,-11.763916
36047048400,-3.5020905,-2.9028625,-3.1584167
36047048500,-20.634583,-19.219788,-19.874268
36047048600,-6.4120483,-5.6193848,-5.9791565
36047048800,-1.8198929,-1.3859558,-1.5883255
36047048900,-.071334362,-.01019007,-.030570269
36047049000,-2.3104706,-1.8828125,-2.054863
36047049100,-25.068237,-23.297241,-24.057373
36047049200,-3.6262817,-3.046524,-3.3661041
36047049300,-2.3007355,-1.7600555,-2.0251617
36047049400,-7.0072021,-6.1991272,-6.5141602
36047049500,-3.4281311,-2.901825,-3.1062622
36047049600,-3.8593292,-3.2252197,-3.4877167
36047049700,-4.1816711,-3.5340424,-3.8657074
36047049800,-2.979187,-2.4594116,-2.7266693
36047049900,-4.4536285,-3.7233276,-4.0838165
36047050000,-1.2882729,-.93641663,-1.0998878
36047050100,-11.986694,-10.883057,-11.318176
36047050202,-1.0416794,-.71929932,-.87306213
36047050300,-2.5541077,-1.9499741,-2.1957016
36047050400,-2.412384,-1.9527817,-2.1900482
36047050500,-1.9304352,-1.4593353,-1.6949081
36047050600,-3.0612335,-2.4637527,-2.7402496
36047050700,-14.581848,-13.461304,-14.059875
36047050801,-2.6777039,-2.1057816,-2.4360886
36047050803,-2.1461411,-1.6429672,-1.91922
36047050804,-.42431831,-.27135944,-.34535599
36047050900,-2.633728,-2.168335,-2.3883514
36047051001,-5.6503296,-4.9126282,-5.2620544
36047051002,-3.9578552,-3.3415985,-3.6717224
36047051100,-2.9624481,-2.3891525,-2.6808777
36047051200,-3.5182953,-2.9121857,-3.217865
36047051300,-8.9055176,-8.0345764,-8.5160828
36047051400,-1.5637054,-1.2586708,-1.3964157
36047051500,-1.4634857,-1.0578156,-1.2733688
36047051601,-.88349152,-.6036644,-.72644806
36047051602,-1.7511063,-1.3145294,-1.5206528
36047051700,-4.1548767,-3.5402832,-3.8731079
36047051800,-2.4988785,-2.0462723,-2.2724991
36047051900,-5.4320374,-4.7173157,-5.0696716
36047052000,-1.6630096,-1.244915,-1.4760437
36047052300,-3.1270142,-2.632843,-2.8620911
36047052500,-19.009033,-17.552979,-18.350342
36047052600,-2.5597992,-2.0391617,-2.2897034
36047052700,-4.5827026,-3.822525,-4.1234894
36047052800,-.83020401,-.56984138,-.68769073
36047052900,-6.1221008,-5.2498169,-5.7342834
36047053000,-5.1035767,-4.4120789,-4.7261963
36047053100,-11.761597,-10.468262,-11.168152
36047053200,-2.9263,-2.3869171,-2.646759
36047053300,-8.5426025,-7.6558838,-8.0128479
36047053400,-9.6205444,-8.611969,-9.1264648
36047053500,-21.948608,-20.509949,-21.279419
36047053700,-17.672241,-16.390198,-17.085022
36047053800,-44.238525,-42.155762,-43.277344
36047053900,-1.820816,-1.3937073,-1.5971375
36047054200,-2.8210297,-2.3030167,-2.5277557
36047054300,-22.583618,-21.070923,-21.738037
36047054400,-1.231739,-.92862701,-1.0850868
36047054500,-1.4845734,-1.1388474,-1.3218307
36047054600,-13.311584,-12.07959,-12.677734
36047054700,-3.8605957,-3.2714081,-3.6065063
36047054800,-.69223404,-.4387989,-.58504486
36047054900,-45.529785,-43.187012,-44.323242
36047055000,-3.247467,-2.7541962,-3.0326691
36047055100,-3.3519745,-2.7709656,-3.0971069
36047055200,-10.758728,-9.7501221,-10.318176
36047055300,-4.4121857,-3.7211914,-4.0920868
36047055400,-16.596741,-15.43457,-15.996887
36047055500,-5.2958069,-4.558197,-4.9907684
36047055600,-2.3090134,-1.8063889,-2.0309982
36047055700,-6.93927,-6.1270752,-6.5412292
36047055800,-2.6251373,-2.1668167,-2.3716583
36047056000,-1.6527023,-1.2479858,-1.4626846
36047056100,-12.848999,-11.7005,-12.265564
36047056200,-.68035889,-.4422493,-.54433823
36047056300,-4.9037476,-4.2440643,-4.579361
36047056400,-1.1077156,-.73366165,-.91818237
36047056500,-6.6543274,-5.9786987,-6.318512
36047056600,-4.628006,-3.9359283,-4.2647858
36047056800,-.91830826,-.60897446,-.76354599
36047056900,-4.0406342,-3.3618622,-3.711731
36047057000,-6.5095215,-5.6810608,-6.0990906
36047057100,-5.0078583,-4.3895721,-4.7036591
36047057200,-.37192917,-.20291328,-.28017139
36047057300,-17.029724,-15.540405,-16.380127
36047057400,-1.5990524,-1.2599564,-1.4246902
36047057500,-4.7642822,-3.8839111,-4.2849884
36047057600,-4.0904694,-3.3816223,-3.7604065
36047057800,-4.8865662,-4.1997833,-4.5210571
36047057900,-16.17627,-14.801636,-15.420532
36047058000,-2.7980347,-2.2607574,-2.5099564
36047058200,-13.881775,-12.63562,-13.216248
36047058400,-1.8706665,-1.3932495,-1.6612473
36047058600,-2.344162,-1.8461761,-2.1146851
36047058800,-2.1855087,-1.7220459,-1.9463043
36047058900,-16.039307,-14.604431,-15.385864
36047059000,-1.5580826,-1.2112122,-1.377594
36047059100,-1.076046,-.73102188,-.90607834
36047059200,-4.3390503,-3.7252655,-4.0567322
36047059300,-5.7664185,-5.017868,-5.3692322
36047059401,-5.8763123,-5.1316528,-5.4967957
36047059402,-6.2750549,-5.5181885,-5.8918457
36047059600,-2.7922668,-2.3319626,-2.5444946
36047059800,-1.1091843,-.81386566,-.96855927
36047060000,-5.6660461,-5.0036316,-5.3543396
36047060600,-14.502075,-13.222717,-13.797668
36047060800,-15.875122,-14.543091,-15.097168
36047061002,-1.8439789,-1.4342346,-1.6488266
36047061003,-.82333755,-.55533028,-.67222595
36047061004,-5.1748962,-4.4427185,-4.7991486
36047061200,-.60887146,-.36530685,-.47732735
36047061600,-6.5024719,-5.713562,-6.1105347
36047062000,-1.9917526,-1.5217209,-1.7349091
36047062200,-6.7167969,-5.8989868,-6.3719482
36047062600,-.72438812,-.47812271,-.62293816
36047062800,-2.4939804,-1.9608841,-2.2659531
36047063200,-2.6005707,-2.1224976,-2.3062439
36047063600,-.23739243,-.10175037,-.16472626
36047063800,-.37809181,-.19387341,-.30049324
36047064000,-.7912941,-.50976563,-.64084244
36047064200,-17.933716,-16.505615,-17.247559
36047064400,-2.2855759,-1.89151,-2.0521927
36047064600,-2.0334244,-1.5964355,-1.8294983
36047064800,-1.0236282,-.70346069,-.85393143
36047065000,-8.883606,-7.9221802,-8.4663391
36047065200,-2.9821472,-2.4360504,-2.6971436
36047065400,-.35788155,-.19342995,-.2901268
36047065600,-.64710617,-.43463707,-.53608131
36047065800,-.58444786,-.39117432,-.49279404
36047066000,-.26086521,-.12561941,-.19326305
36047066200,-6.9721069,-6.0896301,-6.547699
36047066600,-2.4823914,-2.0372009,-2.288681
36047067000,-1.0249748,-.73491287,-.90898895
36047067200,-1.4302521,-1.1104889,-1.2847061
36047067400,-1.9404831,-1.4214172,-1.6595459
36047067600,-2.9689941,-2.3940201,-2.7254181
36047067800,-.23869324,-.11692524,-.1753521
36047068000,-1.8759079,-1.4191437,-1.6523132
36047068200,-1.2024803,-.84858704,-1.0277901
36047068600,-.70505905,-.45874786,-.57945061
36047068800,-11.406982,-10.227966,-10.834229
36047069000,-2.1392212,-1.7328491,-1.974884
36047069200,-.4194622,-.23412704,-.33165741
36047069601,-3.2122345,-2.631012,-2.928833
36047069602,-2.5428619,-2.048111,-2.3222885
36047069800,-9.3970947,-8.4136047,-8.9247437
36047070000,-1.1453056,-.78438568,-.97204208
36047070201,-2.4793396,-2.0324326,-2.238884
36047070202,-11.046204,-9.9082031,-10.450439
36047070600,-4.9433594,-4.2353058,-4.5985107
36047072000,-3.5569916,-2.9808197,-3.3038025
36047072200,-2.7031555,-2.0984497,-2.3716507
36047072400,-1.5817871,-1.1862259,-1.3766556
36047072600,-3.5017853,-2.9508514,-3.1944122
36047072800,-.66805649,-.44854355,-.55107498
36047073000,-.55021477,-.34085464,-.43828011
36047073200,-.03885746,-.0097131729,-.019429088
36047073400,-.85150146,-.58875656,-.71031189
36047073600,-1.8178787,-1.3951416,-1.6186676
36047073800,-5.6832275,-4.9160004,-5.315155
36047074000,-13.670471,-12.429504,-13.047119
36047074200,-1.600975,-1.1777534,-1.362648
36047074400,-.41277313,-.23307133,-.31079483
36047074600,-6.1145935,-5.37146,-5.7354431
36047074800,-3.0941162,-2.6370239,-2.899704
36047075000,-3.2204437,-2.6901398,-2.9772797
36047075200,-1.8282318,-1.4772339,-1.6231079
36047075400,-.59745598,-.40800858,-.49059868
36047075600,-.82713699,-.5496788,-.66652298
36047075800,-.49735069,-.30233479,-.39978027
36047076000,-1.5099945,-1.1300392,-1.3053894
36047076200,-1.4863129,-1.163559,-1.3005676
36047076400,-.39716721,-.22554302,-.32358932
36047076600,-.25937462,-.12234926,-.1957283
36047076800,-13.158997,-11.969543,-12.561462
36047077000,-1.1622467,-.81560135,-1.0059929
36047077200,-1.3900909,-1.0389137,-1.2095108
36047077400,-13.624573,-12.397888,-12.993774
36047077600,-1.7211685,-1.3214188,-1.5407181
36047078000,-.2636919,-.12694931,-.19533062
36047078200,-.087932587,-.019539714,-.048840046
36047078400,-.43924904,-.27326488,-.35136604
36047078600,-5.1573486,-4.3416443,-4.6396332
36047078800,-1.8727875,-1.4278107,-1.6233292
36047079000,-.99742889,-.70405579,-.82141113
36047079200,-3.553894,-3.030365,-3.3044586
36047079400,-6.4363098,-5.6255493,-6.0434875
36047079601,-.92335892,-.63205719,-.78022766
36047079602,-3.115509,-2.5091171,-2.8000336
36047079801,-.5441494,-.32156563,-.42547035
36047079802,-1.7884216,-1.4078979,-1.6203079
36047080000,-.60711479,-.40967941,-.50345802
36047080200,-1.6755524,-1.2370338,-1.4587479
36047080400,-2.1807938,-1.7170792,-1.9735031
36047080600,-1.5817413,-1.1862907,-1.364296
36047080800,-61.205322,-58.496826,-59.853516
36047081000,-.71589279,-.44929695,-.5874939
36047081400,-1.1417084,-.85138702,-.9694252
36047081600,-46.01709,-43.837646,-44.898682
36047081800,-2.9279022,-2.4012299,-2.6422882
36047082000,-2.1479568,-1.6799393,-1.8966675
36047082200,-2.7588654,-2.2070084,-2.4732132
36047082400,-3.1928864,-2.6914215,-2.9469147
36047082600,-.5794735,-.33393097,-.42723465
36047082800,-1.4512177,-1.0785561,-1.2452469
36047083000,-1.6308212,-1.2537422,-1.4153214
36047083200,-.46015549,-.30349255,-.37203598
36047083400,-.61600876,-.37155151,-.48890495
36047083600,-4.3516388,-3.6589203,-4.0050659
36047083800,-1.0804901,-.75304794,-.89477539
36047084000,-1.9706039,-1.5454483,-1.7800064
36047084600,-1.7263031,-1.3400192,-1.5308151
36047084800,-1.5090103,-1.1219368,-1.3228683
36047085000,-.90123749,-.62679672,-.75420761
36047085400,-.72060013,-.43143082,-.56865883
36047085600,-1.2970581,-.93836594,-1.1298523
36047085800,-.82501602,-.54018402,-.65811157
36047086000,-1.2174339,-.8542099,-1.0505829
36047086200,-1.7437134,-1.2868576,-1.5030594
36047086400,-1.096241,-.77661514,-.93390656
36047086600,-.34022522,-.16764832,-.24656487
36047086800,-3.5308533,-2.939682,-3.2695923
36047087000,-.74786377,-.51170349,-.62000084
36047087200,-8.9812012,-8.1109314,-8.5093079
36047087401,-1.8558197,-1.4314423,-1.6190338
36047087600,-1.4374008,-1.0570374,-1.2053452
36047087800,-19.169617,-17.458862,-18.314026
36047088000,-1.5345306,-1.1434364,-1.3562927
36047088200,-.65802765,-.42546844,-.53428459
36047088400,-.72898483,-.44634247,-.58515739
36047088600,-.90982819,-.6328907,-.78120804
36047088800,-1.7620544,-1.3571777,-1.5989151
36047089000,-48.192627,-45.939453,-47.004639
36047089200,-3.2641754,-2.7045593,-2.9028168
36047089400,-.75882721,-.50094223,-.61998749
36047089600,-.22853184,-.099357128,-.16393661
36047089800,-.85902786,-.59592247,-.72499847
36047090000,-1.0973587,-.71498489,-.91358948
36047090200,-9.7180786,-8.6886902,-9.1930237
36047090600,-3.6953735,-3.1299286,-3.4228058
36047090800,-5.9501953,-5.1763763,-5.5054626
36047091000,-1.4221725,-1.0754967,-1.2362747
36047091200,-.14992952,-.049974442,-.099951744
36047091600,-1.6585693,-1.2502327,-1.4543686
36047091800,-1.7361145,-1.3246689,-1.5103302
36047092000,-.55821991,-.36206055,-.46266365
36047092200,-.73983002,-.49986267,-.6197834
36047092400,-4.9260559,-4.1991882,-4.5604248
36047092800,-.41115761,-.22291374,-.30713654
36047093000,-1.3764496,-1.0557327,-1.2087021
36047093200,-19.728149,-18.269104,-19.083008
36047093400,-.40241814,-.23067856,-.3239193
36047093600,-.54426575,-.3236599,-.43151855
36047093800,-.49641418,-.2899828,-.36861229
36047094401,-8.5924072,-7.7485962,-8.1886597
36047094402,-.034209967,-.0097747743,-.0097960234
36047094600,-7.130127,-6.2475891,-6.687561
36047095000,-2.4229507,-1.9372711,-2.1434937
36047095400,-1.0646248,-.75413132,-.92169571
36047095600,-1.5635376,-1.154232,-1.3316345
36047095800,-1.8036728,-1.4515762,-1.615448
36047096000,-12.545837,-11.406738,-12.010742
36047096200,-2.908432,-2.316864,-2.6646881
36047096400,-.97002029,-.70641708,-.84577179
36047096600,-1.3097229,-.95755768,-1.1262398
36047096800,-4.6706238,-4.045578,-4.3303833
36047097000,-.56077766,-.34552383,-.45064545
36047097400,-7.7609253,-6.7927856,-7.2043457
36047098200,-.55825996,-.33191681,-.43252182
36047098400,-.41169357,-.24099636,-.32135487
36047098600,-.517416,-.30644321,-.42194176
36047098800,-4.5509338,-3.8892822,-4.2399445
36047099000,-.68943787,-.42961121,-.54455566
36047099200,-.49666405,-.27811337,-.39731407
36047099400,-.089240074,-.019833803,-.04958272
36047099600,-.5912838,-.3745079,-.46317482
36047099800,-1.0130882,-.68366623,-.82632065
36047100400,-.15755367,-.049237013,-.098470211
36047100600,-.17267323,-.049336195,-.1085391
36047100800,-.66215897,-.41008568,-.5088768
36047101000,-.98886871,-.7105751,-.83479691
36047101200,-.3687458,-.17940235,-.26911068
36047101400,-.09014225,-.01001668,-.040067911
36047101600,-.29540348,-.13016176,-.21025848
36047101800,-.84065628,-.54533768,-.70042038
36047102000,-.80764771,-.51859093,-.65804672
36047102200,-.6515007,-.42268372,-.5370903
36047102400,-.80354691,-.54065895,-.66964722
36047102600,-.20691586,-.07881856,-.15761375
36047102800,-2.2378922,-1.750885,-1.972374
36047103400,-.58312988,-.36383629,-.44856834
36047105801,-.92185974,-.63287544,-.79718399
36047105804,-12.361877,-11.309082,-11.837524
36047107000,-24.405273,-22.73938,-23.433228
36047107800,-11.170776,-9.9646606,-10.558594
36047109800,-15.893372,-14.769409,-15.280396
36047110400,-27.039795,-25.330933,-26.171021
36047111000,-.25426769,-.10969734,-.17950726
36047111600,-16.656982,-15.298218,-15.930908
36047111800,-.19049072,-.08019948,-.12030602
36047112000,-1.0834198,-.75391769,-.91865921
36047112200,-.42931557,-.24960327,-.31951523
36047112400,-.78813553,-.50375938,-.64842606
36047112600,-1.762291,-1.2916756,-1.5269547
36047112800,-1.0326195,-.7368927,-.89227295
36047113000,-1.0651321,-.7436676,-.89932251
36047113200,-2.2602081,-1.7920456,-2.0236588
36047113400,-6.7778625,-5.9549866,-6.3184509
36047114201,-.99106979,-.71292877,-.85453033
36047114202,-.050889015,-.010178089,-.02035737
36047114400,-30.222534,-28.742554,-29.480469
36047114600,-.49852753,-.31539345,-.41712189
36047115000,-.23197365,-.10589933,-.17145157
36047115200,-.98740387,-.65996933,-.81615829
36047115600,-2.3837204,-1.9412079,-2.1524582
36047115800,-2.0590897,-1.581955,-1.7979431
36047116000,-.40695,-.21102047,-.2964468
36047116200,-.03005743,-.010017157,-.01002574
36047116400,-.71860123,-.43721771,-.55274773
36047116600,-.23203754,-.10088348,-.16140652
36047116800,-3.0131836,-2.4625092,-2.7122955
36047117000,-1.964859,-1.5374222,-1.771637
36047117201,-.60170174,-.38752747,-.48950577
36047117202,-.27557182,-.12248564,-.19393253
36047117400,-11.930298,-10.793091,-11.374695
36047117601,-.34765816,-.17893696,-.27608109
36047117602,-1.7913818,-1.3460159,-1.5659256
36047117800,-1.3563614,-.99951553,-1.1523705
36047118000,-2.7777863,-2.2273178,-2.4821854
36047118201,-.9240036,-.62108803,-.74940491
36047118202,-.29786015,-.15920687,-.23109531
36047118400,-1.7425919,-1.3388977,-1.5331268
36047118600,-.66392899,-.43586922,-.52711868
36047118800,-3.6117401,-3.0669708,-3.3543243
36047119000,-1.5906754,-1.1905518,-1.3779373
36047119200,-2.0597,-1.6194305,-1.8726883
36047119400,-.68432617,-.44279289,-.58368874
36047119600,-1.0368271,-.7247467,-.89590073
36047119800,-8.6712646,-7.7559814,-8.2162476
36047120000,-1.3299789,-1.0226479,-1.1787605
36047120200,-.29220963,-.15617132,-.22167587
36047120800,-3.1256256,-2.5565948,-2.8486481
36047121000,-2.4950409,-1.9868011,-2.2183228
36047121400,-.24102592,-.12051058,-.18076801
36047122000,-4.0933838,-3.4090881,-3.7908478
36047123700,-16.176636,-14.708313,-15.356201
36047150200,-2.3000717,-1.8093567,-2.0126038
36047152200,-5.1260681,-4.4615784,-4.7468719
36061000201,-2.0131607,-1.5914307,-1.7973175
36061000202,-8.468689,-7.5236816,-8.0158691
36061000600,-19.199341,-17.935059,-18.607971
36061000700,-385.11523,-378.9375,-381.83203
36061000800,-22.729004,-21.27063,-22.050659
36061000900,-236.56934,-231.94824,-234.75879
36061001001,-.80622101,-.52908134,-.65505981
36061001002,-1.6455154,-1.2719574,-1.468811
36061001200,-12.171204,-11.124695,-11.72345
36061001300,-205.19141,-200.85352,-202.66309
36061001401,-2.8472748,-2.2798462,-2.5860901
36061001402,-8.2563782,-7.4567871,-7.8890686
36061001501,-85.602539,-82.556152,-84.234375
36061001502,-126.37988,-122.9248,-124.5415
36061001600,-26.050049,-24.291138,-25.231079
36061001800,-24.718262,-22.977539,-23.834717
36061002000,-.63123703,-.40903091,-.49488449
36061002100,-379.06641,-373.20898,-375.52148
36061002201,-6.178833,-5.3034363,-5.7862549
36061002202,-2.4808197,-1.9362183,-2.223587
36061002400,-.14148617,-.030317068,-.08084631
36061002500,-2.4595261,-1.997406,-2.2160568
36061002601,-2.5560532,-2.0559921,-2.2832565
36061002602,-3.0034332,-2.4522095,-2.7708588
36061002700,-4.8672485,-4.1256561,-4.4890289
36061002800,-9.125061,-8.0729675,-8.6246948
36061002900,-485.91016,-479.0625,-482.39063
36061003001,-13.835693,-12.648987,-13.327637
36061003002,-3.9264679,-3.2669525,-3.5841217
36061003100,-369.88281,-364.84961,-367.28125
36061003200,-13.429077,-12.067383,-12.884155
36061003300,-437.66211,-431.15039,-435.33398
36061003400,-11.384338,-10.282715,-10.853455
36061003601,-11.301331,-10.136536,-10.719238
36061003602,-7.6859741,-6.7822876,-7.2595215
36061003700,-158.10547,-154.43701,-156.38428
36061003800,-21.691895,-19.920349,-20.881958
36061003900,-127.96973,-124.29004,-126.42529
36061004000,-101.5835,-98.817871,-100.57959
36061004100,-49.404053,-47.002197,-48.235596
36061004200,-11.869812,-10.526062,-11.260559
36061004300,-61.275391,-59.119629,-60.180908
36061004400,-3.1824646,-2.6614227,-2.9194794
36061004500,-44.871338,-42.479736,-43.678223
36061004700,-36.71521,-35.036255,-36.020752
36061004800,-13.458679,-12.196228,-12.816528
36061004900,-65.794434,-63.019043,-64.348877
36061005000,-93.791992,-90.229004,-92.169434
36061005200,-178.01563,-173.90625,-176.05371
36061005400,-119.521,-116.03467,-117.74365
36061005501,-14.046448,-12.704163,-13.430664
36061005502,-36.692993,-34.612427,-35.705811
36061005600,-110.37891,-106.95166,-108.64551
36061005700,-44.105713,-42.045166,-43.026367
36061005800,-145.81299,-141.74121,-143.65039
36061005900,-9.3989258,-8.3341675,-8.8315735
36061006000,-4.1760559,-3.5793152,-3.9028931
36061006100,-52.509033,-50.131836,-51.245605
36061006200,-184.76074,-180.35938,-182.67188
36061006300,-23.691528,-22.021484,-22.740356
36061006400,-17.231201,-15.912231,-16.650818
36061006500,-76.087158,-72.791504,-74.368652
36061006600,-24.682861,-23.235596,-23.938354
36061006700,-20.445801,-19.092346,-19.748413
36061006800,-84.591309,-81.334961,-82.779541
36061006900,-30.04834,-28.472046,-29.322998
36061007000,-17.052979,-15.512268,-16.312561
36061007100,-47.561279,-45.250488,-46.388916
36061007200,-91.175781,-87.733398,-89.705566
36061007300,-24.921997,-23.347168,-24.064575
36061007400,-144.05957,-139.57715,-141.62109
36061007500,-9.2084961,-8.3097534,-8.8165283
36061007600,-229.14746,-224.38574,-226.64258
36061007700,-21.427856,-19.873535,-20.698669
36061007800,-24.541748,-22.4552,-23.557861
36061007900,-35.698364,-33.833252,-34.78064
36061008000,-158.54541,-154.99658,-156.57373
36061008100,-53.484619,-51.200684,-52.336182
36061008200,-256.98535,-252.20996,-254.40723
36061008300,-68.327637,-65.746094,-66.876709
36061008400,-162.93213,-158.11865,-160.1709
36061008601,-3.6268158,-3.1132813,-3.4183655
36061008602,-1.1856918,-.82785797,-1.0016518
36061008603,-10.556702,-9.4254761,-9.9221191
36061008700,-50.241943,-47.956299,-49.236328
36061008800,-155.51758,-151.88428,-153.56348
36061008900,-12.338623,-11.429993,-11.874634
36061009000,-81.178223,-78.519531,-79.985596
36061009100,-66.578369,-63.577148,-64.832031
36061009200,-336.07617,-329.0127,-332.69141
36061009300,-10.208099,-9.2172241,-9.76297
36061009400,-271.77344,-266.50781,-269.00879
36061009500,-148.32178,-143.87549,-145.91162
36061009600,-311.09082,-304.2207,-307.92676
36061009700,-4.2643585,-3.5551758,-3.9045715
36061009800,-55.996094,-53.67334,-54.707275
36061009900,-95.83252,-92.568848,-94.176758
36061010000,-226.83496,-221.80957,-223.83203
36061010100,-274.31641,-268.58105,-271.94238
36061010200,-254.43457,-249.35156,-252.29688
36061010300,-81.795166,-78.866699,-80.371338
36061010400,-266.38281,-260.0918,-263.5459
36061010601,-10.769348,-9.7516479,-10.278931
36061010602,-11.65094,-10.645203,-11.151306
36061010800,-76.955078,-73.71167,-75.369141
36061010900,-290.0459,-284.86523,-287.89355
36061011000,-23.894043,-22.351074,-23.196777
36061011100,-92.574219,-89.376953,-91.052734
36061011201,-96.561035,-93.668457,-95.083984
36061011202,-121.2749,-117.0708,-119.15723
36061011203,-107.79688,-104.17529,-106.29834
36061011300,-232.80469,-227.84863,-230.10449
36061011401,-86.961914,-83.79541,-85.669434
36061011402,-61.21875,-58.613281,-59.873779
36061011500,-54.267334,-51.902588,-53.133057
36061011600,-103.08496,-99.73584,-101.20215
36061011700,-13.711426,-12.564392,-13.147827
36061011800,-23.716675,-22.045776,-22.779175
36061011900,-302.08203,-295.74512,-298.83496
36061012000,-27.707642,-25.798218,-26.835571
36061012100,-51.955566,-49.877441,-50.947021
36061012200,-30.351196,-28.709595,-29.542725
36061012400,-63.31543,-60.953125,-62.220703
36061012500,-255.33301,-250.39844,-252.63965
36061012600,-42.670166,-40.466064,-41.396118
36061012700,-45.463379,-43.304443,-44.373291
36061012800,-46.438477,-44.055664,-45.366943
36061012900,-43.862793,-41.451172,-42.735352
36061013000,-38.376099,-36.449097,-37.353516
36061013100,-217.06836,-212.33594,-214.78418
36061013200,-15.250366,-13.903259,-14.625122
36061013300,-17.136597,-15.698364,-16.44043
36061013400,-24.624512,-23.300659,-23.892456
36061013500,-42.787598,-40.910645,-41.785889
36061013600,-25.243652,-23.77063,-24.452026
36061013700,-231.06738,-225.85645,-228.46582
36061013800,-26.110229,-24.425903,-25.261108
36061013900,-67.661865,-64.905029,-66.166748
36061014000,-21.74353,-20.411987,-21.106323
36061014200,-40.353149,-38.336792,-39.337891
36061014300,-1.6380463,-1.2247429,-1.4542999
36061014401,-5.8399353,-4.9582825,-5.383728
36061014402,-7.0024109,-6.1760254,-6.5516968
36061014500,-162.93701,-158.90674,-160.73047
36061014601,-19.880371,-18.525391,-19.279541
36061014602,-11.224121,-10.034668,-10.591064
36061014700,-4.6889648,-4.0668793,-4.3704071
36061014801,-9.299469,-8.3691101,-8.8597107
36061014802,-21.023315,-19.654846,-20.336975
36061014900,-53.298584,-51.051514,-52.342529
36061015001,-8.5906372,-7.7108765,-8.1354065
36061015002,-23.349854,-21.858276,-22.57666
36061015100,-9.2792664,-8.3546753,-8.7791138
36061015200,-14.430115,-13.130859,-13.764771
36061015300,-65.143311,-62.624268,-64.134033
36061015400,-17.746765,-16.198364,-16.997742
36061015500,-6.4165955,-5.6650391,-6.0435791
36061015601,-7.1752319,-6.4402466,-6.7796936
36061015602,-26.137939,-24.509155,-25.305664
36061015700,-26.000854,-24.377197,-25.233887
36061015801,-13.289429,-11.982178,-12.661255
36061015802,-2.6001511,-2.0678406,-2.3011475
36061015900,-19.340759,-18.030762,-18.65625
36061016001,-16.595581,-15.173645,-15.851807
36061016002,-4.2202148,-3.5818024,-3.8451538
36061016100,-10.506592,-9.3573914,-9.882019
36061016200,-3.2679749,-2.6844177,-2.9837952
36061016300,-31.481201,-29.947388,-30.885254
36061016400,-9.1187744,-8.1908569,-8.7170715
36061016500,-10.820435,-9.7544861,-10.30957
36061016600,-9.0783386,-8.0653687,-8.6374817
36061016700,-21.408691,-19.995544,-20.747314
36061016800,-105.13574,-101.86133,-103.55127
36061016900,-18.515991,-17.182373,-17.779236
36061017000,-10.538757,-9.3878174,-9.9866638
36061017100,-28.590576,-26.643188,-27.562378
36061017200,-5.9104004,-5.0845337,-5.4645386
36061017300,-13.514282,-12.35321,-12.92395
36061017401,-13.358459,-12.118652,-12.740051
36061017402,-2.8224487,-2.2811661,-2.5794678
36061017500,-21.107666,-19.637451,-20.342896
36061017700,-14.381775,-13.092773,-13.656677
36061017800,-2.6416016,-2.16008,-2.3628693
36061017900,-11.996399,-10.893005,-11.406921
36061018000,-4.265213,-3.6469421,-3.9459381
36061018100,-12.260071,-11.166626,-11.731506
36061018200,-4.8982086,-4.1696167,-4.5337982
36061018300,-12.648743,-11.408386,-12.094482
36061018400,-2.7095795,-2.2040405,-2.4265213
36061018500,-4.7554474,-4.029007,-4.3718719
36061018600,-2.7081757,-2.1544037,-2.4111099
36061018700,-10.035065,-8.9563904,-9.5310974
36061018800,-5.7521973,-4.9877625,-5.3418274
36061018900,-16.043579,-14.795044,-15.376404
36061019000,-4.710556,-4.0565491,-4.3984222
36061019100,-10.433197,-9.4060364,-9.9403992
36061019200,-1.5643158,-1.1847038,-1.3315811
36061019300,-8.0995178,-7.114624,-7.6047974
36061019400,-43.033203,-40.760132,-41.994629
36061019500,-8.4325256,-7.4806519,-7.8886719
36061019600,-17.270752,-15.912903,-16.603943
36061019701,-2.5967407,-2.0370331,-2.3295135
36061019702,-.88829422,-.58548737,-.72174072
36061019800,-17.996826,-16.749634,-17.244995
36061019900,-16.735413,-15.340271,-16.060913
36061020000,-7.7424316,-6.8358154,-7.3296204
36061020101,-24.271362,-22.687988,-23.519897
36061020102,-.97390747,-.67110443,-.78725052
36061020300,-183.37207,-178.79883,-181.36816
36061020500,-22.96936,-21.582275,-22.313354
36061020600,-10.139557,-9.1760864,-9.5898438
36061020701,-1.1154747,-.80760956,-.97921371
36061020800,-2.4293365,-1.9102936,-2.1471786
36061020901,-9.8684998,-8.8392029,-9.3546143
36061021000,-.85095596,-.58910561,-.71497726
36061021100,-14.92395,-13.699585,-14.404175
36061021200,-29.80957,-28.048828,-28.866943
36061021303,-4.9697876,-4.243454,-4.5663452
36061021400,-1.3227921,-.97074127,-1.1668053
36061021500,-1.5996017,-1.2513733,-1.4128723
36061021600,-3.6988678,-2.9743042,-3.3114319
36061021703,-8.1078796,-7.1486816,-7.5848083
36061021800,-7.1181335,-6.3285828,-6.7107544
36061021900,-24.128296,-22.708496,-23.505859
36061022000,-2.6799164,-2.1861649,-2.4179001
36061022102,-1.7024841,-1.3045349,-1.4707489
36061022200,-17.75061,-16.164429,-16.935242
36061022301,-3.022644,-2.5239182,-2.7708282
36061022302,-1.6271591,-1.1938629,-1.3550797
36061022400,-4.2312469,-3.5414734,-3.8736725
36061022500,-3.3309021,-2.7019043,-2.9684143
36061022600,-2.8322144,-2.3292007,-2.5755768
36061022700,-3.4308624,-2.7960815,-3.1487885
36061022800,-3.2255859,-2.6426697,-2.9642029
36061022900,-7.9276428,-6.9924011,-7.449707
36061023000,-4.3955688,-3.7779694,-4.054184
36061023100,-2.2419434,-1.7632828,-1.9899597
36061023200,-5.6560059,-4.8971252,-5.2287598
36061023300,-2.4796219,-2.0018616,-2.2233429
36061023400,-1.4382248,-1.1012955,-1.3174896
36061023501,-1.9889526,-1.5105972,-1.7472763
36061023502,-.41267395,-.20633507,-.32205963
36061023600,-1.528595,-1.0860672,-1.2720604
36061023700,-3.5368958,-2.9591827,-3.2404633
36061023801,-31.09375,-29.240845,-30.076172
36061023802,-4.2903137,-3.6448975,-3.9544983
36061023900,-.27163029,-.11066008,-.19115639
36061024000,-.30776882,-.13335657,-.21545124
36061024100,-16.329529,-14.984497,-15.812256
36061024200,-5.2682495,-4.5862274,-4.9702148
36061024301,-2.080574,-1.627182,-1.8336487
36061024302,-1.3746109,-1.0170059,-1.1782112
36061024500,-9.9560852,-9.019104,-9.4915771
36061024700,-.74813843,-.48703766,-.61759567
36061024900,-.81599045,-.57922363,-.69512558
36061025100,-65.721924,-62.998779,-64.345459
36061025300,-6.4102783,-5.6297607,-5.9875183
36061025500,-11.979553,-10.932373,-11.396057
36061025700,-5.052002,-4.3959045,-4.7241974
36061025900,-1.5667725,-1.2292023,-1.3903122
36061026100,-6.913269,-6.0632629,-6.5204773
36061026300,-8.0439148,-7.0271606,-7.5503845
36061026500,-10.708679,-9.5919189,-10.129608
36061026700,-.13520861,-.050076723,-.090137005
36061026900,-21.008423,-19.349304,-20.291687
36061027100,-10.450073,-9.3905029,-9.9476624
36061027300,-3.8459015,-3.2418365,-3.6042786
36061027500,-1.1324501,-.81034851,-.97146225
36061027700,-9.1201782,-8.2036133,-8.669342
36061027900,-4.2425995,-3.5465546,-3.8771515
36061028100,-1.0165253,-.69952393,-.86557007
36061028300,-8.8814697,-7.9496155,-8.4904175
36061028500,-5.1087799,-4.5536652,-4.8535767
36061028700,-2.7528076,-2.2596893,-2.4863586
36061029100,-3.9169769,-3.3160248,-3.6065369
36061029300,-5.8405151,-5.0357971,-5.4312439
36061029500,-2.050972,-1.6197739,-1.8302765
36061029700,-.10039473,-.030111432,-.060234547
36061029900,-5.3280945,-4.6077423,-4.9926758
36061030300,-1.9696808,-1.4997787,-1.7347412
36061030700,-3.0527496,-2.5271759,-2.8173218
36061030900,-2.3554382,-1.8291931,-2.105072
36061031100,-.090742111,-.020165682,-.05041337
36061031703,-58.373779,-55.747559,-57.153076
36061031704,-30.943604,-29.269531,-30.147461
36061031900,-8.0612793,-7.2054749,-7.6758423
36081000100,-51.27417,-48.936523,-49.992188
36081000200,-.46232605,-.28251171,-.38014984
36081000400,-1.6009979,-1.2111282,-1.4368973
36081000600,-1.2333717,-.88672256,-1.0753288
36081000700,25000,25000,25000
36081000800,-.83954239,-.57332993,-.70650101
36081001000,-1.3053017,-.9044838,-1.1049042
36081001200,-1.8402939,-1.5061646,-1.6960907
36081001400,-2.1349945,-1.6850433,-1.9023132
36081001600,-1.5217209,-1.1091118,-1.3309212
36081001800,-1.1711464,-.8358078,-1.0060501
36081001900,-80.712646,-77.523193,-78.919922
36081002000,-1.1565819,-.82081223,-1.0015984
36081002200,-1.6259613,-1.2905884,-1.4350891
36081002400,-.95995331,-.61932373,-.7845192
36081002500,-1.6618271,-1.2180328,-1.4347382
36081002600,-1.2844849,-.91302872,-1.0729523
36081002800,-1.4904251,-1.1395493,-1.2994499
36081003000,-.53110123,-.28872395,-.40214539
36081003100,-7.2859192,-6.3565674,-6.8356018
36081003200,-29.725098,-27.776001,-28.977417
36081003300,-71.750244,-69.29541,-70.598389
36081003400,-1.8929443,-1.4172516,-1.6474152
36081003600,-1.7783356,-1.3758163,-1.5541382
36081003700,-3.5157318,-2.9452972,-3.2379456
36081003800,-2.0018692,-1.5155563,-1.771431
36081003900,-7.8363037,-7.076355,-7.4517212
36081004001,-2.1487885,-1.684227,-1.9292297
36081004002,-3.336319,-2.7709503,-3.0867767
36081004200,-1.1732559,-.85323715,-1.0158005
36081004300,-5.5448608,-4.8476715,-5.1810608
36081004401,-1.94767,-1.4921112,-1.7299271
36081004500,-2.3417816,-1.846405,-2.091629
36081004700,-3.3495941,-2.7459259,-3.0271149
36081005100,-8.7156067,-7.7080688,-8.2376099
36081005200,-.93569565,-.66104889,-.80852509
36081005300,-4.2807922,-3.6545258,-3.9937286
36081005400,-7.4257202,-6.4694519,-6.9397583
36081005500,-31.869385,-29.870605,-30.960693
36081005700,-9.7131042,-8.9249573,-9.2900391
36081005800,-1.755806,-1.3130989,-1.557312
36081005900,-5.4111938,-4.7236176,-5.0728912
36081006100,-5.4585876,-4.6540527,-5.0172882
36081006201,-1.4453125,-1.0636101,-1.2823067
36081006202,-3.9710693,-3.2914734,-3.5856018
36081006300,-7.9078064,-6.8885498,-7.3725281
36081006501,-2.139267,-1.6935959,-1.9267426
36081006502,-5.8049316,-5.0248566,-5.3784485
36081006900,-6.8846436,-5.8690186,-6.4028625
36081007100,-21.256714,-19.484985,-20.351257
36081007300,-11.398865,-10.332794,-10.921021
36081007500,-7.5227051,-6.5765686,-7.028656
36081007700,-3.197403,-2.6930389,-2.9689789
36081007900,-1.4608002,-1.1333809,-1.2891769
36081008100,-10.621277,-9.6910095,-10.167725
36081008300,-3.2586212,-2.6350555,-2.9517212
36081008500,-13.892334,-12.830017,-13.380493
36081008600,-2.4245911,-1.9059982,-2.154953
36081008700,-9.179718,-8.2254639,-8.7006531
36081008800,-.86856079,-.57400131,-.71107101
36081009100,-.48308372,-.26487923,-.36361504
36081009400,-1.4011536,-1.0496407,-1.2074165
36081009500,-.42406845,-.24821568,-.32062435
36081009600,-.74056625,-.50053406,-.61294937
36081009700,-1.0400391,-.73469543,-.90544128
36081009800,-1.4583893,-1.1525536,-1.3207359
36081010000,-.6542263,-.383358,-.51111031
36081010100,-.94253159,-.63183975,-.77696991
36081010200,-.99866104,-.67602539,-.80918121
36081010300,-1.7885742,-1.4091187,-1.5911407
36081010400,-1.2415352,-.90934372,-1.0728531
36081010500,-.85264969,-.5614872,-.71748734
36081010600,-1.8985748,-1.5055847,-1.6790848
36081010701,-4.1633911,-3.4477844,-3.7669373
36081010800,-.88231277,-.58479881,-.71819305
36081011000,-.78227234,-.48060989,-.63398933
36081011100,-2.553009,-1.9988937,-2.2680817
36081011200,-6.6496887,-5.960968,-6.3330383
36081011300,-10.130005,-9.2349243,-9.7314758
36081011400,-3.4386139,-2.9363861,-3.1872559
36081011500,-7.3260498,-6.4975586,-6.9114075
36081011600,-.94506454,-.64712524,-.80118942
36081011700,-2.7992249,-2.3129807,-2.5558319
36081011800,-.76162338,-.46315956,-.6072998
36081011900,-3.6135712,-3.0166779,-3.3542328
36081012000,-4.3009796,-3.6288452,-3.9520264
36081012100,-1.7943115,-1.4363022,-1.6281281
36081012200,-2.478714,-2.0029678,-2.2203369
36081012301,-18.138,-16.50116,-17.277954
36081012400,-5.9901123,-5.2306671,-5.607666
36081012500,-.75804901,-.48986816,-.61873627
36081012601,-.98643112,-.66625977,-.82623672
36081012602,-1.2834015,-.86084747,-1.0103874
36081012800,-1.0131836,-.67716599,-.81678009
36081013000,-1.1326637,-.79135513,-.96716309
36081013200,-13.316956,-12.007568,-12.645203
36081013400,-2.3744736,-1.8498688,-2.0939865
36081013500,-.59426498,-.38570595,-.47961617
36081013600,-2.9910889,-2.4414673,-2.778595
36081013700,-2.1714935,-1.6833038,-1.890976
36081013800,-1.9361801,-1.53508,-1.7434158
36081014000,-1.6834946,-1.3052711,-1.4762039
36081014100,-9.9721985,-9.110199,-9.5097656
36081014201,-1.3894272,-.97460938,-1.2078896
36081014202,-35.164063,-33.154419,-34.229248
36081014300,-2.914032,-2.3114243,-2.5767593
36081014400,-8.7730408,-7.9603882,-8.4568787
36081014500,-.69796753,-.45317078,-.56254768
36081014700,-2.927536,-2.3964233,-2.6982422
36081014800,-.27856445,-.13926554,-.2063179
36081014900,-3.4953766,-2.9016876,-3.1670685
36081015000,-.55673409,-.32991695,-.43303108
36081015100,-1.071701,-.74926376,-.88459778
36081015200,-.41806793,-.22712231,-.31995678
36081015300,-2.7852936,-2.317421,-2.5665894
36081015400,-1.5493546,-1.2199516,-1.3690033
36081015500,-9.3717651,-8.2753296,-8.8572388
36081015600,-1.8192139,-1.4339142,-1.6239777
36081015700,-25.359497,-23.714233,-24.519531
36081015801,-1.6254425,-1.2703743,-1.434967
36081015802,-5.4602966,-4.6875458,-5.0459442
36081015900,-3.1397095,-2.5898514,-2.8647461
36081016100,-1.5025177,-1.1543007,-1.3101234
36081016300,-1.0367012,-.71891022,-.84908295
36081016400,-.38011742,-.21575069,-.29795456
36081016600,-5.0382996,-4.3205872,-4.6945343
36081016800,-2.0558701,-1.6291809,-1.8705673
36081016900,-4.1663818,-3.6544952,-3.8896332
36081017000,-.54480171,-.3391571,-.43169975
36081017100,-35.881348,-33.876221,-34.970459
36081017200,-1.3406296,-1.0004005,-1.1860619
36081017400,-.340065,-.15972328,-.24730778
36081017600,-.28386211,-.14451313,-.20643806
36081017800,-1.2657433,-.92997742,-1.0850258
36081017900,-54.213623,-51.920166,-53.133301
36081018000,-.61963272,-.38205719,-.5060215
36081018101,-1.602356,-1.2121315,-1.4045792
36081018102,-2.2288208,-1.796608,-1.9789505
36081018200,-.58937645,-.34635925,-.44464874
36081018300,-15.31427,-14.07782,-14.609619
36081018401,-.48585892,-.31010056,-.39280319
36081018402,-.82495117,-.53953934,-.68481445
36081018501,-.68150711,-.41942978,-.53996658
36081018502,-1.4725494,-1.0793991,-1.2472458
36081018700,-1.1472282,-.83818436,-.9743309
36081018800,-.072233438,-.0103257,-.041274905
36081018900,-9.2089539,-8.1441345,-8.6836853
36081019000,-1.016346,-.68968582,-.85564041
36081019200,-.073092461,-.01044178,-.031328678
36081019400,-.19836235,-.067872047,-.13575363
36081019600,-.45409966,-.26615143,-.36535835
36081019800,-.52662659,-.31286049,-.40668488
36081019900,-60.331299,-57.426758,-58.948486
36081020200,-.13541174,-.036461115,-.072923422
36081020400,-6.6830139,-5.6776733,-6.1528931
36081020500,-28.877197,-27.105835,-28.079956
36081020600,-.94672775,-.66064644,-.78030396
36081020800,-8.4299011,-7.5046997,-7.9832764
36081021200,-7.5758667,-6.5044556,-7.039917
36081021400,-10.506775,-9.4524536,-10.041443
36081021600,-13.044495,-11.79248,-12.386719
36081021900,-39.095825,-37.289063,-38.172241
36081022001,-2.223381,-1.6807098,-1.9362183
36081022002,-1.1631699,-.83992767,-1.0172424
36081022900,-4.2921143,-3.6717987,-3.9973602
36081023000,-1.1871071,-.89030457,-1.0206032
36081023200,-8.1376343,-7.046936,-7.6862488
36081023500,-7.9309998,-7.0986328,-7.5326843
36081023600,-21.8927,-20.354797,-21.02417
36081023800,-5.0313568,-4.28508,-4.6481934
36081024000,-7.2977295,-6.402771,-6.8485107
36081024300,-3.8772583,-3.2704163,-3.6130066
36081024500,-11.228088,-10.234894,-10.598511
36081024600,-5.2161407,-4.4759674,-4.8100891
36081024700,-.66034126,-.4087677,-.52402306
36081024900,-6.5252075,-5.667511,-6.0750427
36081025100,-3.6183929,-3.0075073,-3.3001862
36081025301,-3.8699036,-3.2435303,-3.567215
36081025302,-2.4997177,-2.0204849,-2.2393188
36081025400,-4.6163635,-3.9625092,-4.3516693
36081025500,-10.551025,-9.5122375,-10.007904
36081025700,-6.0080566,-5.1970978,-5.6368713
36081025800,-.37908363,-.21290684,-.29077721
36081025900,-26.368652,-24.717407,-25.555176
36081026000,-.38843918,-.20198154,-.29004574
36081026100,-4.296814,-3.7531281,-4.0144196
36081026200,-.43403625,-.24283409,-.33072376
36081026300,-3.4137115,-2.8014069,-3.1412811
36081026400,-.52404213,-.32171345,-.41509819
36081026500,-2.6075516,-2.1436005,-2.3570633
36081026600,-.82021332,-.56077766,-.68527603
36081026700,-54.675293,-52.192383,-53.510498
36081026901,-4.5802155,-3.8876648,-4.2600555
36081026902,-1.5666199,-1.1842346,-1.3884201
36081027000,-.8575592,-.59922409,-.71299744
36081027100,-1.6311798,-1.2536774,-1.4268112
36081027200,-1.234272,-.85718918,-1.0535164
36081027300,-5.0907898,-4.4188843,-4.7658386
36081027500,-3.3652039,-2.765976,-3.0608521
36081027600,-.45622826,-.27476692,-.36286926
36081027700,-2.8846588,-2.4790573,-2.6633453
36081027800,-.11395693,-.031077266,-.072517395
36081027900,-3.1671143,-2.5788116,-2.8417511
36081028000,-2.7779999,-2.2223282,-2.5286179
36081028100,-7.7157898,-6.9039612,-7.3279114
36081028200,-1.0206604,-.68392563,-.87031937
36081028300,-10.352692,-9.2784424,-9.7790222
36081028400,-1.6912384,-1.2786064,-1.4901505
36081028500,-2.8399658,-2.259407,-2.5000763
36081028700,-6.497467,-5.6357727,-6.0119934
36081028800,-1.1376991,-.79627609,-1.0031052
36081028900,-8.5119934,-7.5780029,-8.0641174
36081029100,-6.4544678,-5.4783325,-6.0782776
36081029300,-2.4091949,-1.9544525,-2.1323013
36081029400,-9.1611938,-8.096344,-8.6317444
36081029500,-2.0097885,-1.5556488,-1.7954636
36081029700,-11.996399,-10.959778,-11.482971
36081029900,-1.1699753,-.82831192,-.99910355
36081030600,-17.281677,-16.084473,-16.677063
36081030902,-1.3867416,-1.0363197,-1.2247314
36081030903,-5.9847412,-5.1055145,-5.5392761
36081030904,-16.89093,-15.421814,-16.182678
36081031700,-8.8607788,-7.9472046,-8.4051819
36081032000,-27.773682,-25.972046,-26.969604
36081032700,-1.0701141,-.75024414,-.90753555
36081032800,-.89779663,-.64134598,-.77975082
36081032900,-3.8587799,-3.2610168,-3.5699158
36081033000,-.75387192,-.49743271,-.61537933
36081033100,-39.758179,-37.78479,-38.730347
36081033401,-.6667366,-.44620132,-.55392265
36081033402,-15.568054,-14.175049,-14.867676
36081033700,-1.2359505,-.88887024,-1.0626297
36081033900,-2.0193176,-1.6563873,-1.8404083
36081034700,-3.8241882,-3.1841583,-3.5358734
36081035100,-.51127815,-.31624317,-.43222618
36081035200,-5.3235626,-4.6352692,-4.9762878
36081035300,-6.6378174,-5.8296814,-6.161499
36081035700,-10.31723,-9.2151184,-9.8136902
36081035800,-5.1213531,-4.3716583,-4.7413635
36081036100,-1.0390892,-.7383728,-.88071442
36081036300,-1.0179634,-.69619751,-.87043762
36081036500,-1.138855,-.82788467,-.99128723
36081036600,-2.6059875,-2.0467606,-2.3885193
36081036700,-1.0400047,-.70212173,-.87102127
36081036800,-.20733452,-.082932472,-.14512253
36081037100,-.084532261,-.010576487,-.042271614
36081037300,-3.9717255,-3.2612305,-3.5662231
36081037500,-4.5704498,-3.9042358,-4.1665192
36081037600,-.55607796,-.28586674,-.41575241
36081037700,-.810215,-.57345772,-.68392181
36081037900,-1.0095367,-.71512222,-.85199738
36081038100,-3.3300629,-2.7784424,-3.0567627
36081038301,-8.4324341,-7.4405823,-7.9193115
36081038302,-8.3285522,-7.2205811,-7.7631836
36081038400,-.84704971,-.57165909,-.70675659
36081039400,-1.062458,-.74114609,-.90183258
36081039800,-.93360138,-.58608627,-.75730896
36081039900,-2.2347717,-1.7981949,-1.9772644
36081040000,-.46789932,-.24956226,-.35346985
36081040100,-1.6730423,-1.2469444,-1.4731903
36081040200,-.33843803,-.16663027,-.26031399
36081040300,-1.7645493,-1.3959045,-1.5643539
36081040400,-1.4738007,-1.1261444,-1.2766609
36081040500,-6.3685608,-5.5506592,-5.9353333
36081040700,-1.896759,-1.4965591,-1.6649933
36081040900,-1.1841927,-.83167648,-.98959351
36081041100,-.51795197,-.32240486,-.42285156
36081041300,-11.594055,-10.479919,-11.071838
36081041400,-7.8396606,-6.9917297,-7.4375
36081041500,-2.3255234,-1.7894821,-2.0282288
36081042400,-.85699844,-.58532524,-.70013428
36081042600,-2.7634888,-2.2770233,-2.5273743
36081042700,-1.9294891,-1.5097809,-1.7012177
36081043200,-1.7421112,-1.314682,-1.5075455
36081043400,-.96102905,-.64762878,-.80430603
36081043701,-5.6051331,-4.903656,-5.2538147
36081043702,-1.2030563,-.82151794,-.98579788
36081043900,-2.0094147,-1.5258331,-1.7702179
36081044000,-1.0450859,-.74718857,-.8882103
36081044301,-1.1554604,-.8479538,-.98573303
36081044302,-4.9666138,-4.2631531,-4.6373138
36081044400,-19.319824,-17.800781,-18.484558
36081044601,-31.305908,-29.609741,-30.547119
36081044602,-4.738739,-4.0590973,-4.3252106
36081044800,-.96461868,-.63097763,-.81345367
36081045000,-.62605476,-.38082695,-.50086403
36081045200,-5.2381897,-4.4201355,-4.8682556
36081045400,-2.5149307,-2.0553894,-2.2854767
36081045500,-2.4017181,-1.8923264,-2.1547318
36081045600,-.39137077,-.20869255,-.2869873
36081045700,-.39394951,-.23110008,-.29415035
36081045800,-4.2543335,-3.5600433,-3.9515076
36081045900,-.31515408,-.15757465,-.22588825
36081046000,-14.625549,-13.517334,-14.094482
36081046100,-1.8917007,-1.501709,-1.6808014
36081046200,-26.168091,-24.669922,-25.357666
36081046300,-.62117195,-.35799026,-.48438072
36081046400,-.64390945,-.42926598,-.53917503
36081046500,-1.6277771,-1.2444801,-1.4492645
36081046600,-6.270752,-5.4607239,-5.8786011
36081046700,-1.5614014,-1.1987228,-1.3669434
36081046800,-1.0396919,-.71058655,-.89866638
36081046900,-2.3546219,-1.8974075,-2.139473
36081047000,-1.0178337,-.70462418,-.83513641
36081047100,-8.190918,-7.0090637,-7.6696472
36081047200,-4.915741,-4.2151031,-4.5708618
36081047300,-13.610168,-12.472656,-12.980896
36081047500,-3.3529053,-2.6603851,-2.969574
36081047600,-.51215363,-.33442116,-.41288567
36081047800,-5.5311279,-4.7075958,-5.113739
36081047900,-3.7896729,-3.2262573,-3.5054474
36081048000,-65.186523,-62.342041,-63.826416
36081048100,-5.2810059,-4.3639832,-4.7885742
36081048200,-2.6634674,-2.1226883,-2.3930283
36081048300,-1.8615875,-1.4538498,-1.6524353
36081048400,-.65251541,-.41431999,-.52314568
36081048500,-6.6712341,-5.7336426,-6.1321716
36081048900,-7.7064514,-6.7243347,-7.2728271
36081049200,-.91337585,-.63663673,-.76200104
36081049301,-.66161346,-.46046638,-.55042458
36081049302,-6.5364075,-5.643158,-6.0973816
36081049500,-.24859238,-.095217228,-.17453814
36081049600,-.85108948,-.59162331,-.70578003
36081049700,-2.5590057,-2.088562,-2.3055954
36081049900,-2.4867783,-1.9594421,-2.2439804
36081050000,-3.1549988,-2.581192,-2.8705139
36081050201,-.1187067,-.030964017,-.072252512
36081050202,-.14434767,-.041248679,-.08249712
36081050400,-.11362076,-.030990481,-.072309494
36081050500,-.19387341,-.07336688,-.12576962
36081050600,-.15049791,-.051892757,-.093411922
36081050700,-1.1184959,-.80712509,-.95489502
36081050800,-.46627617,-.26938438,-.35232544
36081051000,-1.1864662,-.85474777,-1.0258102
36081051100,-1.6132278,-1.228344,-1.4445038
36081051200,-1.5536346,-1.1780396,-1.3346252
36081051300,-.61300087,-.38049889,-.50729179
36081051500,-9.1200256,-8.0039673,-8.5565796
36081051600,-.031157732,-.010383725,-.010410309
36081051700,-10.696533,-9.583313,-10.152313
36081051800,-.12985849,-.041554451,-.083108902
36081052000,-.26489258,-.11425924,-.18699551
36081052100,-4.5081329,-3.807663,-4.1398926
36081052200,-.072755814,-.015595168,-.046761155
36081052400,-.10389757,-.031162143,-.06234026
36081052500,-2.060524,-1.6464462,-1.8612518
36081052600,-2.002739,-1.5886612,-1.8009949
36081052800,-.75044632,-.45032692,-.61078453
36081053000,-.45177078,-.25966072,-.34788322
36081053100,-15.603333,-14.354248,-14.947266
36081053200,-.72792816,-.4679203,-.59260941
36081053401,-.54381752,-.34181404,-.4505806
36081053500,-24.249878,-22.353394,-23.259644
36081053601,-.062208652,-.010369182,-.0310992
36081053800,-.75963593,-.5202713,-.6349144
36081053900,-7.6483154,-6.7809448,-7.1603394
36081054000,-3.5545959,-2.924057,-3.2338257
36081054200,-3.1733856,-2.6551666,-2.9092865
36081054500,-1.6587982,-1.2645035,-1.4743423
36081054700,-.73693466,-.52197647,-.62426949
36081054800,-3.2907257,-2.6701355,-2.9884796
36081054900,-2.7497711,-2.1555252,-2.427002
36081055100,-3.8134766,-3.2631531,-3.5097809
36081055200,-2.7781067,-2.2401505,-2.5482712
36081055300,-5.0891266,-4.3978271,-4.7462311
36081055400,-1.8033218,-1.3510056,-1.5539093
36081055500,-2.9572754,-2.3758774,-2.6719818
36081055600,-.20901489,-.078375816,-.13585091
36081055700,-7.0299988,-6.1994934,-6.6809387
36081055800,-.24888802,-.10888195,-.17626762
36081055900,-3.1742401,-2.6241608,-2.8587036
36081056000,-.72210693,-.46757126,-.58177948
36081056100,-.60823441,-.40202522,-.49481201
36081056200,-.27011204,-.11945248,-.19737434
36081056400,-2.0831146,-1.5818863,-1.8009109
36081056500,-.47542,-.28627968,-.38854408
36081056600,-1.5932236,-1.2556686,-1.4014435
36081056700,-.50613403,-.28405666,-.382164
36081056800,-9.3700562,-8.4310608,-8.9368591
36081057700,-3.7648315,-3.0605469,-3.4121094
36081057900,-.077649117,-.010354549,-.041413307
36081058000,-.29204178,-.13559389,-.21904373
36081058100,-1.4059143,-1.0493393,-1.2405472
36081058200,-2.2244415,-1.7393341,-1.9736633
36081058300,-5.0144348,-4.4083557,-4.7195129
36081058500,-.73706818,-.52942085,-.61244202
36081058700,-2.1736145,-1.788681,-1.9964981
36081058900,-1.411705,-1.080574,-1.2358971
36081059100,-1.6051865,-1.1843567,-1.4231186
36081059200,-.04185605,-.010460436,-.020925999
36081059300,-3.6263275,-2.9124756,-3.3270569
36081059400,-.20375729,-.078346968,-.13581848
36081059500,-3.758667,-2.9812317,-3.3332062
36081059600,-.68994904,-.43918228,-.57501411
36081059800,-.7209549,-.47014236,-.59561539
36081059900,-.33953667,-.16975641,-.25463581
36081060000,-5.7604065,-5.0687866,-5.4086456
36081060100,-1.1447601,-.80559158,-.96440506
36081060300,-3.3278046,-2.7266312,-2.9903259
36081060600,-.55321121,-.32354259,-.43828392
36081060701,-.26289558,-.092793465,-.17526913
36081060800,-1.1708374,-.81524658,-.99277496
36081061200,-.10439873,-.015679359,-.052211285
36081061301,-12.520142,-11.374939,-11.931885
36081061302,-1.8159485,-1.3786469,-1.5792618
36081061400,-.19744968,-.067546129,-.12469149
36081061601,-.093272209,-.020730257,-.051820993
36081061602,-2.6834717,-2.2119293,-2.423996
36081061800,-.70500946,-.4407196,-.5703125
36081061900,-3.4611053,-2.7629852,-3.0357361
36081062000,-.15576839,-.062310457,-.10903692
36081062100,-3.3132477,-2.7126999,-2.9812317
36081062200,-1.0199242,-.71293259,-.84811783
36081062300,-2.6625824,-2.1343613,-2.4275208
36081062400,-.30641842,-.14811659,-.22475529
36081062500,-1.7317505,-1.3366013,-1.4978485
36081062600,-.75865555,-.49367332,-.62361336
36081062700,-.95215225,-.62604523,-.78132248
36081062900,-3.417923,-2.8939972,-3.1738129
36081063000,-.55844307,-.34124756,-.45511246
36081063200,-7.4644775,-6.6469727,-6.9775696
36081063301,-1.6263199,-1.253727,-1.4166412
36081063302,-1.6026001,-1.2084961,-1.4027252
36081063500,-1.6327057,-1.2336082,-1.427597
36081063700,-15.172668,-13.806763,-14.492371
36081063800,-4.1232605,-3.4455261,-3.7636566
36081063900,-2.8655243,-2.3870087,-2.6675949
36081064101,-.38407135,-.21798229,-.29063702
36081064102,-.041587591,-.010395586,-.020790815
36081064500,-3.8796997,-3.2625275,-3.565918
36081064600,-.16989422,-.061782122,-.10296583
36081065400,-1.262989,-.90509415,-1.0789146
36081065501,-.87210464,-.58303833,-.71730804
36081065600,-2.0697784,-1.6149216,-1.8447723
36081065702,-2.8092804,-2.2403564,-2.5589294
36081065703,-2.289566,-1.7896423,-2.037178
36081065900,-.8433609,-.53424072,-.70191574
36081066000,-.23541451,-.10235167,-.16379118
36081066100,-.26774216,-.094499111,-.18900394
36081066300,-1.6079483,-1.2283134,-1.4021378
36081066400,-8.4855042,-7.5408325,-8.1159668
36081066501,-1.839447,-1.4032288,-1.6189423
36081066701,-.91104889,-.59516144,-.72682953
36081066900,-.4224205,-.24288177,-.32738304
36081067100,-1.9057999,-1.468895,-1.6847229
36081067700,-.73587799,-.4625473,-.58880234
36081067900,-7.3058472,-6.3745728,-6.8249817
36081068000,-1.4221497,-1.0626678,-1.22192
36081068200,-.41529655,-.23071957,-.32808399
36081068300,-35.002319,-32.880493,-34.050659
36081068700,-2.528244,-1.9890747,-2.2661819
36081069000,-1.1669235,-.83433914,-.95198059
36081069300,-8.5317993,-7.5159302,-8.003418
36081069400,-1.9791794,-1.5569,-1.7528076
36081069500,-2.2602005,-1.7790451,-1.9986572
36081069701,-5.6064453,-4.8162994,-5.1939087
36081069702,-2.9028473,-2.4006348,-2.6726837
36081070300,-1.6828156,-1.2541618,-1.4267502
36081070700,-1.2585144,-.91382217,-1.065258
36081070900,-2.0090027,-1.5343704,-1.7220612
36081071100,-41.73645,-39.394653,-40.648926
36081071303,-2.5223083,-1.9994507,-2.2452698
36081071304,-10.16684,-9.0503235,-9.5118713
36081071305,-4.657486,-3.9614868,-4.3435364
36081071306,-2.7285004,-2.2098999,-2.4457626
36081071600,-199.26563,-194.41992,-196.63574
36081071701,-34.567261,-32.6521,-33.764282
36081071702,-5.0557861,-4.3210754,-4.6886597
36081071900,-.57333183,-.36811829,-.46282196
36081072100,-.96585464,-.64040756,-.82416153
36081072300,-1.5841446,-1.1933479,-1.3653336
36081072900,-2.4698257,-1.8952332,-2.2037201
36081073100,-1.9485321,-1.5042496,-1.7655182
36081073700,-9.987793,-9.0401611,-9.5145874
36081073900,-13.214966,-12.014038,-12.566284
36081074100,-2.7487946,-2.1927948,-2.4340515
36081074300,-5.2238159,-4.4334717,-4.8487091
36081074500,-2.0213547,-1.6254044,-1.7996216
36081074700,-2.1708832,-1.63871,-1.8968735
36081074900,-.76239395,-.48564148,-.6161747
36081075701,-67.665527,-64.952637,-66.381592
36081075702,-3.0238495,-2.5329666,-2.7785645
36081076901,-2.7608337,-2.281601,-2.4692917
36081076902,-3.4870758,-2.8096771,-3.1744232
36081077300,-7.9725342,-6.9253845,-7.4363098
36081077500,-3.6080322,-3.0196075,-3.3162079
36081077902,-8.6766052,-7.8828735,-8.2572937
36081077903,-3.5933533,-2.9819946,-3.2582703
36081077904,-2.0110321,-1.509613,-1.7551498
36081077905,-1.3605194,-1.0165138,-1.1677742
36081077906,-3.6597137,-2.9264832,-3.2569733
36081077907,-4.8804016,-4.2425537,-4.5352631
36081077908,-.80908203,-.51680565,-.63682747
36081078800,-.93525696,-.66142845,-.79577637
36081079000,-.90919876,-.58897972,-.75421906
36081079200,-4.5775909,-3.8332214,-4.1900482
36081079701,-2.3110352,-1.8281937,-2.0593262
36081079702,-5.1103668,-4.3934937,-4.7624054
36081079900,-35.995728,-33.927856,-35.05896
36081080301,-3.3265991,-2.6827545,-3.0047302
36081080302,-.91795349,-.61376381,-.74483109
36081080900,-5.959137,-5.2879791,-5.6397705
36081081400,-1.081398,-.79295731,-.91662216
36081081800,-1.9987335,-1.5814972,-1.7927551
36081083700,-1.795845,-1.3627892,-1.5949783
36081083800,-1.181675,-.82719803,-.97621155
36081084000,-3.5598755,-2.8954315,-3.2457275
36081084500,-2.1206436,-1.6446075,-1.840271
36081084601,-.49936676,-.31079388,-.39747047
36081084602,-3.7516479,-3.1702271,-3.4892731
36081084900,-22.989136,-21.570435,-22.374268
36081085300,-17.154663,-15.736328,-16.481323
36081085500,-2.4062576,-1.9208755,-2.1741714
36081085700,-18.760803,-17.172424,-17.922729
36081085900,-2.2272491,-1.7456894,-1.9942169
36081086100,-1.9841003,-1.5029068,-1.735199
36081086300,-2.9923248,-2.5170593,-2.7651978
36081086400,-3.2619476,-2.7081146,-3.0028076
36081086500,-5.6375122,-4.8419647,-5.3005371
36081086900,-26.123535,-24.091064,-25.014893
36081087100,-42.108765,-39.977173,-40.94043
36081088400,-3.4673615,-2.8739014,-3.1429596
36081088901,-4.6186676,-3.9434204,-4.2517395
36081089200,-14.774231,-13.563477,-14.220459
36081090700,-36.956909,-34.919922,-36.231812
36081091601,-2.2285614,-1.804245,-2.0063248
36081091602,-.048508167,-.0097026229,-.019405842
36081091900,-16.438477,-15.237,-15.824158
36081092200,-.52293968,-.3030138,-.40075302
36081092500,-8.3397827,-7.1668091,-7.6768188
36081092800,-.99394608,-.65442657,-.78738785
36081092900,-19.433228,-17.925781,-18.655518
36081093401,-9.4465637,-8.4718628,-8.9038086
36081093402,-2.8245392,-2.2364731,-2.5525436
36081093800,-9.4186096,-8.4076538,-8.9125366
36081093900,-.93399429,-.62265587,-.77586746
36081094201,-5.2435913,-4.5951385,-4.9164886
36081094202,-2.2285233,-1.7418365,-1.987915
36081094203,-2.4977112,-1.990303,-2.2411652
36081094500,-30.439941,-28.689819,-29.645264
36081094700,-8.6114197,-7.6815796,-8.1972656
36081095400,-2.514183,-1.9933853,-2.2435226
36081096400,-5.5000916,-4.8497925,-5.1104584
36081097202,-.87334824,-.57223511,-.72283554
36081097203,-.57448769,-.37467766,-.46957397
36081097204,-9.6237488,-8.6738586,-9.1097412
36081097300,-1.5443344,-1.1635818,-1.3720703
36081098100,-6.5850525,-5.6566772,-6.1340332
36081098700,-14.98938,-13.780029,-14.385803
36081099100,-2.598114,-2.0944443,-2.3407669
36081099200,-1.3954315,-1.0441208,-1.2047081
36081099701,-1.6188507,-1.2350311,-1.3977661
36081099703,-3.1565704,-2.5864716,-2.8085327
36081099704,-9.872406,-8.8436279,-9.3938293
36081099705,-1.1315079,-.78415298,-.96311951
36081099801,-12.537048,-11.171021,-11.911011
36081099802,-1.3561325,-.9657135,-1.1759796
36081099900,-.5046711,-.32444859,-.41194153
36081100801,-.21599865,-.09041214,-.14063597
36081100802,-3.7329865,-3.1398468,-3.4865417
36081101001,-14.849426,-13.670959,-14.312561
36081101002,-2.497467,-1.9741898,-2.1860886
36081101700,-3.912323,-3.2843781,-3.5875854
36081102900,-2.503746,-2.0485382,-2.2944183
36081103201,-.92155457,-.61446762,-.77565002
36081103202,-13.205078,-12.031006,-12.542114
36081103300,-1.3201065,-.9794426,-1.1523361
36081103900,-3.6245575,-3.0455322,-3.3172913
36081104700,-3.6296997,-3.0268707,-3.31604
36081105900,-2.5313797,-1.9991226,-2.2415161
36081107201,-1.6882858,-1.3243332,-1.4961472
36081108500,-2.0517349,-1.6463318,-1.788765
36081109300,-4.5097656,-3.7820892,-4.1248474
36081109700,-1.7077332,-1.2612953,-1.4766006
36081109900,-4.1277313,-3.4724274,-3.8398895
36081111300,-1.5180054,-1.1189041,-1.3447762
36081112300,-8.301178,-7.5048828,-7.861145
36081112900,-1.4493103,-1.1182709,-1.2864075
36081113300,-1.2140121,-.88430786,-1.0255051
36081113900,-2.375145,-1.8181152,-2.1173935
36081114100,-2.3384171,-1.9802856,-2.1596375
36081114700,-.37929153,-.17912769,-.28440475
36081115100,-.42586327,-.23137283,-.31545639
36081115500,-1.1976585,-.8193779,-.98773193
36081115700,-5.173233,-4.4854584,-4.7944641
36081115900,-1.4825058,-1.1474266,-1.3150063
36081116100,-8.7016296,-7.8137817,-8.2974854
36081116300,-11.892273,-10.668732,-11.20343
36081116700,-1.7106247,-1.3052444,-1.4686127
36081117100,-12.710388,-11.535889,-12.143982
36081117500,-6.0321045,-5.1899719,-5.5823364
36081118100,-2.7424164,-2.0884018,-2.4179993
36081118500,-1.0267448,-.68088913,-.83818817
36081118700,-.50919533,-.26771545,-.3726635
36081118900,-2.7919617,-2.2489014,-2.5283813
36081119100,-2.3362274,-1.8203049,-2.0257492
36081119300,-1.3997726,-.99087906,-1.1638031
36081119500,-.17366362,-.068398714,-.12626982
36081119900,-.61049271,-.3791008,-.49485397
36081120100,-18.039001,-16.717468,-17.397644
36081120300,-.6004715,-.37925529,-.48455238
36081120500,-3.2964325,-2.690979,-3.007019
36081120700,-1.4682159,-1.115593,-1.2682533
36081121100,-.27492046,-.12968016,-.18675613
36081121500,-3.0995941,-2.5089493,-2.8357239
36081122300,-6.0015259,-5.1796265,-5.596405
36081122701,-8.0555725,-7.0475464,-7.5147705
36081122702,-7.2693481,-6.3704224,-6.8277588
36081124100,-2.1613388,-1.732132,-1.9522171
36081124700,-3.6856232,-3.0924072,-3.375885
36081125700,-6.0752563,-5.28508,-5.6778564
36081126500,-7.9216614,-6.9666443,-7.4565125
36081126700,-40.049316,-38.231934,-39.126831
36081127700,-4.6755829,-4.0299683,-4.3660431
36081128300,-.13118267,-.04196918,-.083945036
36081129102,-2.3439026,-1.8777008,-2.0717316
36081129103,-2.3553467,-1.7980576,-2.1027603
36081129104,-1.4045944,-1.009922,-1.1889038
36081130100,-3.1917725,-2.6423416,-2.9045563
36081133300,-2.5224228,-1.9708176,-2.2859421
36081133900,-.92372131,-.63504791,-.78720474
36081134100,-8.7029724,-7.7729797,-8.2334595
36081134700,-18.427124,-16.936768,-17.648254
36081136700,-4.8255768,-4.1431122,-4.4948273
36081137700,-2.1188965,-1.6666107,-1.8927917
36081138501,-3.395752,-2.7772827,-3.1153412
36081138502,-1.4022446,-1.0155983,-1.1856346
36081139900,-1.3855057,-1.0467758,-1.2161751
36081140300,-.65059471,-.43383026,-.56065941
36081140901,-.95450974,-.62770271,-.79118347
36081140902,-3.1858978,-2.610611,-2.8748474
36081141700,-2.2972794,-1.7894135,-2.0537643
36081142900,-1.5364914,-1.154953,-1.3456116
36081143500,-.69778824,-.44933319,-.57087326
36081144100,-.8873558,-.60731125,-.75
36081144700,-5.0990753,-4.2946777,-4.7060547
36081145101,-2.2716141,-1.8229599,-2.0607224
36081145102,-1.3977432,-1.0693665,-1.2284203
36081145900,-2.5911942,-2.1313553,-2.3534927
36081146300,-4.5781403,-3.8174438,-4.1832733
36081146700,-9.6213379,-8.835907,-9.2209778
36081147100,-6.312439,-5.5367432,-5.9264221
36081147900,-5.8449097,-5.0141296,-5.4320221
36081148300,-1.8569489,-1.3769379,-1.6141739
36081150701,-2.3852921,-1.8798676,-2.1435471
36081150702,-6.0935364,-5.3136139,-5.6976013
36081152901,-6.5484619,-5.7416687,-6.1656189
36081152902,-4.6907501,-3.9627991,-4.3398438
36081155101,-1.9586029,-1.5314102,-1.7190628
36081155102,-30.915649,-29.08313,-29.978394
36081156700,-24.683838,-22.887939,-23.689697
36081157101,-2.2395325,-1.7971497,-1.9741592
36081157102,-1.1000595,-.75589752,-.91757584
36081157901,-1.3950958,-1.0488586,-1.2375374
36081157902,-3.1966858,-2.521019,-2.8191986
36081157903,-1.8586807,-1.4565048,-1.6183319
36081161700,-3.3707275,-2.697937,-2.9981232
36081162100,-1.8361893,-1.3613052,-1.6011124
36085000300,-11.447205,-10.471802,-11.010681
36085000600,-3.9212341,-3.3356171,-3.633606
36085000700,-1.9741211,-1.5754395,-1.7221298
36085000800,-3.697876,-3.1513977,-3.4688416
36085000900,-.17492771,-.05381155,-.098680496
36085001100,-1.0021286,-.6893692,-.83273697
36085001700,-1.0338554,-.72807693,-.85422516
36085001800,-1.3764191,-1.0147858,-1.1864433
36085002001,-.43747711,-.23513794,-.32922745
36085002002,-2.5826874,-2.1582947,-2.3708725
36085002100,-7.0931091,-6.361145,-6.7869568
36085002700,-7.3963928,-6.6931152,-7.008667
36085002900,-1.8235016,-1.4736023,-1.6510696
36085003300,-.88749695,-.62691116,-.77510834
36085003600,-.71644974,-.47926521,-.58615303
36085003900,-1.871788,-1.4537048,-1.7290421
36085004000,-5.336731,-4.7187653,-5.0683289
36085004700,-5.754425,-4.9707336,-5.3141479
36085005000,-4.9784241,-4.3881531,-4.6933594
36085005900,-.97916412,-.6767807,-.83698654
36085006400,-11.255554,-10.222107,-10.768433
36085006700,-18.973389,-17.420837,-18.104553
36085007000,-59.732666,-57.580811,-58.793945
36085007400,-2.2619705,-1.7951508,-1.9893646
36085007500,-9.5957642,-8.62677,-9.1047668
36085007700,-.33076859,-.16991997,-.25029087
36085008100,-4.2690277,-3.7224884,-4.0275726
36085009601,-13.955139,-12.780762,-13.304626
36085009602,-3.273819,-2.7153473,-3.0133362
36085009700,-4.3198242,-3.7674866,-4.0290222
36085010500,-7.7435608,-6.9310608,-7.2698364
36085011201,-3.62854,-3.0783386,-3.3625336
36085011202,-7.098175,-6.3251953,-6.6531982
36085011401,-3.1956024,-2.6748505,-2.9628601
36085011402,-3.2046356,-2.6621857,-2.9554291
36085012100,-3.3424377,-2.8009186,-3.0775757
36085012200,-5.3608093,-4.7144775,-4.9997253
36085012500,-1.329483,-1.0115852,-1.1553574
36085012804,-3.7832794,-3.1663361,-3.4463348
36085012805,-.53047752,-.35054588,-.43150139
36085012806,-2.8648529,-2.4082184,-2.6121674
36085013201,-1.8434601,-1.4950104,-1.6918182
36085013203,-3.7207794,-3.1344299,-3.4420166
36085013204,-2.0964813,-1.6693039,-1.8397293
36085013301,-.02699399,-.0089994669,-.0090720057
36085013302,-6.7641907,-6.1310425,-6.4215393
36085013400,-10.392456,-9.4104004,-9.8503418
36085013800,-1.7730255,-1.3675461,-1.5324097
36085014100,-1.2685318,-.92283249,-1.1271477
36085014604,-3.2403259,-2.7280121,-3.0145264
36085014605,-1.5307159,-1.1865692,-1.3781433
36085014606,-16.71991,-15.376221,-16.005493
36085014607,-3.4647064,-2.9598389,-3.2307892
36085014608,-.4658699,-.26992416,-.35725403
36085014700,-5.1552429,-4.4586639,-4.7793579
36085015100,-3.33078,-2.7846985,-3.1103363
36085015400,-.062347889,-.0089811683,-.02673173
36085015601,-6.3726501,-5.580658,-6.0641479
36085015602,-2.0916977,-1.664566,-1.8848953
36085015603,-4.6009827,-3.9523468,-4.3149414
36085016901,-5.2955933,-4.657547,-4.9826355
36085017005,-4.3874664,-3.8070068,-4.0882874
36085017007,-.88521576,-.61883926,-.73248672
36085017008,-1.124733,-.82621384,-.99526215
36085017009,-1.0171356,-.70824814,-.87569809
36085017010,-2.3439789,-1.9530487,-2.1497269
36085017011,-1.2426453,-.93269348,-1.0984001
36085017012,-.6366272,-.41855431,-.51457405
36085017300,-.89676666,-.5887928,-.73590851
36085017600,-4.1118927,-3.5859833,-3.8644409
36085017700,-3.7645264,-3.1250916,-3.4796753
36085018100,-7.2369385,-6.4803467,-6.852417
36085018701,-1.6681442,-1.3104553,-1.4937439
36085018702,-11.570557,-10.350769,-10.835754
36085018901,-4.8694458,-4.189621,-4.5558777
36085018902,-3.7192841,-3.1337738,-3.463913
36085019700,-.60290527,-.36356354,-.48732948
36085019800,-12.104065,-11.039673,-11.544312
36085020100,-4.2439423,-3.6770325,-3.9665222
36085020700,-8.6729736,-7.8309326,-8.2449951
36085020801,-4.4597778,-3.927887,-4.2024994
36085020803,-.89645386,-.61610794,-.75642776
36085020804,-1.3209686,-1.0148849,-1.1542816
36085021300,-2.8191223,-2.3488312,-2.567749
36085022300,-3.9677277,-3.4241791,-3.6836853
36085022600,-25.37085,-24.008179,-24.587891
36085022800,-2.5035248,-2.0384827,-2.2746277
36085023100,-1.5176468,-1.1511993,-1.3408585
36085023900,-7.8240356,-6.9959717,-7.3939514
36085024401,-1.7837296,-1.3533707,-1.5957031
36085024402,-.96900558,-.6881752,-.81623077
36085024700,-3.1315308,-2.6437073,-2.8781738
36085024800,-5.0065308,-4.4388733,-4.6955872
36085025100,-2.0602722,-1.6200409,-1.8296967
36085027301,-12.782654,-11.701904,-12.227112
36085027302,-1.2958603,-.96224976,-1.1289406
36085027702,-33.423218,-31.91748,-32.753174
36085027704,-1.2316895,-.91576004,-1.0714836
36085027705,-1.2215576,-.89479828,-1.0447388
36085027706,-2.7383575,-2.2435532,-2.4517822
36085027900,-7.277771,-6.5288696,-6.9321289
36085029102,-21.154907,-19.673584,-20.348022
36085029103,-7.7829895,-7.1180115,-7.4996948
36085029104,-5.7426147,-5.0100708,-5.398468
36085030301,-4.4389343,-3.7121277,-4.1157837
36085030302,-1.9095688,-1.4847107,-1.6652985
36085031901,-3.2475891,-2.7570343,-2.9896393
36085031902,-4.4739838,-3.8431549,-4.1602173
36085032300,-9.0974121,-8.0922241,-8.5844727
