i,rent_change_p5,rent_change_p95,rent_change_mean
36005000100,.63966441,.64344299,.64166474
36005000200,.52814412,.53158367,.52972287
36005000400,.50815052,.5114305,.50965887
36005001600,.51854247,.52194667,.52013654
36005001900,.59682012,.60016263,.598243
36005002000,.54464829,.54795671,.54621834
36005002300,.60412669,.60732979,.60549295
36005002400,.54800642,.55182618,.54995644
36005002500,.60708892,.61030316,.60845006
36005002701,.59232277,.59554219,.59368062
36005002702,.63054514,.63379693,.63195997
36005002800,.58557177,.58905256,.58735973
36005003100,.61497331,.61833614,.6164813
36005003300,.59214532,.59542471,.59362841
36005003500,.61185551,.615192,.6133213
36005003700,.57440746,.57764494,.57583642
36005003800,.52487326,.52829218,.52645308
36005003900,.60709798,.61031079,.60851932
36005004001,.49626929,.4995231,.49779123
36005004100,.59593594,.59912312,.59732264
36005004200,.55387098,.55729234,.55551469
36005004300,.60211253,.60531104,.60348356
36005004400,.50834131,.51163679,.50995886
36005004600,.45588183,.45904553,.4573974
36005004800,.51042557,.51387882,.51217592
36005005001,.48890314,.49232993,.49064073
36005005002,.54110682,.54480278,.54296494
36005005100,.53216457,.53537202,.53365242
36005005200,.46749014,.47110587,.46925932
36005005300,.44646943,.44968522,.44803226
36005005400,.51876068,.52237749,.52055895
36005005600,.59846044,.60244101,.60050154
36005005902,.51364613,.51691163,.51521373
36005006000,.4445377,.44772571,.44603837
36005006100,.59589309,.59919345,.59739423
36005006200,.56284499,.56630778,.56458598
36005006300,.58147407,.58474553,.58300364
36005006400,.55303812,.55646211,.55472952
36005006500,.62011766,.62337947,.62160063
36005006700,.58839536,.59162974,.58981782
36005006800,.55964017,.56309831,.5613789
36005006900,.60275972,.60604942,.60428548
36005007000,.52622879,.52952206,.52778864
36005007100,.61226803,.61563295,.61376214
36005007200,.51589632,.51921487,.51748395
36005007300,.58854532,.59186018,.59000587
36005007400,.52401853,.52748871,.52566308
36005007500,.58211887,.58543909,.58362114
36005007600,.57530749,.57871658,.57700497
36005007700,.59277725,.59610242,.59430313
36005007800,.49031317,.49360526,.49182591
36005007900,.5741834,.57748914,.57570714
36005008300,.57257307,.57587731,.57407486
36005008400,.55720067,.56070745,.55893052
36005008500,.51902854,.5223965,.52070045
36005008600,.55068934,.55421484,.55241597
36005008700,.42332339,.42645603,.42483786
36005008900,.39105773,.39412805,.39258155
36005009000,.58545077,.58958387,.58751547
36005009200,.6695388,.6732924,.67149222
36005009300,.45035318,.45414025,.45236498
36005009600,.55291849,.55645978,.55472589
36005009800,.61061496,.61433953,.61242384
36005011000,.52929759,.53291833,.53115237
36005011502,.44525552,.44870198,.44694871
36005011700,.49574757,.49986517,.49786961
36005011800,.50876856,.51240838,.51051897
36005011900,.55624783,.55957496,.55785018
36005012101,.53725052,.54058397,.53886855
36005012102,.57522511,.57867181,.57693303
36005012300,.54171938,.54511166,.54336023
36005012500,.56392801,.56733364,.56554687
36005012701,.60244429,.60592222,.60412192
36005012901,.56438297,.56771278,.56592989
36005013000,.43050626,.43362081,.43204278
36005013100,.56414092,.5674836,.5656836
36005013200,.50050497,.50388372,.50221682
36005013300,.58414882,.58759308,.58577788
36005013500,.55553848,.5589447,.55712736
36005013800,.55784935,.56143236,.55956274
36005014100,.55691147,.56019044,.55845988
36005014300,.57968807,.5831182,.58130634
36005014400,.57397044,.57749307,.57568848
36005014500,.43873659,.44191915,.44026011
36005014701,.43763971,.44090575,.43912166
36005014702,.48249543,.48594028,.48408157
36005014900,.43637925,.43976182,.43792522
36005015100,.36841485,.37143892,.369798
36005015200,.6074034,.61114562,.60942411
36005015300,.43918592,.44251004,.4407295
36005015500,.49773586,.50143552,.49954447
36005015700,.52810061,.53195703,.52997112
36005015800,.63346398,.63749564,.63563681
36005015900,.44815868,.45151287,.44981742
36005016000,.47500533,.4783951,.47665793
36005016100,.5500406,.55340791,.55163205
36005016200,.47634739,.47962248,.47792542
36005016300,.51982653,.52358878,.52160841
36005016400,.49733597,.50071096,.49900103
36005016500,.60456991,.60812795,.60620534
36005016600,.57721984,.58080965,.57912052
36005016700,.54851866,.55202222,.55013597
36005016900,.55120003,.55471575,.55285811
36005017100,.51455629,.51820129,.51624501
36005017300,.54228973,.54551971,.54377592
36005017500,.58451897,.58786446,.58604378
36005017701,.52660841,.52981067,.5280807
36005017702,.58832824,.59172559,.58989048
36005017901,.57854509,.5817852,.57998633
36005017902,.54046321,.5436762,.54193515
36005018101,.54020369,.54338789,.54161721
36005018102,.54462522,.54779589,.54605293
36005018301,.55158061,.55478811,.55301028
36005018302,.59319931,.59648633,.59472042
36005018400,.53293669,.53642994,.53471065
36005018500,.54752779,.5508666,.54910016
36005018900,.6091609,.6125356,.6107651
36005019300,.55560589,.55886567,.55707717
36005019400,.49226248,.49556249,.49384499
36005019500,.63775647,.64121443,.63943362
36005019700,.66346109,.66715956,.66519594
36005019900,.48980853,.49313635,.49128079
36005020000,.47077149,.47422892,.47245681
36005020100,.50120306,.50473762,.50288439
36005020200,.58972651,.59338963,.59155381
36005020400,.4925679,.49597883,.49422139
36005020501,.55856407,.56223476,.56027079
36005020502,.36305392,.36598453,.36444169
36005020601,.51614267,.51940191,.51769328
36005020900,.57125807,.57453489,.57272869
36005021001,.52320915,.52648568,.52468932
36005021002,.51965201,.52292085,.52112055
36005021100,.59396625,.59735632,.59548223
36005021200,.56279188,.56607091,.56428838
36005021301,.62656617,.63028646,.62826657
36005021302,.55341887,.55685192,.5549742
36005021501,.59143114,.59501028,.59310645
36005021502,.58867449,.59222114,.5902999
36005021601,.49900234,.50222141,.50050581
36005021602,.53912687,.54245216,.54066831
36005021700,.52607185,.5293563,.52753973
36005021800,.50931835,.51258981,.51084918
36005021900,.58643806,.58972609,.58794534
36005022000,.55748463,.56083536,.55902386
36005022101,.5866034,.58987594,.5880965
36005022102,.51953328,.52266967,.52091622
36005022200,.46527383,.46845719,.46671069
36005022300,.52663505,.52980638,.52803767
36005022401,.49663123,.49994242,.49813813
36005022403,.57090384,.57450622,.57270724
36005022404,.50080144,.50409329,.50227398
36005022500,.46291763,.46626291,.46439847
36005022701,.41789767,.42109436,.41936648
36005022702,.48394746,.48732644,.48554188
36005022703,.37247354,.37543428,.37381577
36005022800,.35607487,.35913694,.35748899
36005022901,.4216004,.42481086,.42304569
36005022902,.3755157,.37844387,.37685758
36005023000,.47077054,.47394174,.47221148
36005023100,.52262169,.52596688,.52417159
36005023200,.44563156,.44874004,.44711119
36005023301,.54909146,.55230546,.55054528
36005023302,.46390378,.46698523,.46530372
36005023501,.53107274,.53430998,.53254241
36005023502,.51493782,.51813447,.51639593
36005023600,.45900524,.46220338,.46051332
36005023702,.42694539,.42998374,.42830622
36005023703,.44922453,.45232096,.45066482
36005023704,.48381799,.48703539,.48530281
36005023800,.41829735,.42137629,.41965377
36005023900,.47134423,.47449934,.47279388
36005024000,.49672252,.49998969,.49823135
36005024100,.55625576,.55958867,.55779588
36005024300,.59909511,.60259032,.60072255
36005024400,.53223789,.53563511,.53382909
36005024501,.59887362,.60233235,.60045302
36005024502,.53615695,.53943551,.53766233
36005024600,.54400766,.54734993,.54553258
36005024700,.53806686,.54136038,.53945202
36005024800,.53684664,.54020536,.53838658
36005024900,.49118614,.49483666,.49281603
36005025000,.55383098,.55725884,.5554409
36005025100,.47245562,.47569209,.47394282
36005025200,.46011984,.46334112,.46166909
36005025300,.53346503,.53679466,.53500462
36005025400,.49033171,.49364263,.49190754
36005025500,.6037935,.60709894,.60529006
36005025600,.4940154,.49726063,.49555472
36005025700,.49577159,.49896219,.49722651
36005026100,.52072847,.52398342,.52225029
36005026300,.54269063,.54594004,.54418802
36005026400,.54401815,.54744941,.54572695
36005026500,.54253697,.54576313,.54397774
36005026601,.54056603,.54392481,.54220313
36005026602,.52251458,.52585351,.52420092
36005026701,.52825463,.53148413,.52974117
36005026702,.52751887,.53074872,.52900875
36005026900,.48324019,.48637325,.48468029
36005027300,.5018332,.50508863,.50336355
36005027401,.55211127,.55565208,.55384529
36005027402,.53952587,.54311252,.54126644
36005027600,.52488077,.52830136,.52649271
36005027700,.51775122,.52105951,.51932871
36005027900,.50569218,.50897276,.50724924
36005028100,.55598259,.55938703,.55753028
36005028300,.52019274,.52352571,.52179277
36005028400,.50396407,.50756347,.50580478
36005028500,.53855383,.54200542,.5402019
36005028600,.48800874,.49132362,.48958892
36005028700,.48622584,.48947605,.4877584
36005028800,.47688836,.48015159,.47844699
36005028900,.50222981,.50550407,.50379527
36005029301,.49871337,.50207007,.50023973
36005029302,.57518333,.57886958,.57695091
36005029500,.49915624,.50258493,.50084496
36005029600,.37337309,.37644976,.37484407
36005029700,.49058318,.49403656,.49225065
36005030000,.48920041,.49244988,.49076509
36005030100,.37486023,.37782261,.37614369
36005030200,.52603281,.52938628,.52753854
36005030701,.48783022,.49128866,.489548
36005030900,.47082368,.47417182,.47241309
36005031000,.4606708,.46402377,.46231633
36005031200,.45054936,.453897,.45218563
36005031400,.48858067,.49194574,.49018526
36005031600,.50385451,.5071646,.50538039
36005031800,.51539743,.51872081,.51692963
36005031900,.45076969,.46515003,.45270339
36005032300,.56889957,.57264894,.57074964
36005032400,.50323451,.50651479,.5047878
36005032600,.52616298,.52949858,.52773744
36005032800,.48044938,.48369151,.48197928
36005033000,.45706564,.46021029,.45847139
36005033201,.45727932,.46038461,.45867664
36005033202,.43236071,.43538976,.43371862
36005033400,.42999244,.43311879,.43141568
36005033500,.45718503,.46045864,.45876172
36005033600,.46994716,.47302458,.47133732
36005033700,.47007298,.4735198,.47174788
36005033800,.48984683,.49302047,.49131089
36005034000,.42564613,.4286626,.42705959
36005034200,.44639009,.44947702,.44780248
36005034300,.44156042,.44496429,.44322103
36005034400,.47227579,.47553757,.47385994
36005034500,.44850975,.45193577,.45024836
36005034800,.48037994,.48360685,.48195234
36005035000,.49045831,.49368751,.49198329
36005035100,.45763206,.46098012,.45934662
36005035600,.41590035,.41903019,.41739279
36005035800,.44930106,.45255625,.45087606
36005035900,.51169562,.51499337,.51322496
36005036000,.4447169,.44786763,.44618803
36005036100,.52818841,.53138876,.52963507
36005036300,.49008155,.49329036,.49154064
36005036400,.52326977,.52654302,.52482581
36005036501,.50423014,.50756115,.50577849
36005036502,.50610679,.50939548,.50761378
36005036700,.52825969,.53158057,.52978384
36005036800,.46490848,.46813947,.4664571
36005036901,.55955106,.56298816,.56110454
36005036902,.53219378,.53550339,.53371382
36005037000,.4538098,.45696461,.4552986
36005037100,.50606406,.50944698,.50760531
36005037200,.45926768,.46238345,.46073014
36005037300,.44200772,.44519147,.44347373
36005037400,.46250504,.46557295,.46390939
36005037504,.47549313,.4787963,.47702146
36005037600,.45849174,.46156362,.45988232
36005037800,.44812697,.45112363,.44949847
36005037900,.4850207,.48814473,.48643562
36005038000,.44625074,.44931832,.44767827
36005038100,.53038955,.53356302,.5318256
36005038200,.48084271,.48412865,.48241007
36005038301,.54084337,.54403883,.54229307
36005038302,.49993455,.50315553,.5014078
36005038500,.55806124,.56147158,.55961728
36005038600,.50130117,.50472128,.50295794
36005038700,.64356852,.64725608,.64534819
36005038800,.48307174,.48637733,.48464784
36005038900,.54082322,.54439688,.54248339
36005039000,.45561481,.45874733,.45710582
36005039100,.4725284,.47587675,.47400218
36005039200,.46296191,.4660379,.46437731
36005039300,.54628164,.54987347,.54790795
36005039400,.48447496,.48758417,.48593569
36005039500,.4520824,.45514709,.45349377
36005039600,.47102374,.47414243,.47251457
36005039700,.48266608,.48596847,.48413217
36005039800,.43322176,.43634206,.434726
36005039901,.53691518,.54016101,.53839767
36005039902,.53585988,.53911483,.53734314
36005040100,.53051984,.53368008,.53193986
36005040302,.51638246,.51959783,.51784009
36005040303,.54646218,.549775,.54797268
36005040304,.51759207,.52080512,.5190171
36005040400,.4589988,.46218729,.46050984
36005040501,.45665157,.45976561,.458069
36005040502,.50158554,.50483561,.50310969
36005040600,.47179896,.47493237,.47328687
36005040701,.5351029,.53832197,.53651094
36005040702,.53208131,.5353688,.53356421
36005040800,.43278173,.43576914,.43414861
36005040900,.5707159,.57398212,.57215321
36005041100,.57673419,.58001316,.57817745
36005041300,.51617157,.51930541,.51757026
36005041400,.43187469,.4348993,.43322843
36005041500,.5895074,.59280735,.59099835
36005041800,.47117895,.47427708,.47266281
36005041900,.56776249,.57100594,.56925493
36005042000,.47247252,.47557861,.47394073
36005042100,.58872366,.59209323,.59025812
36005042200,.46494341,.46812636,.46646088
36005042300,.4957976,.49890882,.49721742
36005042400,.45607868,.4592675,.4576245
36005042500,.47580826,.47888768,.47719032
36005042600,.49255124,.49587846,.49419975
36005042800,.47361746,.47683156,.47513199
36005042901,.45799094,.46104455,.459362
36005042902,.47073513,.47376043,.47211498
36005043000,.46979198,.47294772,.47125822
36005043100,.55840898,.56160831,.55982488
36005043400,.46958399,.47269505,.47102851
36005043500,.55289692,.55603802,.55440032
36005043600,.46990311,.4729847,.47132897
36005044200,.45792034,.46100688,.45932126
36005044400,.41083825,.41381454,.41221526
36005044800,.48914033,.49238157,.4907366
36005044901,.56565571,.56902242,.56724846
36005044902,.6515516,.65523112,.65332341
36005045101,.48890513,.49212503,.49045187
36005045102,.60594159,.60937011,.60763752
36005045600,.53735876,.54080844,.53884786
36005045800,.50124395,.50469196,.50297219
36005046000,.52281058,.52627146,.52452755
36005046201,.50863886,.51216626,.51034689
36005046202,.54179311,.54526645,.54343915
36005048400,.51414406,.51746309,.51567715
36005050400,.44766718,.45113224,.44930315
36005051600,.50246286,.50590861,.50414777
36047000100,.48711893,.49028558,.48847038
36047000200,.51569164,.51898849,.51711875
36047000301,.44245318,.44551018,.44376302
36047000501,.43997943,.44302788,.44129771
36047000502,.43713364,.4401868,.4384318
36047000700,.48544127,.48860177,.48680875
36047000900,.44142056,.44449311,.44272017
36047001100,.51958537,.52281976,.52095914
36047001300,.44878381,.45187244,.45008707
36047001500,.52824187,.53152651,.5296514
36047001800,.39643514,.39967859,.3978864
36047002000,.5261482,.52946633,.52756679
36047002100,.46038842,.46345291,.4616504
36047002200,.48673758,.489986,.48812866
36047002300,.41345102,.41644487,.41470233
36047002901,.6006701,.60410804,.602175
36047003000,.43155801,.43470618,.43294418
36047003100,.62443173,.6278553,.6259346
36047003300,.64734316,.650792,.64889777
36047003400,.41458452,.41766393,.41592216
36047003500,.62575519,.62915623,.62726068
36047003600,.46381396,.46705353,.46523854
36047003700,.58795226,.59130681,.58945155
36047003800,.44684359,.45000607,.44817835
36047003900,.59056717,.59394062,.59204936
36047004100,.62378919,.62718236,.62533385
36047004300,.60303211,.60640079,.60453665
36047004400,.3920871,.39510769,.39341009
36047004500,.59070826,.59408313,.5921967
36047004600,.38912863,.39216202,.39045072
36047004700,.57468915,.57806498,.57615089
36047004900,.59461689,.59801662,.59611881
36047005000,.39587444,.39896894,.3972176
36047005100,.58648765,.58991051,.58795142
36047005201,.42006671,.4232007,.42143291
36047005202,.38922906,.39228839,.39053982
36047005300,.48644099,.48978144,.48797524
36047005400,.39487833,.39795482,.39620888
36047005601,.37772116,.3807469,.37904716
36047005602,.38885444,.39190978,.39018101
36047005800,.4248029,.42793888,.42614532
36047005900,.58714366,.59054792,.58865529
36047006000,.43452221,.43768528,.43584704
36047006200,.42322916,.42637467,.42458647
36047006300,.62233448,.62569654,.62383568
36047006400,.45525584,.45845681,.45666671
36047006500,.6319834,.63536894,.63350761
36047006600,.47865131,.48190981,.48008883
36047006700,.60261941,.60599744,.60411084
36047006800,.36924052,.3721931,.37050277
36047006900,.63799685,.64140439,.63951945
36047007000,.41834834,.42140722,.41966957
36047007100,.60861135,.61197668,.61014891
36047007200,.42832273,.43135619,.42963666
36047007400,.45894796,.46208549,.46032146
36047007500,.63076389,.63416344,.63226426
36047007600,.49132505,.49454266,.49272913
36047007700,.63783687,.64126599,.63939297
36047007800,.52538884,.52871197,.52682692
36047008000,.53550667,.53883159,.53696179
36047008200,.52142763,.52474678,.52285612
36047008400,.47208983,.4752233,.47344768
36047008500,.63983685,.64335191,.64137292
36047008600,.40270773,.40594959,.40407109
36047008800,.42742932,.43047106,.42871505
36047009000,.44196016,.44508123,.44323993
36047009200,.39358974,.39660871,.39486092
36047009400,.48096389,.48426956,.48229572
36047009600,.50259495,.50586963,.50401664
36047009800,.47010258,.4733485,.47149613
36047010000,.48619565,.48942733,.48759747
36047010100,.51193774,.51515627,.51335168
36047010200,.45620805,.45934254,.45757622
36047010400,.43167061,.43478316,.43301976
36047010600,.45275536,.45596296,.45411044
36047010800,.43301576,.43625015,.43437883
36047011000,.41633582,.41934448,.41763484
36047011200,.46502647,.46818545,.46636438
36047011400,.45425373,.45747632,.45559373
36047011600,.40526631,.40837204,.40661138
36047011700,.60751683,.61091077,.60902911
36047011800,.4544934,.45763373,.45585141
36047011900,.60641593,.60981286,.60794616
36047012000,.42596704,.42907727,.42734581
36047012100,.61911225,.6225127,.62064815
36047012200,.44257069,.4456898,.44393691
36047012600,.49035364,.49368209,.49183169
36047012700,.58489895,.58824861,.58641124
36047012801,.43173426,.43491986,.43312976
36047012901,.55693823,.56028605,.55839157
36047012902,.52745879,.53073883,.52886975
36047013000,.49387735,.49721128,.49533129
36047013100,.53223532,.53556025,.53366303
36047013200,.42053452,.42380023,.42197335
36047013300,.50547391,.50869298,.50689447
36047013400,.4832435,.48667592,.48474753
36047013500,.58486104,.58822167,.5863483
36047013600,.479931,.48328876,.48135343
36047013700,.60408247,.60749304,.60559809
36047013800,.48708537,.49046636,.48852703
36047013900,.63018256,.63362849,.63171268
36047014000,.47452611,.4780243,.47597435
36047014100,.5995627,.60302317,.60104966
36047014200,.46875599,.4721922,.47018415
36047014300,.55443811,.55774617,.55589598
36047014500,.51909888,.52234399,.52052784
36047014700,.56870031,.57209384,.57016861
36047014800,.37638456,.37952226,.37769881
36047014900,.62474424,.62818885,.62625784
36047015000,.44405371,.44736248,.4454695
36047015100,.62873149,.63215888,.63026166
36047015200,.45942488,.46281254,.46080208
36047015300,.62729001,.6307292,.6288414
36047015400,.36060631,.36384994,.36196056
36047015500,.61587411,.6193049,.61736673
36047015700,.51643753,.5197165,.51789403
36047015900,.47571075,.47891951,.47708753
36047016000,.45089406,.45408234,.45221287
36047016100,.52705783,.5303517,.52845579
36047016200,.48471865,.48799032,.48610544
36047016300,.51275015,.51603794,.51418447
36047016400,.36448023,.36761248,.36580783
36047016500,.5376029,.54092753,.53910112
36047016600,.44609165,.44940376,.44750771
36047016700,.61994666,.62333512,.62147439
36047016800,.41794968,.42127532,.4193725
36047016900,.62143528,.62485284,.62296081
36047017000,.40467805,.40790737,.40604898
36047017100,.62483841,.62829435,.62638712
36047017200,.37005666,.3731541,.37139195
36047017400,.38967448,.39293918,.39106333
36047017500,.42174405,.4249993,.42314553
36047017600,.39418,.39739737,.39553478
36047017700,.45461649,.45789611,.45603585
36047017800,.42741817,.43062794,.42875609
36047017900,.66736186,.67082787,.66892469
36047018000,.42973185,.43293598,.43109366
36047018100,.71447587,.71803749,.71613908
36047018200,.43880498,.44200101,.44015527
36047018300,.72769356,.73132169,.72932792
36047018400,.41902372,.42223418,.42040205
36047018501,.62923312,.63267791,.63072252
36047018600,.4257375,.42890644,.42713118
36047018700,.77189749,.77567041,.77360392
36047018800,.43019316,.43336421,.43157804
36047019000,.44787052,.45104587,.44926006
36047019100,.84934521,.85333216,.85114193
36047019200,.45135105,.45453399,.45272112
36047019300,.9063223,.91033626,.90825808
36047019400,.42307872,.42617202,.42441297
36047019500,.84438574,.84824896,.84626245
36047019600,.43443543,.43765888,.43583131
36047019700,.85657728,.86046398,.8584466
36047019800,.38951081,.39262003,.39087924
36047019900,.69670594,.70022559,.69834125
36047020000,.3880634,.3912366,.38945439
36047020100,.70174551,.70529306,.70337665
36047020200,.42296681,.42625749,.42441699
36047020300,.56603038,.56936228,.56751478
36047020400,.41096032,.41422901,.41240349
36047020500,.53070664,.53402424,.53214502
36047020600,.43011385,.43348894,.43158245
36047020700,.50621498,.50947535,.50762546
36047020800,.41744685,.42060739,.41882735
36047021000,.41455007,.41765481,.41590756
36047021100,.53693295,.54028177,.5383749
36047021200,.42899999,.43209288,.43036288
36047021300,.45516732,.45833078,.45655167
36047021400,.46062431,.46379721,.46200037
36047021500,.46689275,.47005427,.46826154
36047021600,.4438158,.44698024,.4451654
36047021700,.47921121,.48239192,.48060223
36047021800,.45461926,.45786291,.45602003
36047021900,.48800021,.49119401,.48937786
36047022000,.46464324,.46778768,.46598262
36047022100,.53136641,.53463876,.53281701
36047022200,.43776017,.44082856,.43906426
36047022400,.48532462,.48848403,.48665398
36047022600,.5767045,.5801084,.57811284
36047022700,.56535047,.56867611,.56680548
36047022800,.59027547,.59370488,.59168983
36047022900,.80284154,.80654174,.80461383
36047023000,.55900812,.5623551,.56040943
36047023100,.84920251,.85299814,.85104883
36047023200,.56813872,.57156301,.56956398
36047023300,.89493406,.89884251,.89686078
36047023400,.50118601,.5044719,.50252956
36047023500,.90308332,.90710479,.905092
36047023600,.46605563,.46928391,.46740997
36047023800,.43805915,.44118077,.43939272
36047024000,.46979493,.47302175,.47120589
36047024100,.96453559,.96856987,.96651793
36047024200,.41558534,.41861916,.4168987
36047024300,.91894585,.92288506,.92087084
36047024400,.45390847,.45709771,.45529479
36047024500,.7404325,.74404573,.74210393
36047024600,.55353773,.55698049,.5549947
36047024700,.60170972,.60508424,.6031819
36047024800,.44892865,.45206547,.45029399
36047024900,.72028732,.7238515,.7219488
36047025000,.46852165,.47171238,.4699136
36047025100,.9191823,.92309779,.92115015
36047025200,.45715159,.46032453,.4585259
36047025300,.98002386,.98402798,.98197734
36047025400,.44210398,.4452391,.4434756
36047025500,.96957433,.97352111,.97149742
36047025600,.42610905,.4292196,.42747009
36047025700,.986157,.99014384,.98803318
36047025800,.44141081,.44463387,.44285244
36047025901,.98582512,.98980874,.98782194
36047025902,.94907898,.95305133,.95103621
36047026000,.47988951,.4832657,.48135519
36047026100,.9831692,.98721159,.98513812
36047026200,.49611974,.49949044,.49755311
36047026300,.94046122,.94453901,.94252372
36047026400,.42669994,.42994803,.42808855
36047026500,.86836016,.87233061,.87029266
36047026600,.41146034,.41467816,.41286159
36047026700,.63786983,.641321,.63940281
36047026800,.45212117,.45558429,.45362297
36047026900,.57256746,.57593036,.574072
36047027000,.43570957,.43911153,.43719834
36047027100,.50815678,.51141882,.50959289
36047027200,.48971519,.4932853,.49128622
36047027300,.52324843,.52655053,.52470124
36047027400,.4689284,.47237253,.47042811
36047027500,.6228748,.62633222,.6244508
36047027600,.42525887,.42851084,.42665982
36047027700,.6660651,.66960132,.66766173
36047027800,.4249801,.42827734,.42639565
36047027900,.8204568,.82433629,.82218122
36047028000,.40370685,.40698123,.40511513
36047028100,.7615633,.76532543,.7632817
36047028200,.40830749,.41160458,.40973818
36047028300,.9220823,.92599666,.92394471
36047028400,.42231619,.42555934,.42370975
36047028501,.83427727,.83803499,.8361299
36047028502,.87536067,.87915075,.87727112
36047028600,.40131196,.40457416,.40273422
36047028700,.79924905,.80301893,.80106628
36047028800,.42489722,.42812467,.42631513
36047028900,.70259446,.70626336,.70426571
36047029000,.42837173,.43158263,.4297722
36047029100,.69123107,.69490004,.69289702
36047029200,.40630633,.40957475,.40773189
36047029300,.58214271,.58555895,.58368587
36047029400,.46398497,.46750522,.46555388
36047029500,.6761384,.6797049,.67779911
36047029600,.4182139,.42141935,.41961575
36047029700,.6271714,.63065016,.62874472
36047029800,.46356654,.4668985,.46508151
36047029900,.620731,.62417316,.62226963
36047030000,.43762818,.44086295,.43908054
36047030100,.55571842,.55906671,.55722511
36047030200,.43080062,.43408573,.43230236
36047030300,.5628404,.56621319,.56436086
36047030400,.42944765,.43280461,.4309448
36047030500,.56372571,.56705248,.56520069
36047030600,.43931621,.44254169,.44076955
36047030700,.6267997,.63030487,.62837738
36047030800,.41102904,.41417679,.41242605
36047030900,.57612324,.57952267,.57766008
36047031100,.51796335,.52125454,.51942647
36047031300,.58148408,.58488637,.58300066
36047031400,.38824898,.39139807,.38967726
36047031500,.60244471,.60585272,.60394454
36047031701,.55964959,.56298554,.56114101
36047031702,.54818833,.55148315,.54961884
36047031900,.46347302,.46663773,.46484268
36047032100,.46224415,.46540725,.46361613
36047032300,.48732072,.49052992,.48876441
36047032500,.45040959,.45353955,.4517892
36047032600,.46941838,.47269684,.47089523
36047032700,.47097063,.47413862,.47237623
36047032800,.47412005,.47737241,.47551554
36047032900,.4758212,.47901729,.47722554
36047033000,.45576864,.45902112,.4571501
36047033100,.48311299,.4863666,.48447078
36047033300,.46683374,.47000429,.46817482
36047033500,.4835431,.48672929,.48489416
36047033600,.45748448,.46081275,.45894223
36047033700,.44639948,.44951266,.44774869
36047033900,.48400551,.48720717,.48541641
36047034000,.43700868,.44014561,.43837333
36047034100,.57400274,.57738656,.57547343
36047034200,.48169702,.48495346,.48307604
36047034300,.49734434,.50058842,.4987579
36047034500,.4693222,.47249174,.47072357
36047034700,.53905642,.54237211,.54048771
36047034800,.48914608,.49253088,.49062836
36047034900,.43555564,.43864912,.43691161
36047035000,.51048577,.51385474,.51195049
36047035100,.44116598,.44426605,.44251549
36047035200,.49461734,.49796337,.49606603
36047035300,.44334924,.44645876,.44469249
36047035400,.5108971,.51419568,.51236463
36047035500,.44785076,.45098585,.44919896
36047035601,.51870173,.52204674,.52024901
36047035602,.40247035,.40549603,.40379536
36047035700,.43664736,.43971127,.43797481
36047035900,.44856131,.45167708,.4499068
36047036001,.41285986,.41593254,.41420656
36047036002,.47011021,.4733068,.47151363
36047036100,.50021601,.50349844,.50161946
36047036200,.47550946,.47874349,.47696048
36047036300,.54623389,.5496192,.54771483
36047036400,.46052849,.46371323,.46197867
36047036501,.59714735,.6005578,.59862101
36047036502,.65828627,.66175449,.65981472
36047036600,.45106748,.45425344,.45257908
36047036700,.5920198,.59539425,.59351873
36047036900,.58326411,.58664763,.58477986
36047037000,.45670751,.45983356,.45815665
36047037100,.50170362,.50495189,.5031299
36047037300,.59335935,.59684241,.59494948
36047037401,.50897801,.51231354,.51047933
36047037402,.51773137,.52106905,.51920462
36047037500,.63058817,.63417166,.6321736
36047037700,.49196273,.49521792,.49340326
36047037900,.49883246,.50207257,.50024366
36047038100,.55388665,.55721617,.55535263
36047038200,.45086715,.45404232,.45227426
36047038300,.55121374,.55456543,.55269307
36047038500,.56291223,.56635892,.56439984
36047038600,.51329982,.51661706,.5147298
36047038700,.57841504,.58187693,.57993072
36047038800,.50682831,.51013416,.50829947
36047038900,.70686138,.71047151,.70857906
36047039000,.44226962,.44536507,.4436827
36047039100,.67696232,.68053341,.67861778
36047039200,.45693743,.46009189,.45838988
36047039300,.72458136,.72824794,.72633076
36047039400,.46927279,.47250015,.47073948
36047039500,.66530037,.66891754,.6669752
36047039600,.49578315,.49909797,.49724102
36047039700,.66566795,.66929841,.66736102
36047039800,.49391305,.4971993,.49534914
36047039900,.67020392,.67384672,.67186999
36047040000,.48809695,.49140567,.48955685
36047040100,.67760247,.68119931,.67927921
36047040200,.43806919,.44124711,.43949997
36047040300,.65177423,.65529335,.6534462
36047040400,.39709726,.40018162,.39846787
36047040500,.69456446,.69805866,.69618225
36047040600,.47368324,.47701585,.47517091
36047040700,.60744941,.61080301,.60898685
36047040800,.49200961,.49534804,.4934622
36047040900,.76304686,.76663393,.76468909
36047041000,.51688111,.52027011,.51836073
36047041100,.76009321,.76371288,.76177073
36047041200,.53896403,.54234183,.54046857
36047041300,.76315266,.76679456,.76487041
36047041401,.5512197,.55460918,.55272031
36047041402,.52049518,.52383554,.52199638
36047041500,.76367033,.76733989,.76546192
36047041600,.49748689,.50076836,.49896562
36047041700,.74935073,.7529574,.75110191
36047041800,.48327911,.48651272,.48473713
36047041900,.72019148,.72375524,.72191882
36047042000,.45664611,.45982856,.45806122
36047042100,.68488288,.68838155,.68651426
36047042200,.53003222,.53334582,.5315026
36047042300,.6993264,.70288575,.701006
36047042400,.52266324,.52603543,.52413142
36047042500,.8150605,.81877893,.8168453
36047042600,.44145131,.44462755,.44282001
36047042700,.8260206,.82975471,.82773679
36047042800,.42992195,.43311441,.43132791
36047042900,.83642483,.84016865,.83816838
36047043000,.44013667,.44329506,.44154096
36047043100,.73859942,.74216628,.74025387
36047043200,.46911255,.4723292,.4705222
36047043300,.73051298,.73406839,.73218024
36047043400,.52839923,.53179854,.5298593
36047043500,.84264112,.84639478,.84438533
36047043600,.53777939,.54120123,.53926849
36047043700,.81433612,.81803453,.8160283
36047043800,.52072281,.52402174,.52216327
36047043900,.83719218,.84099007,.83894312
36047044000,.52469319,.5280695,.52616459
36047044100,.841322,.84511161,.84310967
36047044200,.46537551,.46856272,.46677762
36047044300,.87214333,.87601024,.87394035
36047044400,.4587476,.46192241,.46013185
36047044500,.87206966,.87594604,.87382865
36047044600,.45665985,.4598012,.45801768
36047044700,.92017901,.9241277,.92197186
36047044800,.48114011,.4843424,.48252892
36047044900,.89188617,.89601195,.89385027
36047045000,.46076605,.46393114,.46215314
36047045200,.47491014,.47817171,.47635958
36047045300,.88430321,.88824117,.88613629
36047045400,.47510856,.4783408,.47656524
36047045600,.48986083,.49313378,.49132425
36047045800,.43031591,.43344367,.43174416
36047046000,.43519437,.43827084,.43656623
36047046201,.45673418,.45988882,.45812684
36047046202,.45881456,.46196884,.46022135
36047046400,.4576844,.46084028,.45903084
36047046800,.44877768,.45195109,.45013821
36047047000,.43006083,.43318993,.43136579
36047047200,.44992822,.45306244,.45124429
36047047400,.45430183,.45743942,.45563859
36047047600,.45978856,.46291369,.46111584
36047047700,1.0295529,1.0336754,1.0315399
36047047800,.46831518,.47142744,.46964008
36047048000,.46272928,.46586084,.46411383
36047048100,.83839953,.842296,.84015769
36047048200,.47829598,.48150557,.47973663
36047048400,.56868839,.57207692,.57012498
36047048500,.85490167,.85879093,.85667557
36047048600,.58225644,.58561289,.58367419
36047048800,.6016764,.60510576,.60316181
36047048900,.80178773,.80552089,.80359674
36047049000,.51922709,.52248549,.52066058
36047049100,.8764075,.88029552,.8783797
36047049200,.49744543,.50066614,.49890107
36047049300,.85825145,.86213505,.86006391
36047049400,.5890969,.5924899,.59062004
36047049500,.83492398,.83875108,.83667475
36047049600,.62124753,.62469268,.62276709
36047049700,.82145762,.82532191,.82321209
36047049800,.61385113,.61727548,.61535001
36047049900,1.0582416,1.062297,1.0601857
36047050000,.61262989,.61605537,.61416292
36047050100,.86596739,.86978418,.86776328
36047050202,.63495028,.63841742,.63649976
36047050300,.90831244,.91217577,.91011655
36047050400,.61209464,.61553562,.61363399
36047050500,.93487245,.93883812,.93678463
36047050600,.47682762,.47998077,.47822887
36047050700,.92384374,.92776072,.92573988
36047050801,.47676948,.47995549,.478172
36047050803,.46420807,.46734405,.46554559
36047050804,.45434329,.45746434,.45573026
36047050900,.94659889,.95053518,.94853401
36047051001,.47156334,.47473443,.47298384
36047051002,.4569402,.46009403,.45833609
36047051100,.96596402,.97000211,.96786726
36047051200,.47195476,.4751339,.47338873
36047051300,.97030324,.97430468,.97216749
36047051400,.49725443,.50051522,.49874526
36047051500,.99733436,1.0013195,.99925214
36047051601,.46297854,.46614611,.46441358
36047051602,.46039018,.4635548,.46183693
36047051700,.97983038,.9837575,.98171258
36047051800,.48049992,.4837141,.48196656
36047051900,.83628941,.84010541,.83805597
36047052000,.47794193,.48116758,.47940162
36047052300,.80003411,.80377781,.80182737
36047052500,.63886201,.64237964,.64044988
36047052600,.41943347,.42250264,.42083108
36047052700,.90124142,.90511155,.90313542
36047052800,.44204655,.44517338,.44347143
36047052900,.93217891,.93612075,.93414235
36047053000,.45229438,.45541018,.45369679
36047053100,.95659548,.96061707,.95856416
36047053200,.4565675,.45976806,.4580074
36047053300,.90760553,.91147411,.90956128
36047053400,.45533532,.45856005,.4567892
36047053500,.73883581,.74245632,.74050868
36047053700,.90368879,.9076556,.90554374
36047053800,.45237571,.45556867,.45379961
36047053900,.7692883,.77300042,.77099299
36047054200,.44309777,.4463051,.44451326
36047054300,.65153432,.65507329,.65311301
36047054400,.46036294,.46362627,.46179289
36047054500,.67015141,.67376047,.67174637
36047054600,.45970845,.46296829,.46114215
36047054700,.69715184,.70079547,.69879901
36047054800,.46141762,.4646664,.46287197
36047054900,.85338074,.85716701,.8552767
36047055000,.46703646,.47033662,.4684844
36047055100,.79266942,.79639387,.79440057
36047055200,.47410354,.47737497,.47555825
36047055300,.69267505,.69620967,.69413483
36047055400,.45861557,.46186161,.46006614
36047055500,.75985563,.7635144,.76151758
36047055600,.46471998,.46793485,.46617344
36047055700,.94753373,.95141137,.94938135
36047055800,.43282032,.43599772,.43420541
36047056000,.44248074,.4456917,.4438706
36047056100,1.0957952,1.1000051,1.0977522
36047056200,.44540888,.44862461,.44680008
36047056300,1.2313664,1.2357497,1.2333411
36047056400,.44212008,.44533396,.44356993
36047056500,1.1148534,1.1190301,1.1167698
36047056600,.40866721,.41176403,.41007859
36047056800,.4159137,.41907477,.41737804
36047056900,1.0693445,1.0735178,1.0712839
36047057000,.40595353,.40910071,.40740922
36047057100,1.0983248,1.1024995,1.1002671
36047057200,.37459815,.37758762,.37600619
36047057300,1.1231351,1.1273698,1.1250746
36047057400,.3937538,.39683044,.39512068
36047057500,1.1397913,1.1440097,1.1416898
36047057600,.36617988,.36919522,.36749297
36047057800,.4168784,.42001235,.41823795
36047057900,1.2445776,1.2490146,1.2466177
36047058000,.45405924,.45724881,.45544821
36047058200,.43049151,.43360841,.43185362
36047058400,.42276222,.42584008,.4241142
36047058600,.43364325,.4367739,.43503442
36047058800,.44279933,.44587296,.44415474
36047058900,1.1465234,1.1507835,1.1484703
36047059000,.46588835,.46907312,.46726733
36047059100,1.0925162,1.0966984,1.0944391
36047059200,.41713381,.42021447,.41849369
36047059300,1.0845959,1.0887446,1.0865889
36047059401,.40771785,.41079256,.40911829
36047059402,.41705877,.42020088,.4185344
36047059600,.40857822,.41162997,.41000366
36047059800,.41707677,.42018014,.41856712
36047060000,.4536913,.45682055,.45514202
36047060600,.4506008,.45372993,.45194876
36047060800,.46330261,.46645269,.46478963
36047061002,.46736184,.47053927,.46873754
36047061003,.4455204,.4486194,.44693142
36047061004,.46566504,.46883574,.46707308
36047061200,.46838531,.47154391,.46988457
36047061600,.43764842,.44081485,.43910939
36047062000,.44508076,.44822031,.44659179
36047062200,.4332912,.43641865,.43481189
36047062600,.45329431,.4565092,.45483363
36047062800,.44889423,.452185,.45033473
36047063200,.43774569,.44104728,.43931657
36047063600,.42002779,.42321625,.4214969
36047063800,.44590461,.44913512,.44741553
36047064000,.44979382,.45313019,.4512741
36047064200,.45160154,.45485449,.45303524
36047064400,.4759644,.47934157,.47750717
36047064600,.48318776,.48663491,.48472974
36047064800,.43002105,.43323797,.43145865
36047065000,.40980983,.41298464,.41123357
36047065200,.40208519,.40526873,.40353405
36047065400,.35389522,.35686326,.35526913
36047065600,.37031811,.37338078,.37176543
36047065800,.38668662,.389833,.38813913
36047066000,.38128132,.38434941,.382705
36047066200,.36490914,.36796844,.36626583
36047066600,.38544589,.38864464,.38685429
36047067000,.41493481,.41818258,.41639405
36047067200,.44926322,.45261768,.45076746
36047067400,.4197104,.42298615,.42120612
36047067600,.48609853,.48956573,.48764884
36047067800,.42533913,.42859668,.4267469
36047068000,.4619514,.4653376,.46347976
36047068200,.44160822,.44491988,.44306993
36047068600,.42899662,.43234903,.43048084
36047068800,.42873853,.43213212,.43018329
36047069000,.44439799,.44782138,.44584
36047069200,.51899898,.52265453,.52059412
36047069601,.54661351,.5504064,.54830134
36047069602,.45503291,.45868266,.45668551
36047069800,.44505611,.44849795,.44657597
36047070000,.42708835,.43039489,.42855078
36047070201,.38457495,.38779497,.3860949
36047070202,.33773667,.34139228,.33926457
36047070203,.45098391,.45442414,.45255184
36047070600,.32474142,.32938802,.32715333
36047072000,.42776459,.43103683,.42920721
36047072200,.44742662,.45073408,.44893044
36047072400,.40335292,.40649772,.40478441
36047072600,.43188739,.43511099,.43334919
36047072800,.44597763,.44927663,.44744778
36047073000,.4172864,.42053014,.41872251
36047073200,.36320907,.36622423,.3645997
36047073400,.39756787,.40061355,.39895043
36047073600,.41978097,.4229646,.42117697
36047073800,.43452954,.43778285,.43595225
36047074000,.40304196,.40614206,.40444571
36047074200,.37146014,.3744697,.37281191
36047074400,.48853543,.49193385,.49006981
36047074600,.47375837,.4771511,.47526211
36047074800,.49838829,.50178933,.49989456
36047075000,.3840003,.38701829,.38534111
36047075200,.37907156,.3820464,.38041353
36047075400,.45453206,.45780349,.45597312
36047075600,.4462446,.44943786,.44767541
36047075800,.44041735,.44355941,.44179365
36047076000,.40401083,.40708956,.40535003
36047076200,.4548924,.45804518,.45630372
36047076400,.43817687,.44129062,.4395901
36047076600,.4614892,.46469176,.46292987
36047076800,.45596412,.459169,.45738888
36047077000,.44827163,.45143121,.44968849
36047077200,.40421993,.40728819,.40556917
36047077400,.44284049,.44600961,.44424474
36047077600,.43281645,.43600059,.43425938
36047078000,.39861748,.40166476,.40002656
36047078200,.41684341,.41993225,.41822499
36047078400,.41375959,.4168573,.41514853
36047078600,.40984064,.41292992,.41121995
36047078800,.44228086,.44545311,.44369149
36047079000,.4354676,.43861997,.43689403
36047079200,.40767926,.41071284,.4090094
36047079400,.44473884,.44785038,.4460721
36047079601,.46617264,.46933344,.46751845
36047079602,.45643127,.45953169,.45774755
36047079801,.46170783,.46486497,.4630793
36047079802,.41937959,.42244238,.42070457
36047080000,.51179922,.51507831,.5132184
36047080200,.43873197,.44185603,.44009101
36047080400,.45514327,.45829976,.45646077
36047080600,.4597066,.46287894,.46106327
36047080800,.45159161,.45479101,.45294464
36047081000,.45439512,.45756388,.45573166
36047081400,.47206646,.475344,.47346491
36047081600,.45364287,.45686388,.45501214
36047081800,.47243017,.47562802,.47378272
36047082000,.47787422,.4810878,.47923023
36047082200,.48974138,.49294662,.4910948
36047082400,.45614055,.4593122,.45749891
36047082600,.43471003,.43782568,.43606094
36047082800,.45366234,.45684677,.45505086
36047083000,.41721794,.42027605,.41855246
36047083200,.45328748,.45646465,.45467556
36047083400,.43958211,.44273818,.44097897
36047083600,.38346365,.38653496,.38483995
36047083800,.40968576,.41278994,.4110283
36047084000,.43873268,.44192865,.44010711
36047084600,.43119112,.43437514,.43256846
36047084800,.43331236,.43651283,.43468413
36047085000,.41674018,.4198783,.41807365
36047085200,.46934658,.47262669,.47066453
36047085400,.39980805,.40282333,.40112475
36047085600,.43597427,.43912268,.4373138
36047085800,.44207573,.44526345,.44344765
36047086000,.45126867,.45448226,.4526552
36047086200,.44920391,.45242426,.45055366
36047086400,.41785821,.42100412,.41920006
36047086600,.44853345,.45175242,.44992024
36047086800,.44825929,.45150268,.44967434
36047087000,.450297,.45352137,.45169079
36047087200,.45137161,.45458913,.45276985
36047087401,.46079519,.46402252,.46217644
36047087600,.43869394,.44186604,.44005623
36047087800,.48432636,.48765236,.48578399
36047088000,.43242985,.43557748,.43378544
36047088200,.43897134,.44214398,.44035375
36047088400,.41727316,.42034382,.41864014
36047088600,.42957214,.43275529,.43098867
36047088800,.48668608,.49001169,.48809502
36047089000,.44770965,.45087838,.4491061
36047089200,.43213642,.43523294,.43350303
36047089400,.4369517,.4400456,.43833953
36047089600,.54602438,.54942453,.54749089
36047089800,.44333512,.44646376,.44471097
36047090000,.42931885,.43242031,.43066037
36047090200,.57352614,.57695365,.57497227
36047090600,.69574094,.69933206,.69733584
36047090800,.70220083,.70572162,.70381057
36047091000,.66455567,.66802222,.66608024
36047091200,.63879538,.64225888,.64032018
36047091600,.512079,.51538461,.51351827
36047091800,.65682316,.66028857,.65835255
36047092000,.69967425,.70320916,.70122325
36047092200,.61352527,.61696869,.61506164
36047092400,.62316686,.62663108,.62468702
36047092800,.49073219,.49402988,.49219835
36047093000,.51209807,.51543379,.51351607
36047093200,.44033301,.44358474,.44178402
36047093400,.44412827,.44734156,.44545892
36047093600,.46585834,.46915609,.46728015
36047093800,.48422837,.48754781,.48563287
36047094401,.4302614,.43348327,.43169969
36047094402,.44761884,.45092008,.449076
36047094600,.4454098,.44865173,.4468109
36047095000,.42230001,.42552096,.42371136
36047095400,.57758236,.58121347,.57915825
36047095600,.58037132,.58400452,.58204371
36047095800,.53179049,.53519517,.53331554
36047096000,.48038185,.48362774,.48179519
36047096200,.72268999,.72653502,.72433424
36047096400,.72301239,.72673905,.72473538
36047096600,.62355959,.62721074,.62524807
36047096800,.62040567,.62392509,.62201625
36047097000,.49612278,.49935961,.49753839
36047097400,.62830031,.63178945,.62997216
36047098200,.6243248,.62779564,.62595499
36047098400,.70400274,.70761824,.70574069
36047098600,.68724084,.69070828,.68890256
36047098800,.68891627,.69242924,.69060612
36047099000,.6686734,.67219055,.67035437
36047099200,.64089465,.6444819,.64253974
36047099400,.66491389,.66865724,.66659772
36047099600,.55071998,.55422342,.55229247
36047099800,.54111809,.54460341,.54267085
36047100400,.55826038,.56175643,.55985856
36047100600,.61271095,.61632836,.6143623
36047100800,.42946056,.43258941,.43087018
36047101000,.66450572,.66813362,.66621065
36047101200,.63564539,.63916779,.63735783
36047101400,.66501015,.6685828,.66670132
36047101600,.71773577,.72156489,.71963561
36047101800,.67533994,.67906928,.67709512
36047102000,.66841644,.67199063,.67013443
36047102200,.63417619,.63778007,.63583875
36047102400,.61066949,.61430806,.61231196
36047102600,.57084477,.57439256,.57243776
36047102800,.51155877,.51505584,.51316345
36047103400,.59923822,.602916,.6010114
36047105801,.55946386,.56306684,.56117249
36047105804,.5700289,.57353419,.57168233
36047107000,.47102505,.47499573,.47301257
36047107800,.51307571,.51637912,.51465023
36047109800,.67511654,.67864501,.67673063
36047110400,.66707081,.67050362,.66877818
36047110600,.47771806,.48095295,.47925353
36047111000,.51357436,.51684147,.51508409
36047111600,.55045402,.55379814,.55207133
36047111800,.56578708,.5691663,.56736326
36047112000,.59185338,.59526515,.59344733
36047112200,.56208354,.56545126,.56361872
36047112400,.58148271,.5848614,.58301067
36047112600,.63326699,.63668185,.63478684
36047112800,.65570354,.65908289,.65723801
36047113000,.64358735,.64702815,.64513087
36047113200,.68593502,.68941045,.68749243
36047113400,.70743346,.71095747,.70908034
36047114201,.65538293,.6588341,.65695745
36047114202,.5437479,.54715341,.54523265
36047114400,.55976069,.56314212,.56124485
36047114600,.55070591,.55408096,.55221069
36047115000,.56294978,.56633127,.56446391
36047115200,.52311015,.52640188,.52458787
36047115600,.6218406,.62523854,.62337244
36047115800,.53807312,.54140544,.53957337
36047116000,.55863154,.56198883,.56012595
36047116200,.55765408,.56102586,.55918825
36047116400,.54727656,.55063665,.54882145
36047116600,.55580008,.55915362,.55729246
36047116800,.5763216,.57979703,.57789469
36047117000,.55584443,.55928516,.55737507
36047117201,.58083028,.58429182,.58235443
36047117202,.57884943,.58232087,.58036381
36047117400,.57729834,.58070016,.57879329
36047117601,.60634065,.60981202,.60787755
36047117602,.59740281,.60089892,.59895742
36047117800,.56736207,.57075381,.56887364
36047118000,.61000371,.61338758,.6115607
36047118201,.54482424,.5481832,.54627329
36047118202,.53807414,.54138732,.5395124
36047118400,.55512524,.55852318,.55665231
36047118600,.50594008,.50924081,.50743937
36047118800,.51739597,.520679,.51886833
36047119000,.51515937,.51846725,.51665902
36047119200,.51886821,.52218354,.52035618
36047119400,.51649392,.51980144,.51797336
36047119600,.53441513,.53774202,.53591388
36047119800,.60382468,.60727108,.60535169
36047120000,.53025049,.53358126,.53175628
36047120200,.53492618,.53825736,.53643203
36047120800,.516348,.51966572,.51787174
36047121000,.52451074,.52781308,.52604187
36047121400,.5173533,.5206514,.51890635
36047122000,.51158154,.514907,.51313996
36047123700,.91136873,.91534138,.91331363
36047150200,.64377069,.64730036,.64537162
36047152200,.43836549,.44146001,.43974352
36061000100,.43385249,.4369722,.43532056
36061000201,.44610605,.44917107,.44738981
36061000202,.5081104,.51139975,.50945014
36061000500,.43737602,.44049785,.43876427
36061000600,.44899195,.4520807,.45028797
36061000700,.45178798,.45488077,.45309442
36061000800,.48660237,.48972225,.48790944
36061000900,.4676325,.470752,.4689534
36061001001,.49930665,.5025357,.50063992
36061001002,.49647245,.49967974,.49781656
36061001200,.48319805,.48631331,.48447388
36061001300,.50680399,.50997877,.50816262
36061001401,.46144214,.46453547,.46272254
36061001402,.47661644,.47971815,.47789443
36061001501,.42551965,.4285599,.42681026
36061001502,.44738477,.45048106,.44869533
36061001600,.52101743,.52424729,.5223434
36061001800,.47011653,.47320867,.47139674
36061002000,.53298438,.53622127,.53438139
36061002100,.47380295,.47689801,.47512183
36061002201,.47403407,.4771471,.4753083
36061002202,.47099191,.4741441,.47227919
36061002400,.57157338,.5748443,.57292223
36061002500,.47461045,.47777724,.47596914
36061002601,.54743224,.55075526,.5488351
36061002602,.54138303,.54463315,.54276133
36061002700,.49228406,.49547407,.49361223
36061002800,.66749579,.67099166,.66898614
36061002900,.51952732,.52272582,.52087915
36061003001,.47385782,.47697115,.47513649
36061003002,.51842201,.52160239,.51970184
36061003100,.52959287,.53278828,.53092897
36061003200,.60187292,.60521078,.60325891
36061003300,.45845264,.4614774,.45975089
36061003400,.67186397,.6753037,.67328167
36061003601,.53220189,.53538191,.53351039
36061003602,.52778149,.53093398,.529073
36061003700,.47227997,.47536021,.47359586
36061003800,.54523945,.54838955,.54653299
36061003900,.44990739,.4529492,.45118871
36061004000,.61424947,.61754549,.61561644
36061004100,.52497828,.52816045,.5263344
36061004200,.56522226,.5684104,.56653106
36061004300,.49169353,.49473983,.49297482
36061004400,.65129864,.65474033,.6527946
36061004500,.47944656,.48250544,.48075464
36061004700,.47307235,.47613782,.47439706
36061004800,.61945868,.62276489,.62079525
36061004900,.47102094,.4740448,.47229281
36061005000,.58879822,.59203833,.590114
36061005200,.53547657,.53860545,.53675246
36061005400,.51667929,.51972842,.51794219
36061005501,.49732113,.5003776,.49858934
36061005502,.49985722,.50291836,.50113189
36061005600,.50931948,.51240325,.51055211
36061005700,.54291207,.54603004,.54417062
36061005800,.5260731,.52915728,.52732474
36061005900,.52913916,.53225535,.53040326
36061006000,.60842448,.61183822,.60982871
36061006100,.55358315,.55674493,.55486214
36061006200,.53320873,.5365113,.53461188
36061006300,.49500462,.49802214,.49625707
36061006400,.58632839,.5896225,.58761942
36061006500,.50497198,.50803769,.50622821
36061006600,.61075878,.61414731,.612095
36061006700,.52719951,.53031164,.52850282
36061006800,.59441292,.59767538,.59568417
36061006900,.4991034,.50220311,.50042796
36061007000,.64095771,.64440596,.64230657
36061007100,.4889048,.49192768,.49017197
36061007200,.62356848,.62691295,.62488627
36061007300,.4932223,.49625698,.4945105
36061007400,.61435735,.61771268,.61570442
36061007500,.46971509,.47270542,.47098285
36061007600,.57969165,.58293843,.58102298
36061007700,.53290367,.53601706,.53421533
36061007800,.72935188,.73291749,.73077953
36061007900,.54085356,.54400814,.54219282
36061008000,.74333674,.74689949,.74484408
36061008100,.51278508,.51585132,.51405907
36061008200,.66484004,.66830587,.6662541
36061008300,.55278587,.55593711,.55409884
36061008400,.66483939,.66825187,.66625071
36061008601,.75264925,.75624979,.75411469
36061008602,1.0186009,1.0227137,1.0204713
36061008603,.73570794,.73930669,.73723185
36061008700,.52636349,.52946019,.52766621
36061008800,.74858189,.75216228,.75008535
36061008900,.55033833,.55349612,.55166721
36061009000,.71663779,.7201488,.71806252
36061009100,.55861378,.56176198,.55993915
36061009200,.73735404,.74089938,.73878276
36061009300,.57758188,.58077401,.57891279
36061009400,.66416502,.66760236,.66554397
36061009500,.59103578,.59429872,.59245229
36061009600,.67305577,.67652792,.67446387
36061009700,.55117297,.55435109,.55252337
36061009800,.74548483,.74911559,.74704278
36061009900,.56006563,.56333762,.56147504
36061010000,.71555895,.71905869,.71699417
36061010100,.5714097,.57461631,.57278359
36061010200,.71398878,.71760982,.715496
36061010300,.57761651,.58086091,.57899332
36061010400,.71352661,.7171151,.71499169
36061010601,.71842802,.72198474,.71988404
36061010602,.64724654,.65064514,.64859265
36061010800,.72276402,.72628188,.72418654
36061010900,.64045191,.64384389,.6419071
36061011000,.63052303,.63385463,.63180447
36061011100,.59104693,.59431481,.5924238
36061011201,.64320803,.64659649,.64453971
36061011202,.64938605,.65279472,.65072942
36061011203,.64217293,.64551318,.6434474
36061011300,.66943407,.67286122,.6709004
36061011401,.61800283,.62137681,.61932588
36061011402,.65163028,.65501726,.65296113
36061011500,.65917271,.66259718,.66061306
36061011600,.67304462,.67650211,.67442274
36061011700,.62057239,.62402272,.62206709
36061011800,.60927403,.61256039,.6105485
36061011900,.67085606,.67429054,.67229611
36061012000,.6267705,.63010597,.62808204
36061012100,.6400907,.64347136,.64152038
36061012200,.6006943,.60399842,.6020031
36061012400,.59265894,.59599769,.59398973
36061012500,.61094975,.61427653,.6123172
36061012600,.623245,.62659067,.62454712
36061012700,.64963889,.65307522,.65107977
36061012800,.63013524,.63346183,.63144225
36061012900,.55556333,.55886799,.55693436
36061013000,.5995568,.60292745,.60090637
36061013100,.67267215,.6761868,.67413497
36061013200,.59816974,.60149902,.59948653
36061013300,.66418123,.66760713,.66559112
36061013400,.63553619,.63889337,.6368981
36061013500,.6441772,.6475637,.64561927
36061013600,.64039677,.64376628,.64182937
36061013700,.64594716,.64932966,.64734596
36061013800,.63840902,.64175487,.63977009
36061013900,.61402798,.61730528,.61534989
36061014000,.64947742,.65278304,.65082639
36061014200,.61508536,.61840081,.61642718
36061014300,.69138622,.695059,.69308949
36061014401,.66437155,.66772789,.66577458
36061014402,.66035742,.66369891,.66172767
36061014500,.6128521,.61611438,.61417818
36061014601,.64604282,.6493746,.64738363
36061014602,.63890982,.64226007,.6402657
36061014700,.57117462,.57437885,.57248783
36061014801,.66202462,.66534674,.66339034
36061014802,.65933919,.6626904,.6606887
36061014900,.6234715,.62678564,.62485504
36061015001,.62404752,.62735248,.62537909
36061015002,.62174469,.62507439,.62308002
36061015100,.59125876,.59450662,.59258121
36061015200,.6040079,.60729694,.60536397
36061015300,.5876025,.59087545,.58899152
36061015400,.6254729,.62875128,.62679362
36061015500,.5845809,.58781922,.58590466
36061015601,.63285077,.63616848,.63421464
36061015602,.59979236,.6030612,.60110295
36061015700,.58788645,.5911476,.58926833
36061015801,.61503923,.6183126,.61633134
36061015802,.62963176,.63297117,.63094962
36061015900,.583722,.58699721,.58506149
36061016001,.55895925,.56219625,.56023204
36061016002,.60542732,.60874331,.60678655
36061016100,.58507025,.58831745,.58644336
36061016200,.59760565,.60086155,.59894198
36061016300,.58628321,.58952796,.58762997
36061016400,.59711856,.60037601,.5984695
36061016500,.5596503,.56284922,.56100774
36061016600,.61836481,.62167466,.61967009
36061016700,.60425913,.60753584,.60565603
36061016800,.57591212,.5791589,.57725543
36061016900,.57429528,.57753146,.57567525
36061017000,.58385783,.58709204,.58522522
36061017100,.59219909,.59544075,.59360874
36061017200,.61131084,.61458367,.61262774
36061017300,.56250989,.56571954,.56388402
36061017401,.54558301,.54878801,.546929
36061017402,.54597473,.5491702,.54730117
36061017500,.58980775,.59305251,.59117997
36061017700,.57512605,.57836139,.57648927
36061017800,.57922208,.58241677,.58056939
36061017900,.59469533,.5979721,.59607649
36061018000,.57927978,.58246839,.58058918
36061018100,.57722962,.5805065,.57861203
36061018200,.59600103,.59924072,.59732848
36061018300,.58906555,.59237683,.5904749
36061018400,.5371083,.54028499,.53842717
36061018500,.56420529,.56747788,.56555897
36061018600,.56228304,.56548703,.56364524
36061018700,.59653604,.59982264,.59791887
36061018800,.55916536,.56233394,.56050479
36061018900,.58127749,.58459198,.58266515
36061019000,.55872715,.56194901,.56011856
36061019100,.57521272,.5784626,.57658523
36061019200,.63427007,.63748276,.63571727
36061019300,.61343062,.61678147,.6148932
36061019400,.63225991,.63549066,.63367742
36061019500,.58459723,.58790672,.58598351
36061019600,.62756765,.63081622,.62891555
36061019701,.55333376,.55654055,.55473852
36061019702,.5806306,.58394027,.58207512
36061019800,.58575559,.58894193,.58713311
36061019900,.58396256,.58721542,.58533889
36061020000,.54407763,.54723859,.54546392
36061020101,.58027649,.58352554,.58169556
36061020102,.57286322,.57613885,.5742985
36061020300,.58074892,.58402205,.58220422
36061020500,.55876827,.56204307,.56014442
36061020600,.58016014,.58337212,.58153379
36061020701,.57209706,.57533741,.57352066
36061020800,.54643589,.54959494,.54779762
36061020901,.57378936,.57707381,.57522231
36061021000,.55937064,.56258392,.56078428
36061021100,.59753048,.60086113,.59900618
36061021200,.55817962,.56140989,.55959064
36061021303,.5705294,.57379043,.57193339
36061021400,.55450821,.55771542,.55597234
36061021500,.60076988,.60409415,.6022054
36061021600,.56009543,.56333566,.56150079
36061021800,.56154132,.56480157,.56296718
36061021900,.58754933,.59088337,.58901858
36061022000,.57538164,.57861924,.5768218
36061022102,.57755977,.58087969,.57907045
36061022200,.57969165,.58292735,.58113229
36061022301,.5992232,.60257256,.60072029
36061022302,.59295011,.59627742,.59442294
36061022400,.58561593,.58891225,.58710116
36061022500,.55279171,.55607331,.55428535
36061022600,.53613549,.53931934,.53755605
36061022700,.57425022,.57755125,.57569098
36061022800,.54637289,.54960191,.5478344
36061022900,.57655132,.57990706,.57806468
36061023000,.54102999,.54427934,.54250765
36061023100,.5918138,.59513831,.59327978
36061023200,.5411135,.54433745,.54258549
36061023300,.5398646,.54318589,.54135454
36061023400,.55726677,.56049854,.55874026
36061023501,.55899179,.56229854,.5605005
36061023502,.57093495,.57423127,.57241422
36061023600,.5551185,.55835223,.55659044
36061023700,.52847844,.53177112,.52997953
36061023801,.68386948,.68738544,.68528211
36061023802,.79137874,.79515147,.79294491
36061023900,.54001927,.54332691,.54152036
36061024000,.70812678,.71171713,.70995152
36061024100,.54563701,.54898185,.54720074
36061024200,.64157176,.64480472,.64296865
36061024301,.57344145,.57680953,.57501823
36061024302,.55004144,.55329633,.55150759
36061024500,.56611657,.56948102,.56763911
36061024700,.57425791,.57764709,.57588279
36061024900,.54568738,.54900134,.54722869
36061025100,.60396755,.60736775,.60554886
36061025300,.55569422,.5590117,.55722064
36061025500,.58229744,.5857119,.58391035
36061025700,.57531625,.57859075,.57675022
36061025900,.57584417,.57911223,.57729602
36061026100,.57880598,.58218658,.58045101
36061026300,.57550293,.57884479,.57707691
36061026500,.5823642,.58574939,.58397859
36061026700,.52241111,.52567601,.52393866
36061026900,.56548607,.56880075,.56706285
36061027100,.56337976,.56669867,.56495428
36061027300,.5739733,.57733464,.57554543
36061027500,.57586312,.57923543,.57742661
36061027700,.56569952,.56904149,.56726801
36061027900,.5722084,.57557553,.573789
36061028100,.57648921,.57987577,.57807183
36061028300,.55636799,.55967009,.55792189
36061028500,.51714891,.52039707,.51865464
36061028700,.60555297,.60900825,.60716379
36061029100,.55060112,.55390739,.55216467
36061029300,.50395781,.50716746,.505458
36061029500,.55182308,.55512273,.55336839
36061029700,.48669574,.49037361,.48841327
36061029900,.5357675,.53902757,.53731203
36061030300,.49533868,.49857759,.4968816
36061030700,.4771657,.48032534,.4786647
36061030900,.5312053,.53456932,.53279144
36061031100,.52781284,.53148562,.52958488
36061031703,.46663105,.46972066,.46793419
36061031704,.48595375,.48908466,.48726594
36061031900,.45092121,.45405972,.4523052
36081000100,.93520951,.9392556,.93700743
36081000200,.5930438,.59646511,.59456515
36081000400,.55133075,.55469191,.55281079
36081000600,.52358162,.52694321,.52509367
36081000700,1.2981064,1.3023713,1.3000276
36081000800,.50519133,.50845325,.50667125
36081001000,.53428686,.5376122,.53576279
36081001200,.54201692,.54534924,.54346728
36081001400,.53548002,.53875959,.53690803
36081001600,.51033276,.51358688,.51180029
36081001800,.57562786,.57901639,.57713902
36081001900,.92584032,.92981195,.92756045
36081002000,.52203691,.52528846,.5234766
36081002200,.49505067,.4982549,.49646464
36081002400,.54399776,.54729283,.54543078
36081002500,.85107714,.85478991,.85254931
36081002600,.50373411,.50694716,.50511867
36081002800,.53787482,.54118073,.53931701
36081003000,.51539493,.51868784,.51687038
36081003100,.89090812,.89479929,.89256656
36081003200,.47884285,.48202699,.48027396
36081003300,.89727557,.90118212,.89890599
36081003400,.49191028,.49514329,.49333036
36081003600,.48295733,.48619556,.48435494
36081003700,.94533026,.94926453,.94721919
36081003800,.48662525,.48982072,.48805797
36081003900,1.1052053,1.1093541,1.1070604
36081004001,.46278682,.46592802,.46420103
36081004002,.46011519,.4632456,.46153843
36081004200,.5556041,.55899537,.55710721
36081004300,.84510428,.84897637,.8467111
36081004401,.52794045,.53128767,.52945435
36081004500,.95095587,.95494646,.95267725
36081004700,.87326699,.87716794,.87494117
36081005000,.55240297,.55578399,.55397654
36081005100,.93246806,.93649638,.93423867
36081005200,.45447677,.45765334,.4558903
36081005300,.85263455,.85653055,.85429251
36081005400,.43066454,.43374765,.43204957
36081005500,.88734084,.89140046,.88909793
36081005700,.91853392,.92250717,.92026395
36081005800,.43958408,.44273674,.4410519
36081005900,.88135433,.88528287,.8830483
36081006100,.90344918,.90736979,.9051196
36081006201,.51640701,.51975715,.51802438
36081006202,.49724948,.50046372,.49882179
36081006300,.91109049,.91498673,.91282737
36081006501,.88626409,.89001048,.88798201
36081006502,.87067091,.87438214,.8723532
36081006900,.81851017,.82218325,.82011878
36081007100,.91675794,.92063642,.91844171
36081007300,.90541101,.90925312,.90709507
36081007500,.89292657,.89681393,.8945626
36081007700,.8386116,.84245318,.84018493
36081007900,.88190567,.88587099,.88360739
36081008100,1.3055955,1.3100395,1.3076651
36081008300,1.1096754,1.1138463,1.1117051
36081008500,1.046077,1.0501583,1.0478488
36081008600,.51535487,.51860356,.51684856
36081008700,1.0915232,1.0956826,1.0935116
36081008800,.5065906,.50994766,.50818288
36081009100,1.249635,1.2539654,1.251752
36081009400,.50212348,.50540721,.50361705
36081009500,.78619993,.78986156,.78778958
36081009600,.52481627,.52812171,.52632725
36081009700,.8542999,.85800672,.85596102
36081009800,.52024341,.52355707,.52170777
36081009900,.78418899,.78788698,.78599262
36081010000,.49266121,.49588454,.4940975
36081010100,.91981918,.92368937,.92160034
36081010200,.55626416,.55960441,.55781364
36081010300,.88434553,.88818121,.88606024
36081010400,.56524515,.5686484,.56679952
36081010500,.87175268,.87563205,.8733964
36081010600,.52700585,.53035182,.52849722
36081010800,.54666281,.5499956,.54820669
36081011000,.55044961,.55378234,.55200952
36081011100,.89245129,.89625216,.89409065
36081011200,.54316401,.5464983,.54470742
36081011300,.89307952,.8968513,.89472818
36081011400,.50831687,.51157999,.50980437
36081011500,.884354,.88813877,.88599324
36081011600,.55987537,.56322694,.56140512
36081011700,.88692117,.89071208,.88861775
36081011800,.58865821,.59202749,.59024501
36081011900,.87920928,.88280803,.88084316
36081012000,.55521023,.55853915,.5567221
36081012100,.9265011,.93018371,.92821801
36081012200,.60367203,.6071502,.60518491
36081012301,.7809158,.78451645,.78254926
36081012400,.65729845,.6607998,.65889531
36081012500,.90464997,.90834606,.9063651
36081012601,.64993095,.65342629,.65151232
36081012602,.54284906,.54616338,.54429495
36081012800,.65291297,.65639704,.65449476
36081013000,.69085228,.69444633,.69250345
36081013200,.67635864,.68000722,.67801189
36081013400,.69337177,.69699419,.69503498
36081013500,.76060092,.76413023,.76211756
36081013600,.76935667,.77319133,.77114177
36081013700,.79380381,.79732978,.79538232
36081013800,.80906165,.81300521,.81083286
36081014000,.7188015,.72252476,.72051793
36081014100,.81519461,.81884432,.81686938
36081014201,.78306687,.78686476,.78479683
36081014202,.81387156,.81775284,.81563556
36081014300,.75826997,.76186931,.75982952
36081014400,.64830917,.65184391,.64991021
36081014500,.87813246,.88198715,.87991178
36081014700,.87027597,.87418163,.87200201
36081014800,.71963847,.72336113,.72136772
36081014900,.87526917,.87924516,.87700701
36081015000,.72177923,.72544169,.72347224
36081015100,.90604663,.91010022,.90782624
36081015200,.74126565,.74494517,.74303532
36081015300,.90395534,.90795308,.90569687
36081015400,.65067339,.65415025,.65229654
36081015500,.89129806,.89532089,.89305443
36081015600,.57150972,.57486165,.57305408
36081015700,.88659054,.89058518,.88831115
36081015801,.61486602,.61827761,.61642361
36081015802,.50708115,.51030922,.50853741
36081015900,.90573525,.90974939,.90746421
36081016100,.89905608,.90305787,.90078616
36081016300,.89235204,.89637685,.89411509
36081016400,.51961809,.52287334,.52107555
36081016600,.52544999,.52872336,.52695596
36081016800,.56830323,.57165599,.56992495
36081016900,.91324848,.9172281,.91502953
36081017000,.62086678,.62439519,.62255651
36081017100,1.0059087,1.0099096,1.0078474
36081017200,.68613172,.68985605,.68797767
36081017400,.71140575,.71521026,.71322227
36081017600,.73073047,.73465025,.73261178
36081017800,.69292235,.69680613,.69477522
36081017900,.9514432,.95542938,.95317757
36081018000,.65998799,.66388333,.66182101
36081018101,.9303323,.93435538,.93210232
36081018102,.95087731,.95490682,.9526726
36081018200,.63358086,.63750654,.63542956
36081018300,.93710887,.94112384,.93893242
36081018401,.60342264,.60733235,.60518432
36081018402,.61763388,.62155175,.61939198
36081018501,.95330077,.95741999,.95519674
36081018502,.94862366,.95262963,.95044595
36081018600,.63139141,.63510561,.63310492
36081018700,.98144221,.98551309,.98327696
36081018800,.52517462,.52851713,.52668464
36081018900,.95579016,.95997512,.95770514
36081019000,.59031582,.59389478,.59191787
36081019200,.71395612,.71779299,.71567667
36081019400,.67920756,.68290448,.68081152
36081019600,.68119013,.68487459,.68283916
36081019800,.6878556,.69148731,.68951476
36081019900,.88277346,.88686037,.88467568
36081020200,.69460666,.69831371,.69631958
36081020400,.69530529,.69893754,.69687986
36081020500,.86562371,.86963594,.86757743
36081020600,.6742714,.67788279,.67583728
36081020800,.68881238,.69241095,.69037563
36081021200,.68307048,.68671995,.68470317
36081021400,.72236133,.72616482,.72398853
36081021600,.77277708,.77663338,.77440977
36081021900,.84616858,.85002166,.84803426
36081022001,.76050472,.7643373,.76224065
36081022002,.70868182,.71250319,.71036673
36081022900,.87401861,.87794274,.87590253
36081023000,.67072642,.67433399,.67223608
36081023200,.76438129,.76816452,.76604861
36081023500,.93050444,.93452692,.93239093
36081023600,.72936881,.73308539,.73093855
36081023800,.67856467,.68204534,.68005443
36081024000,.72055519,.72417247,.72215152
36081024300,.88491917,.88896286,.88672912
36081024500,.93179655,.93592894,.93366373
36081024600,.50640821,.5097903,.5077306
36081024700,.90476412,.90875912,.90653145
36081024900,.89795148,.90189755,.89967382
36081025100,.8618198,.86575627,.8635205
36081025301,.88348138,.88737726,.8851676
36081025302,.87023449,.87411147,.87188995
36081025400,.74835432,.7521556,.749924
36081025500,.8460989,.85002816,.84782851
36081025700,.85680366,.86068106,.85851115
36081025800,.73383969,.73776692,.73539364
36081025900,.85793686,.86189538,.8596403
36081026000,.73852867,.74232614,.74018204
36081026100,.836164,.840065,.83783394
36081026200,.75026613,.75415707,.75195956
36081026300,.82610238,.82989943,.82774138
36081026400,.6995762,.70344102,.70117271
36081026500,.87434304,.87820613,.87596536
36081026600,.74600601,.74993885,.74768937
36081026700,.86470568,.8685379,.86628306
36081026901,.83444631,.83825064,.83606195
36081026902,.81747842,.82127964,.8191365
36081027000,.74117815,.74500692,.74281216
36081027100,.84016263,.84396291,.84178442
36081027200,.76529026,.76921451,.76698786
36081027300,.85981834,.8636058,.86143816
36081027400,.75384903,.75796032,.75561261
36081027500,.79917467,.80293691,.80082041
36081027600,.7225318,.7265867,.72427094
36081027700,.83772433,.84154463,.8394106
36081027800,.69582868,.69974411,.6974715
36081027900,.84931648,.85316324,.85099554
36081028000,.7460342,.74998069,.74772978
36081028100,.85927701,.86312544,.86092019
36081028200,.71518874,.71909851,.716851
36081028300,.85245425,.85630524,.85409242
36081028400,.63746321,.64130425,.63915169
36081028500,.82582593,.82962644,.82745045
36081028700,.85492891,.85876763,.85657609
36081028800,.69020867,.69460022,.69214404
36081028900,.85204923,.85586202,.85362983
36081029100,.8482964,.85218465,.84995127
36081029300,.84864986,.8525399,.850362
36081029400,.6616087,.66583496,.66354132
36081029500,.90265739,.90668166,.90444434
36081029700,.8911252,.89510721,.89291668
36081029900,.80038476,.8040868,.80228966
36081030600,.63153851,.63574398,.63352036
36081030902,.8459357,.84983456,.84765875
36081030903,.79173875,.79551685,.79340959
36081030904,.73965609,.74331224,.7413922
36081031700,.82254773,.82626563,.82427663
36081032000,.56724024,.57158315,.56919074
36081032700,.81980622,.8237167,.82158911
36081032800,.46729648,.47053304,.46865246
36081032900,.66978264,.6732834,.67135835
36081033000,.57617784,.57976413,.57771415
36081033100,.67340863,.67707199,.67526662
36081033401,.56081074,.56435943,.56232142
36081033402,.52016318,.52370846,.52161634
36081033700,.79827356,.80217135,.80002761
36081033900,.84361255,.84753549,.84537256
36081034700,.68835855,.69192624,.6899848
36081035100,.7886306,.79237425,.79030782
36081035200,.63828421,.64204693,.63993728
36081035300,.85223603,.85613877,.85402685
36081035700,.7232967,.72693348,.72491658
36081035800,.55243826,.55595148,.55394006
36081036100,.90589654,.90992653,.90770066
36081036300,.86623597,.87009251,.86786449
36081036500,.85727024,.86111319,.8589164
36081036600,.59390831,.59752846,.59552646
36081036700,.81314778,.81702435,.81484997
36081036800,.66665119,.67031062,.66827673
36081037100,.80402684,.80786997,.80567551
36081037300,.76785374,.77152079,.7694447
36081037500,.90459937,.90852344,.90630263
36081037600,.59936476,.6030578,.60101962
36081037700,.89286274,.89678252,.89458036
36081037900,.89510566,.89905953,.89678144
36081038100,.89164734,.89551842,.89331913
36081038302,.87958109,.88371879,.88133538
36081038400,.60534894,.60927534,.60700899
36081039400,.54339582,.54685783,.54490632
36081039800,.60423642,.60784543,.60586721
36081039900,.88270026,.88649988,.88431841
36081040000,.64173937,.64553392,.64338142
36081040100,.91647112,.92027932,.91809249
36081040200,.63349485,.63721478,.63510776
36081040300,.90778273,.91153431,.90936381
36081040400,.64935148,.65296298,.65089792
36081040500,.94674736,.95056361,.94842207
36081040700,.98336679,.98734379,.98507333
36081040900,.97655165,.9804579,.97824138
36081041100,.92960715,.93364668,.93141818
36081041300,.94804722,.95214999,.94983715
36081041400,.72484905,.7287128,.72638655
36081041500,.966748,.97085994,.96851099
36081042400,.65288901,.65677291,.65457618
36081042600,.46473825,.46816084,.46624276
36081042700,.97980964,.98397744,.98158216
36081043200,.64079463,.64458215,.64242172
36081043400,.66281462,.66666955,.66440809
36081043701,.82656085,.83061218,.82828331
36081043702,.79654038,.80052197,.79831016
36081043900,.91401386,.91813862,.91572857
36081044000,.50413632,.50747478,.50547105
36081044301,.93675029,.94101435,.93857354
36081044302,.83457124,.83859968,.83638
36081044400,.66856563,.6723392,.67016447
36081044601,.69645172,.70019794,.69793141
36081044602,.63850951,.64206749,.63991225
36081044800,.70749676,.71124297,.70898294
36081045000,.70959997,.71337759,.71118158
36081045200,.67793405,.68166506,.67944252
36081045400,.7238878,.72759342,.72545123
36081045500,.81995839,.82396036,.82165372
36081045600,.71603239,.71985334,.71765691
36081045700,.82544959,.82941461,.82707453
36081045800,.72728801,.7310816,.72892845
36081045900,.81554055,.81946045,.81720257
36081046000,.7330941,.73678428,.73465109
36081046100,.8734467,.87735999,.87505865
36081046200,.74360943,.74748397,.7453084
36081046300,.88712347,.89098942,.88875979
36081046400,.75468922,.75849044,.75634074
36081046500,.82874691,.83246243,.83033264
36081046600,.76311773,.76696038,.76475489
36081046700,.79832852,.80207634,.79992127
36081046800,.78211486,.78601468,.78385043
36081046900,.83438092,.8381263,.83597481
36081047000,.76002479,.7640264,.76182723
36081047100,.8559441,.85985756,.85755265
36081047200,.74315423,.74710691,.74492919
36081047300,.86242157,.86634052,.86410511
36081047500,.87757874,.8816278,.87930965
36081047600,.6761499,.6801008,.67798579
36081047800,.60929728,.61304182,.61092758
36081047900,.882177,.88626808,.88396263
36081048000,.58807135,.59164363,.58957928
36081048100,.86085391,.8646571,.86246276
36081048200,.7012254,.70513618,.70292819
36081048300,.87367243,.87748921,.87526774
36081048400,.62633353,.63003969,.6279242
36081048500,.85284406,.85674131,.85453999
36081048900,.75697166,.76076955,.75870275
36081049200,.65031493,.65418994,.65199924
36081049301,.80923963,.81300342,.81092918
36081049302,1.0008364,1.0049115,1.0025673
36081049500,.90085208,.90484607,.90261286
36081049600,.57771349,.5814175,.57928437
36081049700,.93059218,.9347558,.9323563
36081049900,.80507255,.8090148,.80676949
36081050000,.54807663,.5513981,.54943669
36081050201,.5760898,.5794791,.57748377
36081050202,.50478971,.50806296,.50618619
36081050400,.5843941,.58787543,.58586466
36081050500,.83085132,.83473575,.83251762
36081050600,.70652878,.71050203,.70820749
36081050700,.65038919,.65393651,.65200937
36081050800,.66808122,.67190552,.66970813
36081051000,.61700249,.62067991,.61851889
36081051100,.95405298,.95804447,.95594561
36081051200,.59333301,.59727228,.59505123
36081051300,.95043373,.95449162,.95227516
36081051500,.9874658,.99147379,.98935676
36081051600,.69352829,.69774711,.69527292
36081051700,.90990508,.91375148,.91173911
36081051800,.67582524,.67981839,.67742884
36081052000,.71106279,.71516037,.71278787
36081052100,.94283801,.94688892,.94485867
36081052200,.68664259,.69050205,.68831861
36081052400,.68928814,.69313157,.69098532
36081052500,.88501281,.88898647,.88699615
36081052600,.66735399,.67122,.66900235
36081052800,.65013498,.65394485,.65180075
36081053000,.69680977,.70081794,.69849181
36081053100,.98385227,.98797327,.98593718
36081053200,.69029164,.69431579,.69191515
36081053401,.63360626,.6375649,.63522285
36081053500,.86901724,.87294078,.87085354
36081053601,.57028782,.57409441,.57195318
36081053800,.59538603,.59946883,.59710848
36081053900,.83298695,.83681989,.83471757
36081054000,.56194764,.56545621,.56345022
36081054200,.60790956,.61161399,.60951602
36081054500,.84719092,.85092211,.84893084
36081054700,.81764936,.82130945,.81936902
36081054800,.63145137,.63546765,.63324428
36081054900,.82302183,.82674354,.82474494
36081055100,.81704813,.82075375,.81876451
36081055200,.63028479,.63420987,.63205618
36081055300,.83074361,.83448011,.83249187
36081055400,.42458066,.42791927,.42600721
36081055500,.81875569,.82244921,.82043755
36081055600,.59378254,.59769559,.59556442
36081055700,.83432269,.83805043,.83606094
36081055800,.40440309,.40765175,.40575147
36081055900,.8357119,.83934373,.83736694
36081056000,.4958415,.49936607,.49733514
36081056100,.56172019,.56509805,.56323737
36081056200,.47735912,.48082748,.47888559
36081056400,.45183414,.4554024,.45341107
36081056500,.82228708,.82592922,.8239792
36081056600,.44366616,.44714984,.4451828
36081056700,.77436876,.77804804,.7760672
36081056800,.4665522,.46985602,.46786046
36081057700,.79355145,.79722679,.79529428
36081057900,.74984729,.75345218,.75159699
36081058000,.48621222,.4897761,.4878059
36081058100,.89571291,.89948922,.89760745
36081058200,.53546286,.5392741,.53708768
36081058300,.79400015,.7976408,.79572445
36081058500,.82781792,.8314358,.82965291
36081058700,.79185402,.795452,.79365432
36081058900,.75421375,.75775611,.75589794
36081059000,.61057699,.61445272,.61226916
36081059100,.91183972,.91571182,.91374731
36081059200,.57674313,.58052015,.57840842
36081059300,.76659632,.77026969,.76843184
36081059400,.56192029,.56584233,.56365842
36081059500,.919083,.92314076,.92123795
36081059600,.59077132,.59478581,.59253985
36081059800,.57092142,.57484329,.57261103
36081059900,.98078251,.98494065,.98286235
36081060000,.61424583,.61848575,.6161238
36081060100,.94398379,.948048,.94605792
36081060300,.89413571,.89813721,.89618707
36081060600,.54886585,.55266243,.55050957
36081060701,.74193621,.74556017,.74365669
36081060800,.62144661,.62552023,.62317097
36081061000,.56398171,.56787318,.56564164
36081061200,.6177932,.62203127,.61968344
36081061301,.94114602,.94514477,.94318467
36081061400,.67370147,.67813575,.67564023
36081061601,.63794315,.64221722,.63982606
36081061602,.63817549,.64231169,.63992548
36081061800,.70302409,.70726323,.704862
36081061900,.78347015,.78718829,.78520757
36081062000,.67287928,.67718601,.67478448
36081062100,.82058781,.82446778,.82236505
36081062200,.76566315,.77045745,.76778412
36081062300,.65629804,.65972269,.65784967
36081062400,.45367214,.45703068,.45508885
36081062500,.60410988,.60752505,.60565686
36081062600,.73224676,.73676085,.7342068
36081062700,.73590928,.73949289,.73757958
36081062900,.6445632,.64797568,.64614081
36081063000,.63478696,.63871396,.63641608
36081063200,.68222129,.68635356,.68403733
36081063301,.63553047,.63895583,.63705862
36081063302,.75974524,.76336789,.76140094
36081063500,.73826861,.74190205,.74001753
36081063700,.72523963,.72898662,.7268886
36081063800,.54223549,.54578787,.54372531
36081063900,.67043161,.67392862,.67206967
36081064101,.6266923,.63017893,.62830782
36081064102,.64583874,.6493206,.64745605
36081064500,.66600108,.66959071,.66748756
36081064600,.54470307,.54830265,.54620779
36081065000,.51005608,.51344991,.51147616
36081065400,.44048685,.4436439,.4417811
36081065600,.41484374,.41805571,.41618884
36081065702,.79686451,.80060476,.79861569
36081065703,.70057678,.70425546,.70227814
36081065900,.83108294,.83490753,.83290839
36081066000,.52037454,.52427095,.52215934
36081066100,.84052122,.84438479,.84241718
36081066300,.85464442,.85874403,.85655534
36081066400,.52994406,.53509718,.53232682
36081066501,1.1576253,1.1619536,1.1595865
36081066701,.85342121,.85735857,.8552506
36081066900,.92570841,.92976177,.92748964
36081067100,.72140312,.7250849,.72307819
36081067700,.82179749,.82565773,.82354772
36081067900,.78990936,.79369706,.79151398
36081068000,.56016266,.56382531,.56174988
36081068200,.5721904,.5756892,.57369787
36081068300,.84137785,.84524155,.84300733
36081068700,.8387484,.84259963,.84036416
36081069000,.50322163,.50691491,.50488174
36081069300,.8498112,.85378009,.85149169
36081069400,.58063555,.58531219,.58278644
36081069500,.8322916,.83621609,.83396506
36081069701,.84434742,.84827811,.84605992
36081069702,.75888467,.76258898,.76041448
36081070300,.76808947,.77177298,.76967657
36081070700,.81470346,.81852603,.81632107
36081070900,.82178354,.82552636,.82336235
36081071100,.83964109,.84331799,.84114766
36081071303,.82549202,.82924515,.82706475
36081071304,.83905208,.84294927,.84066427
36081071305,.82080096,.82448173,.82229996
36081071306,.84236741,.84623742,.84394848
36081071600,.40096754,.40470922,.4026314
36081071701,.83778411,.8417508,.83943021
36081071702,.83319068,.83710247,.83480632
36081071900,.8127389,.81654119,.81427807
36081072100,.82447088,.8283155,.82608879
36081072300,.8091222,.81279844,.81063163
36081072900,.8058567,.80959904,.80739629
36081073100,.79353917,.79742301,.79519653
36081073700,.80633974,.81001097,.80784261
36081073900,.82957983,.83330643,.83114958
36081074100,.82690513,.83069187,.82854199
36081074300,.77109534,.77482438,.77266616
36081074500,.76259261,.76644409,.76424742
36081074700,.76338881,.76717627,.76497865
36081074900,.78434229,.78808832,.7859264
36081075701,.82443941,.82820225,.82607794
36081075702,.81715506,.82088709,.81872988
36081076901,.81341892,.81713867,.81497824
36081076902,.80913073,.81290722,.81075418
36081077300,.78973782,.79350704,.79137373
36081077500,.73601544,.73974729,.73757851
36081077902,.77245378,.77627146,.77415085
36081077903,.77579367,.77971506,.77754134
36081077904,.69238997,.69626188,.6940546
36081077905,.73359919,.7375046,.73532665
36081077906,.76531643,.76911557,.76706505
36081077907,.67176032,.67561376,.67344475
36081077908,.60309649,.60674196,.6046524
36081078800,.64301932,.64725846,.64494753
36081079000,.57567871,.57943308,.5774051
36081079200,.58581185,.58971238,.58756381
36081079300,.59679806,.60030377,.59837049
36081079701,.83750665,.84139681,.83928883
36081079702,.85851002,.86245537,.8603453
36081079900,.79676056,.80081278,.79856241
36081080301,.77162957,.77562189,.77339029
36081080302,.63588989,.63953692,.637483
36081080900,.65558863,.65925479,.65714419
36081081400,.45402694,.45741421,.45557094
36081081800,.50946987,.51302218,.51112556
36081083700,.89449084,.8988474,.89663821
36081083800,.54205775,.54557604,.54378355
36081084000,.50401568,.50748563,.50563359
36081084500,.89249527,.89644134,.89439714
36081084601,.42722929,.43038821,.42868999
36081084602,.44484603,.44835949,.44649422
36081084900,.86694664,.87073183,.86866987
36081085300,.89692837,.90072864,.8986811
36081085500,.91231942,.91621166,.91415715
36081085700,.87466663,.87857252,.87654793
36081085900,.87249231,.87638175,.8743093
36081086100,.84554553,.84927881,.84734499
36081086300,.81039929,.8140893,.81213903
36081086400,.45291048,.45613712,.45442101
36081086500,.90872037,.91271478,.91068375
36081086900,.89617181,.90008825,.89810181
36081087100,.89958787,.90348178,.90140241
36081088400,.44512767,.44835851,.44661179
36081088901,.80963212,.81377697,.81157005
36081089200,.50684118,.51040924,.50852084
36081090700,.82696933,.83133733,.82896739
36081091601,.36029565,.36382467,.36192882
36081091602,.39513135,.3984662,.3966186
36081091800,.40107217,.40444076,.40259808
36081091900,.88375401,.88803297,.8859368
36081092200,.39392287,.39708701,.39529508
36081092500,.85079163,.85512149,.85281473
36081092800,.36964232,.37275711,.37102014
36081092900,.9054147,.90995967,.90755284
36081093401,.38074949,.38391834,.38214853
36081093402,.39471883,.39789206,.39610922
36081093800,.45842469,.46183413,.45996672
36081093900,.70181739,.70577347,.70355439
36081094201,.42467204,.42789429,.42606765
36081094202,.43593973,.43922466,.43739402
36081094203,.45621872,.45957345,.45765907
36081094500,.58070064,.58430982,.58240825
36081094700,.72394526,.72789389,.72579169
36081095400,.50107712,.50455654,.50262451
36081096400,.50573266,.5092814,.50734639
36081097202,.51505947,.51865911,.51671422
36081097203,.46207258,.46570146,.46371263
36081097204,.50077277,.50432992,.50238514
36081097300,.57766217,.58125544,.57932377
36081098100,.68217301,.68634194,.68423092
36081098700,.77154267,.77571023,.77372718
36081099100,.64720523,.65095192,.64895308
36081099200,.49562961,.49910364,.49721533
36081099701,.63882637,.6425398,.64047563
36081099703,.68784523,.69172752,.68974847
36081099704,.67422867,.67799848,.67612398
36081099705,.66684681,.67059773,.66858464
36081099801,.52191639,.52550614,.52362144
36081099802,.50147033,.50502133,.50312507
36081099900,.51421523,.51771402,.51602912
36081100801,.44333237,.44700384,.44505185
36081100802,.48402643,.48764393,.48574638
36081101001,.47541565,.47911221,.47718012
36081101002,.42940134,.43313202,.43114191
36081101700,.54277122,.54626435,.54441208
36081102900,.68508881,.68885946,.68686187
36081103201,.47771263,.48138547,.47943747
36081103202,.44190782,.44548088,.44368064
36081103300,.80542541,.80947286,.80751258
36081103900,.69883698,.70264202,.70072711
36081104700,.75795031,.7618072,.75981474
36081105900,.76910567,.77315497,.77117264
36081107201,.47666174,.47991329,.47806722
36081107202,.44001848,.44345081,.44160783
36081108500,.76563382,.76959932,.76772922
36081109300,.80765343,.81178051,.80966079
36081109700,.78510696,.78911293,.78709769
36081109900,.84816372,.8523277,.85042524
36081111300,.79433644,.79831702,.79635143
36081112300,.78835195,.79227364,.79031074
36081112900,.78252554,.7864126,.78441679
36081113300,.65683007,.66054523,.65869629
36081113900,.74657786,.75057578,.74846148
36081114100,.7953971,.79979908,.79757607
36081114700,.77974677,.78372401,.78178942
36081115100,.73737633,.74129188,.73938811
36081115500,.70925164,.71297461,.71110362
36081115700,.77419651,.7780931,.77613604
36081115900,.71013129,.713853,.71192521
36081116100,.83098733,.83492744,.83292502
36081116300,.79292381,.79673123,.79472101
36081116700,.85166728,.85564089,.85377204
36081117100,.73304915,.73690343,.7349298
36081117500,.83334291,.83729821,.83531189
36081118100,.87759221,.88182342,.87986004
36081118500,.8011744,.80503297,.80305147
36081118700,.88098431,.885167,.88319933
36081118900,.79914588,.80295193,.80106866
36081119100,.71585286,.71955431,.71760887
36081119300,.80680192,.81062329,.80866742
36081119500,.71243769,.71628237,.71422744
36081119900,.81163812,.81557858,.81351185
36081120100,.82600552,.82995301,.827847
36081120300,.83811057,.84204084,.83997524
36081120500,.86879373,.87271953,.87068355
36081120700,.75189447,.75577861,.75378758
36081121100,.5605098,.56404245,.56217682
36081121500,.76954019,.77358717,.77140039
36081122300,.72961223,.73350465,.73138887
36081122701,.77285719,.77668488,.77454221
36081122702,.79583716,.7996887,.79757422
36081124100,.570602,.5742408,.57212579
36081124700,.70151711,.70550859,.70336175
36081125700,.5707581,.57435024,.57220972
36081126500,.70257032,.70647919,.70421344
36081126700,.75187874,.7559523,.75370204
36081127700,.56647491,.57017434,.56814265
36081128300,.62874448,.63273108,.63059628
36081129102,.7278778,.73236358,.73010349
36081129103,.63419312,.63841271,.63616514
36081129104,.57451504,.57856107,.57646346
36081130100,.58826023,.59251583,.59030157
36081133300,.6297636,.63366449,.63159025
36081133900,.70107198,.70512271,.70295203
36081134100,.68378401,.6877377,.68560374
36081134700,.75180823,.75618255,.7539289
36081136700,.53664351,.54032958,.5383389
36081137700,.57069075,.57458687,.57247061
36081138501,.84720415,.8520062,.84959096
36081138502,.48730093,.49091321,.48896855
36081139900,.7909165,.79544663,.79318035
36081140300,.80024731,.80473119,.8025372
36081140901,.61591077,.61958611,.61761522
36081140902,.71524847,.719082,.71710509
36081141700,.76902634,.77303016,.77094245
36081142900,.78030437,.78435457,.78232193
36081143500,.74729085,.75120503,.74919319
36081144100,.74788535,.75178117,.74986029
36081144700,.41661882,.41965181,.41790324
36081145101,.7550053,.75908351,.75708032
36081145102,.84371555,.84795696,.84582883
36081145900,.7589519,.76286387,.76087427
36081146300,.67317176,.67695773,.67501986
36081146700,.73325431,.73702168,.73500061
36081147100,.6145972,.61817545,.61623776
36081147900,.80824876,.81301427,.81081772
36081148300,.84337032,.84772491,.84547555
36081150701,.67982,.6838299,.6816591
36081150702,.53979522,.54371512,.54173887
36081152901,.43028149,.4336471,.43178663
36081152902,.44480127,.44872063,.44659621
36081155101,.50289714,.50683343,.50471908
36081155102,.69113982,.6970973,.69421363
36081156700,.66372216,.66864371,.66631418
36081157101,.61707699,.62163699,.61932445
36081157102,.61922157,.62362862,.62127846
36081157901,.65439016,.65949774,.65695262
36081157902,.69241804,.69774461,.69519198
36081157903,.56104994,.5654797,.56327903
36081161700,.57512939,.5791682,.57704437
36081162100,.64676058,.6509887,.64876521
36081990100,.38838661,.39166567,.38986143
36085000300,.40818557,.4117952,.40983915
36085000600,.36444777,.36802179,.36613262
36085000700,.3902877,.39394397,.39206859
36085000800,.37676507,.38011631,.3783035
36085000900,.30203348,.30553654,.30372667
36085001100,.31269369,.3164174,.3145535
36085001700,.29972333,.30328572,.30140442
36085001800,.29572058,.29875338,.2970674
36085002001,.40579423,.40902838,.40719926
36085002002,.43147829,.43477204,.43294203
36085002100,.27397299,.27739096,.27557188
36085002700,.37107217,.37480223,.3728717
36085002900,.36804843,.37185541,.3698644
36085003300,.31752473,.32125151,.31920189
36085003600,.37702236,.38037953,.37853405
36085003900,.29900074,.30282259,.3007375
36085004000,.36765879,.37126684,.36938152
36085004700,.34236759,.34605312,.34403569
36085005000,.40874124,.41237932,.41037694
36085005900,.30015606,.30394161,.30193666
36085006400,.398866,.4021883,.40036917
36085006700,.25954971,.26334968,.26138872
36085007000,.33337659,.33684984,.33491573
36085007400,.39384684,.39760426,.39560884
36085007500,.24757478,.25098106,.24912718
36085007700,.26450169,.26796299,.26615718
36085008100,.31365487,.31734836,.31553954
36085009601,.38971102,.39310944,.39127594
36085009602,.36656678,.37002885,.36817521
36085009700,.29706752,.30063647,.29883462
36085010500,.25520355,.25884861,.2569145
36085011201,.35376567,.35708356,.35523555
36085011202,.3441228,.34755698,.3456549
36085011401,.37442809,.37787467,.37601045
36085011402,.32552317,.32888219,.32711291
36085012100,.2980355,.30161607,.29966009
36085012200,.33123356,.3348614,.33295473
36085012500,.28889781,.29259694,.29067779
36085012804,.33633327,.33980221,.33789688
36085012805,.3319028,.33530623,.33344853
36085012806,.33639288,.33970994,.3379412
36085013201,.29637098,.29973251,.2979103
36085013203,.30455208,.30818549,.30636466
36085013204,.32805526,.33142239,.32963723
36085013301,.35220963,.35625878,.35413665
36085013302,.28948566,.29320231,.29131371
36085013400,.34437585,.34785891,.34602544
36085013800,.27720365,.28048933,.27874002
36085014100,.30748382,.31144524,.30933863
36085014604,.2749151,.27856573,.27676708
36085014605,.2374267,.24066353,.23899715
36085014606,.30617544,.30966944,.30800718
36085014607,.30493128,.30871373,.30680269
36085014608,.3042855,.30801839,.30609819
36085014700,.3643229,.36795762,.36598068
36085015100,.34006715,.34420013,.34198797
36085015400,.26667884,.27053434,.26855344
36085015601,.3300193,.33385211,.33195156
36085015602,.31800014,.32178694,.31996295
36085015603,.32611799,.32992589,.32804364
36085016901,.36818916,.37188226,.36985523
36085017005,.2870014,.29088712,.28907397
36085017007,.32249588,.32666951,.32471687
36085017008,.32040572,.3246038,.32269603
36085017009,.32259157,.32698849,.32488784
36085017010,.24551454,.24931329,.24745956
36085017011,.27836519,.28201133,.28028494
36085017012,.24199292,.24523552,.24356945
36085017300,.44194001,.44564581,.44365782
36085017600,.27162063,.27513602,.27344036
36085017700,.38149965,.38530889,.3832376
36085018100,.23155168,.23493613,.23303521
36085018701,.40831345,.41212437,.41005516
36085018702,.39190829,.39556122,.39355296
36085018901,.37870884,.38325441,.38074714
36085018902,.25103757,.25451082,.25264028
36085019700,.31206837,.31575111,.31380051
36085019800,.20478523,.20818751,.20664772
36085020100,.28041553,.28403133,.28214329
36085020700,.24690306,.25053984,.24859399
36085020801,.24688369,.25042048,.24870607
36085020803,.22482756,.2285461,.22675487
36085020804,.2396619,.24334988,.24159469
36085021300,.23484445,.23831275,.23645443
36085022300,.31674036,.32100949,.31884158
36085022600,.18804601,.19277132,.19067404
36085022800,.24387547,.24822898,.24590573
36085023100,.25445765,.25832683,.25635213
36085023900,.32324219,.32745713,.32530236
36085024401,.18976817,.19315772,.19160652
36085024402,.18491931,.18845877,.1868546
36085024700,.26724839,.27098933,.26904935
36085024800,.21778284,.22209522,.22028823
36085025100,.2501834,.25399727,.25190645
36085027301,.26312387,.2669645,.26466608
36085027302,.25613225,.25987518,.25782716
36085027702,.25413629,.25901371,.25644588
36085027704,.26589596,.27010414,.26782939
36085027705,.38149464,.38520736,.38313073
36085027706,.4125486,.4161914,.41416511
36085027900,.23771816,.24143244,.23941293
36085029102,.19457445,.19980113,.19699147
36085029103,.32263398,.32657385,.32444394
36085029104,.26430446,.26727557,.26568982
36085030301,.25543219,.25845832,.25676873
36085030302,.29667014,.3007648,.29875576
36085031901,.24532583,.24902984,.24718727
36085031902,.28190762,.28547138,.28373402
36085032300,.25862139,.26250327,.26072159
