id,d_res_p95,d_res_p5,d_res_mean,d_real_rent_ratio_p95,d_real_rent_ratio_p5,d_real_rent_ratio_mean,real_rb_mean,real_ra_mean
1,17.14999999999999,-29.099999999999998,-6.55,0.5748953540819987,0.08015271577730305,0.31019224311139554,4433.5299985391775,4447.266929023698
2,7.1499999999999915,-50.05,-21.95,0.41522974176484395,0.1530300546457476,0.28437266343939865,1669.1955678654144,1673.9410767552433
3,16.049999999999997,-31.0,-7.47,0.5544062976372164,0.07285411254515492,0.3160142924399299,2751.899651687459,2760.591482013307
4,6.049999999999997,-30.150000000000002,-12.5,0.4386451010568938,0.015598011044622136,0.23505653503350948,2234.918515219884,2240.166193416735
5,11.0,-22.0,-6.59,0.5857068651433465,-0.031191034771946735,0.2566402102191641,3486.733010538878,3495.670931514087
6,11.099999999999994,-40.05,-12.84,0.4904599352556487,0.07749179544066341,0.28403750761437974,2578.4256599889077,2585.740872289056
7,6.099999999999994,-29.0,-11.33,0.45565673099826426,0.05500475557988268,0.24839718856145424,2762.481144467794,2769.3382428772875
8,9.049999999999997,-33.05,-9.34,0.5029632373966425,0.02607723132819051,0.2851882456038513,2525.3088721017734,2532.499078578189
9,3.0,-65.25,-29.16,0.3971587041331571,0.14043170838926203,0.27567281174912195,1710.7465910192698,1715.4619073654526
10,11.099999999999994,-57.050000000000004,-22.86,0.4404651023719024,0.07936655164038076,0.26337524746175106,2022.8449244586682,2028.1723849876478
11,16.049999999999997,-39.199999999999996,-14.24,0.49033517590576453,0.10383262047935998,0.28436503970637905,2284.1304296007174,2290.6221399974675
12,5.1499999999999915,-63.15,-27.89,0.3981570004446533,0.15114077947104357,0.27987611732180706,1632.9743681856567,1637.5443233843093
13,12.099999999999994,-37.0,-11.64,0.4775228889599146,0.13149230596848135,0.3071970033697776,2825.237549505464,2833.9087858246044
14,25.19999999999999,-33.05,-6.11,0.5423013981189365,0.18111931758303407,0.3596180547412655,2825.445163776423,2835.6059966201515
15,14.049999999999997,-43.05,-14.55,0.4812548376987905,0.14581061419698352,0.30718488666982263,2463.764034749797,2471.3305988566403
16,28.099999999999994,-27.25,-0.66,0.6406672185142341,0.3053216750248983,0.45750654790946044,2444.183000664371,2455.36272700935
17,25.14999999999999,-60.0,-18.72,0.4990181460192837,0.2127102144434691,0.346785598230344,2160.2254678193367,2167.715726535866
18,23.049999999999997,-29.099999999999998,-5.19,0.5741229100019616,0.18671769357289925,0.36270432501703653,3636.052928678361,3649.241775830122
19,22.099999999999994,-32.05,-3.98,0.6919321921066457,0.07252816779100765,0.37859371431593863,3627.3422002268676,3641.0658266353958
20,17.049999999999997,-32.1,-5.02,0.5709693162473428,0.12489962006473226,0.3620583102402953,3102.532548939925,3113.768323120746
21,17.049999999999997,-63.099999999999994,-22.91,0.4596616594278729,0.21114866314368308,0.3351679132582375,1774.9270377202465,1780.8759738866204
22,19.19999999999999,-47.3,-15.48,0.5193348565255117,0.11205790480725124,0.3022085778383009,2339.137828972527,2346.205492447689
23,13.049999999999997,-39.05,-10.51,0.4992334910051407,0.07196260029908766,0.3088861010579857,2465.336305895567,2472.946061676262
24,13.099999999999994,-49.050000000000004,-17.77,0.47195367098956204,0.11970678816661168,0.29384071884042917,1529.1049286907473,1533.5969057499126
25,9.049999999999997,-22.05,-4.28,0.5709118334679245,-0.04495453314613813,0.30644849053839346,4025.0665942296478,4037.384611299818
26,24.0,-59.05,-17.31,0.5120910368071742,0.2644844423358411,0.393908947300975,1255.396078240578,1260.3402425028562
27,12.0,-58.25,-27.21,0.4402860145631343,0.18640636917419073,0.29926978151740696,1472.4404778996864,1476.846959309507
28,11.049999999999997,-51.15,-15.48,0.4537531682214062,0.18540278675247415,0.33668057069990454,2198.52468162131,2205.9239038699134
29,32.0,-53.1,-16.87,0.5182721068523068,0.24904173263851842,0.3619670339118308,1958.023325204003,1965.1094518521304
30,17.099999999999994,-30.0,-6.86,0.5388767310887619,0.19028137659897182,0.3548229848380444,3093.3939360416575,3104.3718177365517
31,17.049999999999997,-31.0,-5.78,0.590038557345743,0.08425784674172208,0.3483370613399582,3880.7869912517167,3894.3125228123818
32,26.049999999999997,-26.15,-0.2,0.7071851466776411,0.17684559589679347,0.44316251990499056,3890.5112792137575,3907.735518337631
33,35.099999999999994,-22.3,5.96,0.8221650808259803,0.3253080873374608,0.5630898562127159,3328.726751914693,3347.464814239413
34,29.19999999999999,-14.05,4.51,1.0466747015569884,0.28042903667834645,0.6345351397722993,4689.246390198782,4718.967268941109
35,46.0,-22.1,12.39,0.8374484361441531,0.4166772304452973,0.6370693312090938,3009.798994794114,3028.9714309977157
36,42.05,-23.05,7.75,0.8046608735826494,0.4295210186704147,0.6042107290707945,2608.273321358734,2624.032223214329
37,64.05,-9.0,25.07,1.240343894403524,0.6892866322648168,0.9410803645101955,2971.2543149139465,2999.203251480547
38,29.099999999999994,-22.1,3.02,0.7602795615017429,0.3769812826754112,0.5577943856002011,2882.3447110976585,2898.421865758301
39,35.05,-30.0,1.82,0.6744845730707073,0.34916310460296573,0.5021462303042953,2363.3266328272357,2375.1928554241495
40,17.049999999999997,-26.049999999999997,-3.85,0.6406175728714406,0.1888209330451814,0.3937563077253935,3470.5799114110287,3484.2427671704595
41,28.099999999999994,-48.0,-10.88,0.6075631944014838,0.157010829847197,0.3635259034778831,2441.391950041056,2450.2681352943832
42,23.14999999999999,-48.05,-14.53,0.5079265445402288,0.23579160626476153,0.36812742811962873,1713.3242687845686,1719.6300921129655
43,22.099999999999994,-34.05,-2.52,0.6483641604851094,0.20891573976528902,0.44825444815264304,2567.631080886978,2579.1439552024326
44,18.049999999999997,-26.0,-3.43,0.6440409177874836,0.1302186074449097,0.4050236648138415,3323.498080762717,3336.955889776412
45,11.0,-61.199999999999996,-22.46,0.4222387068788356,0.1098234470919708,0.2831709964949197,2086.445665233466,2092.3505991478687
46,48.099999999999994,-17.049999999999997,16.83,1.0150191865376814,0.4930747711682562,0.7721644182520055,3242.340309207554,3267.373180942831
47,15.149999999999991,-45.5,-16.36,0.471133064662803,0.14609457483489308,0.3084288934285454,2037.2448500741775,2043.528381201658
48,8.099999999999994,-18.0,-3.71,0.6390524426824984,0.002374574039467766,0.341162424509504,3159.3003774190975,3170.067426740954
49,16.099999999999994,-28.05,-6.92,0.5670972450780496,0.10011178728718217,0.3268103765883859,3247.1444551483673,3257.743060293563
50,18.049999999999997,-49.050000000000004,-15.51,0.49836435035886106,0.13067158615188587,0.3227975523694834,1977.5287147512695,1983.9094289330897
51,7.099999999999994,-10.05,-0.72,1.0061392683702963,-0.3141887724701167,0.4476007424078782,6180.263645793014,6208.039276230714
52,18.049999999999997,-25.0,-3.36,0.7108499961817379,0.10571015390295446,0.40706839808815176,3067.1762371331906,3079.6663467166036
53,14.049999999999997,-26.099999999999998,-5.03,0.5983743564135046,0.11861946152383726,0.374392366574029,2321.9926561900365,2330.6823268355683
54,25.099999999999994,-29.049999999999997,-3.9,0.6495819236739335,0.19246721565076944,0.39490376880503153,2695.4619070076715,2706.103946507286
55,11.049999999999997,-17.049999999999997,-1.85,0.7149681677507637,0.1694523890901276,0.430645108301653,3566.2925079731704,3581.6445469558944
56,14.049999999999997,-30.05,-6.52,0.5749547325397916,0.07088204507181964,0.3504361927932526,2759.2899242921635,2768.948580590812
57,20.099999999999994,-23.05,-2.4,0.7277030059829948,0.21328087780824162,0.4554830039737066,2713.4951248898974,2725.856006776406
58,27.249999999999986,-26.449999999999996,-1.13,0.6891760977712851,0.3022042365441743,0.47815291049799874,1722.314378646604,1730.5483354665387
59,20.099999999999994,-18.0,0.27,0.7169039635942147,0.2634082324764275,0.4823763171167464,2406.0392729463856,2417.63380532448
60,19.0,-32.0,-5.02,0.5653311038185198,0.19350378396951168,0.3975163699453734,1939.3861421534266,1947.0953604952026
61,20.14999999999999,-36.0,-7.72,0.620155991979399,0.2172205163160217,0.4067463100715479,2487.627398654231,2497.7448240850235
62,20.0,-30.150000000000002,-5.52,0.6276942353614555,0.16519020538933918,0.39552637011159275,2741.876454301686,2752.7238581579013
63,15.049999999999997,-22.1,-4.13,0.6247533713747201,0.1163880731346529,0.36383964131041086,2248.856131232084,2257.0395130769116
64,17.0,-24.1,-3.29,0.642407308761263,0.1802749626613822,0.4184927545649471,2805.202197312287,2816.9473452210264
65,15.049999999999997,-23.05,-1.44,0.670978219556683,0.08860181506731217,0.42360441110999497,3074.482855871395,3087.5081088471784
66,22.049999999999997,-33.05,-7.99,0.602576066926702,0.17506085636138166,0.37021638501352633,2413.9549114114175,2422.888768866995
67,21.099999999999994,-22.05,-2.64,0.6805091464619487,0.16346785657773305,0.3930734950014047,2628.503975347086,2638.833968258108
68,14.099999999999994,-26.0,-4.33,0.6772088945973394,0.09599302871302204,0.38545106714526844,3311.652534777158,3324.4140668448113
69,12.099999999999994,-26.049999999999997,-6.36,0.5854224412121807,0.11723908317865413,0.3546984353807274,2628.2577364308713,2637.577525266771
70,17.049999999999997,-18.0,0.21,0.7488770077278573,0.13169246861120906,0.4575556440416239,3918.012746345526,3935.93684537078
71,24.0,-19.05,-0.62,0.7376625097251657,0.26337212643426855,0.4659013035715758,3553.262634647169,3569.8181894011714
72,23.049999999999997,-26.049999999999997,-1.19,0.7233063502792314,0.17691440644122575,0.4478896688287312,3078.4503297199026,3092.2316773488083
73,23.099999999999994,-33.1,-4.48,0.6406951301569741,0.1843489737074815,0.42294578038026354,2233.1545445953025,2242.5990367681907
74,18.0,-24.1,-4.08,0.6710392192385614,0.10362626894838023,0.37171346787463555,2779.2234422896577,2789.5556067648977
75,23.099999999999994,-25.0,-2.25,0.6604036255573,0.25854877815262756,0.44505705747995794,2892.749174961952,2905.624667048254
76,13.049999999999997,-24.05,-3.63,0.6625929727765596,0.0310091999541582,0.36101248316632906,3696.8863414967313,3710.252685262454
77,20.049999999999997,-33.05,-6.14,0.5925663091474423,0.15700672283647998,0.380022978092185,2397.5036070890123,2406.6117951336983
78,17.049999999999997,-27.1,-4.58,0.6092472909689459,0.15815526886023343,0.37933781425821694,2789.0039139594355,2799.5799696322865
79,23.0,-44.050000000000004,-10.56,0.5728566226587729,0.11922902202139271,0.34887823292682846,1937.4025950345697,1944.1592359080094
80,17.049999999999997,-26.0,-2.28,0.6765673227569456,0.19332452212875273,0.44575700440888727,2651.8855993537295,2663.7052209930175
81,13.049999999999997,-23.05,-6.41,0.5785506562934882,0.1383120262350467,0.34417723430462244,2769.6671881863995,2779.2030530192255
82,29.099999999999994,-27.05,-2.39,0.6950741108872104,0.29603597635056966,0.4832282390636981,1740.9050495883287,1749.3151827524423
83,22.049999999999997,-29.25,-2.9,0.7354880059878619,0.16674608142917224,0.44682523810766583,2591.2628165334227,2602.8412880717256
84,23.0,-20.0,0.81,0.8828156641705744,0.3136176454494757,0.5736235721074785,2565.960529351403,2580.6729098702917
85,20.0,-39.15,-8.54,0.5980359463177158,0.08284973457920747,0.35632980307715034,1990.7218660411888,1997.8105296398885
86,15.449999999999974,-22.05,-1.46,0.6266585393693853,0.2303256075960737,0.43216972776753526,3035.863111009271,3048.9811692018034
87,11.049999999999997,-19.0,-2.66,0.7175370136229748,0.10506563826799038,0.4196654636671606,3720.1702879757377,3735.7958856747196
88,9.0,-6.0,0.44,2.1304324235051855,-0.17589710717918017,0.8596724270805601,10422.625143885567,10512.043799380288
89,5.099999999999994,-6.05,-0.6,1.4276535018905343,-0.4874905759838533,0.42465253285514354,8835.029382244344,8872.437281160015
90,19.14999999999999,-31.15,-6.15,0.5552806913848871,0.15559316131891773,0.37626195744467356,2578.8298318589846,2588.531914881444
91,36.05,-36.0,-4.83,0.5916836838365505,0.2801774201249747,0.4164623677165372,2374.0920662643343,2383.9775859150973
92,28.049999999999997,-25.099999999999998,0.59,0.6632162723099116,0.2293133077956106,0.4412684182565884,2779.881577977098,2792.150437139579
93,15.049999999999997,-20.0,-1.18,0.6846411600295439,0.12682195437032465,0.41454038395336135,4362.238893100866,4380.322252137097
94,25.19999999999999,-33.3,-2.16,0.5648110791277806,0.25164676904622046,0.4222643548824111,2641.7723774431893,2652.922217639291
95,33.0,-23.1,-0.32,0.6521345380964976,0.28581368837766313,0.44294939321485605,3161.925066066172,3175.9285199367146
96,50.05,-60.6,-1.91,0.5385582378994952,0.3017157810586026,0.43436210027479016,1721.5114353823894,1728.9883329702116
97,52.05,-37.0,7.6,0.5970719532283002,0.3085738404429296,0.4516087894836914,2578.6359377561334,2590.281243982885
98,53.14999999999999,-34.099999999999994,4.33,0.6797607084166329,0.2782696464399216,0.45749732489206885,2764.103526010635,2776.746411260751
99,46.0,-28.25,10.82,0.6894639873961828,0.31526396248617444,0.516040516507137,2906.4064912221174,2921.4014013792907
100,35.05,-23.0,8.45,0.6769926436796719,0.29805107267472597,0.49762502901802214,3897.0479795095707,3916.431611220407
101,55.0,-19.2,14.47,0.808120603840706,0.4216490302452178,0.5891292903838824,3105.3640893454217,3123.6562855213137
102,38.099999999999994,-14.45,8.62,0.6626551716520609,0.377892818477426,0.5144687663540621,3028.0688304340283,3043.649843606777
103,24.0,-23.05,1.18,0.6454745706777505,0.2388839932466741,0.45156859275692385,4168.155432532256,4186.967997842728
104,29.249999999999986,-26.099999999999998,-1.44,0.6178216871370701,0.27123240083006983,0.4227159922569326,3344.82582515406,3358.9599558834616
105,39.14999999999999,-37.1,-0.19,0.5742531886384106,0.2876538981122474,0.42156655243231816,2714.159255062104,2725.600524009353
106,22.099999999999994,-26.199999999999996,-2.87,0.531822730049924,0.2395063609823532,0.3836473927785506,3480.190886958285,3493.541878329034
107,27.0,-31.1,-4.62,0.5569925308723565,0.17699254112605708,0.3586443141632084,3344.052430554036,3356.043640822519
108,23.0,-33.05,-2.97,0.5767897937905468,0.15663665910198793,0.3851880651849935,3672.6544770893347,3686.7977718308607
109,31.049999999999997,-45.15,-5.88,0.5704838162102834,0.2265948834131777,0.39043147477699836,2530.926361112456,2540.8041885523317
110,71.0,-29.15,24.52,0.7578323939848217,0.419795775557404,0.6113686478803271,2241.6844685055207,2255.388588430722
111,54.19999999999999,-28.05,14.53,0.6831963608718061,0.41337272440827333,0.553255724805991,2132.3637190020263,2144.1602746781323
112,38.19999999999999,-25.049999999999997,8.03,0.7317168491901509,0.34228721068003176,0.5417045361259757,2934.16366356992,2950.0545311240808
113,34.14999999999999,-38.0,2.17,0.7127194886796024,0.24120252893892846,0.4976334035596722,2966.833054051151,2981.5945220446374
114,30.14999999999999,-38.050000000000004,-4.85,0.5833570122945632,0.2375326775017792,0.40386430054517247,2093.347294688618,2101.799519546242
115,26.0,-44.050000000000004,-9.23,0.5368167179314408,0.24963681192895557,0.39089990229875254,2107.905133570561,2116.1425986686054
116,41.05,-17.049999999999997,10.88,0.6985400592688258,0.38990707966817545,0.5531668056713392,3044.4600121687695,3061.2990308788962
117,23.099999999999994,-20.0,1.27,0.700265867179345,0.2139302384391293,0.45900913651167,3992.3794398714504,4010.699317288169
118,7.049999999999997,-6.05,0.46,1.5805462470174274,-0.37143912463223494,0.602692453615173,9265.555615635389,9321.220356214917
119,32.099999999999994,-18.0,6.63,0.9876630543807199,0.44857683699657397,0.7127443227915611,2396.4805882836413,2413.5472685603927
120,21.249999999999986,-20.05,1.7,0.9712588045087361,0.2924748356154014,0.6351779683029213,2668.7842266484836,2685.737990737569
121,20.049999999999997,-17.099999999999998,-0.03,0.9944714292895965,0.276022998848525,0.6063023215874045,2467.2034634381776,2482.15971939167
122,25.0,-21.0,1.2,0.9353127809511458,0.2999311083955926,0.618268671880329,1959.1371959230346,1971.2453863422484
123,31.0,-17.2,5.92,1.0670377922830614,0.42955803955892413,0.7396139342512136,2686.152147175285,2706.0118479494067
124,21.049999999999997,-15.05,1.48,0.9931184032978696,0.3246514968908676,0.6222417948730551,3003.4959434935868,3022.1645792476247
125,34.05,-26.049999999999997,5.57,0.9155758882316436,0.42540599351721536,0.6684099935177602,1798.972330075066,1810.9959660483619
126,12.099999999999994,-26.0,-6.17,0.5831019379122143,0.14274104261654125,0.3697534729645848,1802.6930302464168,1809.3541689718156
127,16.049999999999997,-31.05,-9.4,0.5708004833616268,0.08653469961993748,0.3062142853991775,1859.6523718103276,1865.342560778139
128,16.249999999999986,-35.0,-8.75,0.5455152358434536,0.06794350995369074,0.3157004439784378,1571.93790256272,1576.9011658485385
129,81.05,-19.25,39.63,1.0053429688400857,0.6475035835450074,0.8454988106926988,1761.5520481821438,1776.4456197639122
130,44.05,-23.25,11.76,1.2329283284568413,0.4924770462023065,0.8939979329416927,3095.5549850606053,3123.2200054704526
131,51.05,-15.399999999999999,13.25,1.2385332587457636,0.6444100466938818,0.9205118077140606,2266.9603099501705,2287.827401621629
132,79.0,-13.049999999999999,27.68,1.1200131141104397,0.679454118552554,0.8748183331902785,2078.399871235655,2096.5798988295633
133,59.05,-17.2,21.38,1.3563151063412937,0.7973022564438481,1.0714426075573347,2119.7259791704632,2142.4342832884654
134,64.0,-20.0,24.39,1.2808880041093396,0.7371275308315879,1.0353817227539943,2156.824833938189,2179.153964771429
135,38.0,-10.149999999999999,10.26,1.4252521625241195,0.6511717544131519,0.9871212121873799,2647.411244977807,2673.542442998231
136,59.0,-7.05,25.03,1.410062637415725,0.8940390266918294,1.134140923619108,2466.8694675193906,2494.846395827769
137,50.05,-16.05,17.56,1.524112755165091,0.7239154997967674,1.1382846248345297,3512.042533600947,3552.0063830278036
138,41.05,-15.0,12.31,1.6186564412429676,0.6303813013946657,1.1328111557962413,3481.9625164612617,3521.374877267385
139,114.39999999999998,-7.199999999999999,60.77,1.2731889573025938,0.8310006939939083,1.0840789917770102,1836.6287165515664,1856.536798665748
140,76.39999999999998,-13.049999999999999,33.83,1.207256911634998,0.7644095125053142,0.9979925021514413,2246.4738997958993,2268.8913732524684
141,58.0,-12.299999999999999,26.04,1.6831559674930134,0.9686441136055728,1.3712355797467937,2684.7380208735367,2721.550095758132
142,153.04999999999998,15.75,81.79,2.384257452323777,1.719530598988462,2.050718359403999,2437.2035313557803,2487.180807247573
143,22.049999999999997,-18.049999999999997,3.67,0.9939923926739056,0.34410420250591284,0.6894195471673581,2026.395601989607,2040.3569284818632
144,41.05,-30.0,5.96,0.8505730434886734,0.4402336758119939,0.640108347182656,1532.9310856384532,1542.7410052028556
145,37.099999999999994,-23.05,10.13,1.0215572515014069,0.45255199087050996,0.7763616379912651,2632.7418597450505,2653.1798091643877
146,34.05,-17.049999999999997,7.93,0.9877234935586794,0.4637142188624996,0.7148720241025478,2613.4733670685387,2632.149852048863
147,35.0,-18.049999999999997,7.4,1.0544688366198598,0.4254546158711472,0.7220524631080625,2583.6991374951417,2602.33844715255
148,22.049999999999997,-14.149999999999999,4.05,1.2001227608853262,0.3823833602670498,0.7859815202887372,3102.759357336993,3127.138676558141
149,26.0,-23.0,3.13,1.037508494000824,0.38203252387079206,0.718135236518,2100.289991686634,2115.36085260632
150,20.099999999999994,-24.0,-0.29,0.9358415358675825,0.2434496561865991,0.5958624629936758,2291.303089373885,2304.948556887106
151,21.0,-16.0,3.72,0.9786660139291325,0.29024134314048705,0.6349555035802685,2114.0941278613136,2127.5145611107405
152,25.099999999999994,-14.149999999999999,7.82,1.045687216251963,0.3854054037545471,0.7640704599098486,2076.802777569868,2092.6747219240324
153,51.05,-8.0,19.69,1.1688784493462743,0.6906371192500921,0.928679838271596,1891.0222244249921,1908.5833941706253
154,29.0,-14.05,7.45,1.2400854189424912,0.47238216351835,0.8346489019426904,2380.008303528085,2399.8572267417035
155,29.099999999999994,-17.349999999999998,4.75,1.3339258101751612,0.4669677871203652,0.8923555958636137,2846.041296930481,2871.4384269051875
156,42.05,-19.0,11.43,1.1406859911552447,0.4960289250789944,0.8263646297321037,2078.3652310126317,2095.5430881508537
157,47.0,-18.0,13.12,1.6253329751712144,0.6903670871455555,1.1519835481968894,3735.0391200556105,3778.0373074371273
158,50.14999999999999,-19.0,19.48,1.2097739888572194,0.6321292609069209,0.9541068532720862,2039.1521102154431,2058.6071767179797
159,39.0,-20.05,10.16,1.3388327410527951,0.4862436753937326,0.9522411935209324,2887.466487814183,2914.940958792063
160,41.099999999999994,-31.1,4.56,0.7815135743740974,0.37408486370869265,0.5719724076837457,2071.6187706794153,2083.46572162282
161,40.0,-31.0,6.03,0.8694040809991289,0.4480945562739722,0.654656933396791,1971.7273407928537,1984.634248674593
162,49.05,-33.15,6.68,0.7830227105404429,0.4187316659793884,0.6044917788609379,1548.8272990480273,1558.1899020250032
163,19.049999999999997,-19.1,-1.14,0.7961128007838094,0.18270944724494598,0.46876914039258216,3308.7243840592055,3324.2282965584013
164,22.14999999999999,-18.0,1.7,0.7664946222504814,0.23979810311447936,0.5157919899807444,2418.29039762625,2430.763803413439
165,38.099999999999994,-21.0,8.5,1.2089109177170654,0.39326998513985983,0.8084628222109395,3264.1966604669274,3290.5789223643733
166,39.05,-25.049999999999997,7.7,0.9505555810676378,0.47481779203907165,0.7034875496780846,2382.1571025350977,2398.91225217268
167,29.099999999999994,-15.2,5.95,1.4284839660415218,0.5209998531864016,0.953082953384012,3279.687376377079,3310.935237627269
168,70.0,-10.1,27.29,1.4483162955757374,0.8138440326740769,1.100296509001617,3062.121541979879,3095.8124826773746
169,24.049999999999997,-18.049999999999997,2.62,0.9625464281744783,0.3743286185572097,0.6640842849743089,2139.8110681935045,2154.015594579214
170,38.0,-10.0,12.6,1.3046502565585925,0.5651608255204235,0.8950768123505608,4585.139263142791,4626.164803526415
171,111.24999999999999,3.0,54.05,1.1146599255522534,0.7457852547889786,0.9153065570420199,2060.8587863385515,2079.721323006475
172,44.14999999999999,-16.15,16.48,1.238690353395803,0.5664859480170077,0.9059732408590547,3295.884041646624,3325.7335992255676
173,71.14999999999999,-11.05,26.99,1.095789174741087,0.6644895555392553,0.8709467167873549,2263.781560396109,2283.492911772674
174,29.099999999999994,-20.05,6.11,1.001784504753823,0.43932439371787224,0.7206980998118893,2218.341001662142,2234.335457382377
175,2.049999999999997,-3.0,0.16,2.8121879928994047,-1.2329468118971594,0.8426954272270327,19823.032448107857,19986.2314997861
176,14.0,-9.099999999999998,2.71,1.5242857801437273,0.2904422849772739,0.9214356589609115,4353.318478865628,4393.413796549851
177,6.0,-35.1,-15.21,0.4181052458735829,-0.04941625433614377,0.17902751325657232,1521.4844900093822,1524.20912541197
178,4.049999999999997,-50.05,-21.03,0.36161766114687244,-0.04791383985314545,0.17546618821717644,1366.1574224681856,1368.552789027703
179,5.0,-32.1,-12.43,0.4057277325530877,-0.02405423115412246,0.22114393349852313,1956.5246940155578,1960.8442078315377
180,5.049999999999997,-29.2,-9.74,0.46402207489014413,-0.05950990251122359,0.23560018964724008,2073.0190641159875,2077.898127429797
181,2.049999999999997,-31.0,-14.19,0.3323191618659138,-0.14178149783586133,0.09986795036536496,1316.895561991396,1318.2097538630228
182,7.0,-41.0,-18.12,0.3980312486688612,-0.06546291997876527,0.15990827094554166,1557.4318753689417,1559.9252641206535
183,10.049999999999997,-23.1,-5.28,0.606895959577868,-0.009462685047515415,0.29739121935468615,3246.1614735961152,3255.7952549340753
184,6.099999999999994,-36.05,-14.01,0.4218416916074848,0.006546922939597011,0.22671500302764744,1754.0299764994027,1758.0028362718322
185,3.0999999999999943,-41.1,-18.55,0.33662577948250394,-0.04632703424700601,0.14804784465336154,1517.1157774562053,1519.3570061054113
186,14.0,-31.05,-8.72,0.5657330937823599,-0.03340145866803928,0.2589683319340805,1973.50478114426,1978.6166563746601
187,8.049999999999997,-30.0,-10.4,0.5037771430987543,-0.16697648627787126,0.16314384393269987,1971.7458015399684,1974.962198743626
188,2.049999999999997,-34.0,-15.47,0.38663415905047727,-0.17461741760346203,0.10548184146436786,1566.014363521262,1567.6692616044813
189,7.049999999999997,-28.25,-10.85,0.44465706985360365,-0.10735762090117727,0.17542834998991158,2075.791362697412,2079.4280599997805
190,16.049999999999997,-28.15,-6.89,0.5819735803537561,0.00244693909638969,0.2926782496161097,2402.971184992147,2410.000220340381
191,12.049999999999997,-26.049999999999997,-6.81,0.5494547912869225,0.043773603565817776,0.2992651984310736,2232.256183590623,2238.93719693844
192,6.0,-28.0,-9.55,0.46194109362833674,-0.012598933407263832,0.2474222557786357,2201.1815723186246,2206.6285920370574
193,6.0,-32.05,-14.38,0.4243420966877227,-0.03336553665418537,0.18317680715852708,1275.007593013818,1277.3421112269502
194,5.0,-47.0,-21.51,0.3871601609941515,-0.0016868727326160428,0.19540261257143904,1366.2563384720052,1368.9230339658934
195,0.04999999999999716,-1.0,-0.14,1.3736286787507574,-6.251227524987691,-0.5200420774419798,33684.85062118737,33522.76361847535
