id,d_emp_p95,d_emp_p5,d_emp_mean,d_real_wage_ratio_p95,d_real_wage_ratio_p5,d_real_wage_ratio_mean,real_wb_mean,real_wa_mean
1,-1437.6499999999999,-1599.1,-1519.62,0.39144316677669777,0.36723322049623025,0.37969450120571635,2.4313875117460753,2.440619360752849
2,-66.0,-100.05,-82.28,0.41736641497700605,0.3166565616437502,0.3650638712950116,1.8559951255606866,1.8627707519526844
3,-67.95,-102.0,-85.37,0.4141026171085453,0.3144261318540561,0.3639258111244738,1.8400113843388488,1.8467075214723265
4,-24.950000000000003,-52.099999999999994,-39.08,0.43509682970615615,0.2725787437524199,0.35399385327587,1.7694074355530767,1.7756709107305229
5,-4.0,-17.0,-10.26,0.5182757833063771,0.21415281134488634,0.36803324989207375,1.437476930400698,1.4427675827459039
6,-48.95,-73.0,-60.44,0.41371622595163177,0.3206850827947371,0.36847765872299065,1.7415364028428855,1.7479539381653586
7,-11.950000000000003,-33.05,-23.28,0.44878359032466253,0.24576398865504015,0.34713966602620067,1.6040916681658095,1.6096600823210376
8,-8.950000000000003,-26.0,-16.46,0.487407277748918,0.25486702769143077,0.3606418576952344,1.5410440148619777,1.5466008686951538
9,-58.95,-96.15,-76.8,0.4233241804748253,0.30185340327259474,0.3600593814481361,1.7977589875688729,1.8042321159292378
10,-43.0,-69.15,-55.68,0.4169600256977664,0.3113319369927762,0.3606890697909087,1.7298639524172588,1.7361031822112367
11,-56.750000000000014,-89.0,-72.52,0.4183078617559282,0.31032711272821195,0.3620409120538007,1.8124856745263003,1.819047912987368
12,-61.95,-101.0,-82.83,0.40798385525225567,0.30027157840436164,0.35762435428287453,1.849724411985303,1.8563394945969909
13,-172.89999999999998,-233.15,-198.26,0.41266217969078206,0.33518101516670884,0.3669539900681593,1.9822351120069714,1.9895091247371848
14,-66.95,-100.0,-82.98,0.42269754764158574,0.3265036137508883,0.3758705975882538,1.790955440537818,1.7976870016259072
15,-52.0,-87.0,-71.34,0.421022197362259,0.3006131872901083,0.3641312968179218,1.7602092491974313,1.7666189027120272
16,-15.0,-37.05,-25.26,0.5303457394474638,0.29082276783532307,0.396235656190901,1.5183922136852916,1.5244085415351754
17,-151.75,-203.0,-177.3,0.4136122630285126,0.34223332654934846,0.37746803527885897,1.901803902726195,1.9089825929507436
18,-747.6500000000001,-854.1,-800.14,0.39639409312953483,0.36468994252353437,0.38000668629009976,2.2407841401960362,2.2492992405857377
19,-7.0,-20.0,-13.15,0.5141280657314612,0.2487253279268767,0.3814825844605763,1.4146070811537284,1.420003204825797
20,-18.0,-39.0,-28.6,0.45384046152120644,0.2775358372837674,0.36978361426026624,1.5714266565809756,1.5772374281017516
21,-55.0,-90.0,-71.82,0.41665160462518835,0.30869775655882,0.360202441097545,1.7416190876973046,1.747892520566589
22,-83.9,-125.05000000000001,-104.1,0.4138851904523013,0.32033083486256614,0.3679704313732764,1.8374584972911656,1.8442198525814568
23,-35.0,-66.05,-52.07,0.42662518767246466,0.28782165560500805,0.36046925952866143,1.721543677035962,1.727749369840848
24,-27.0,-50.05,-38.07,0.42828410511037157,0.28713048146940623,0.3559735660008887,1.7089005526153322,1.7149836027302652
25,-11.900000000000006,-31.05,-21.59,0.4745924318434467,0.2568681863718393,0.3643175617482043,1.5339493896226362,1.5395374127446821
26,-35.95,-63.0,-48.16,0.4430801384941026,0.3057022591670337,0.36788246788562656,1.7079139585509815,1.7141972368814689
27,-61.0,-94.14999999999999,-76.97,0.41573512138556784,0.312120268469936,0.36184134447099653,1.7996036398659585,1.8061154505892187
28,-85.9,-125.10000000000001,-105.71,0.41519593640863756,0.3220163923861643,0.3713099765121123,1.8163679604947562,1.8231123724887328
29,-61.900000000000006,-101.05,-81.13,0.43540022684645535,0.3163854786868305,0.37905758322724015,1.7266172507825783,1.7331623538587146
30,-14.950000000000003,-33.05,-23.85,0.4860748438730229,0.28119238727664264,0.3736459601965081,1.5001981447250194,1.5058037866557972
31,-20.0,-38.050000000000004,-30.38,0.42861345162687703,0.28259830434365396,0.3676845519987683,1.5355839093775707,1.5412296062938173
32,-72.95,-110.05,-92.29,0.42139126082016676,0.3277444396229102,0.37847478925497763,1.750353530727161,1.756978090290435
33,-21.950000000000003,-45.0,-33.19,0.4755645813286984,0.2955595903653207,0.3867902508237379,1.5518647016544125,1.5578671830359576
34,-42.95,-70.05,-58.01,0.4425877469166778,0.3266886769066362,0.3906935374772525,1.6747263312123364,1.6812693810315458
35,-91.0,-132.0,-110.8,0.4393105651268821,0.34150381416972697,0.38970024159493777,1.7976394991644806,1.804644938285335
36,-50.95,-83.14999999999999,-68.22,0.4459557156648724,0.319802210912508,0.3861242506326189,1.6927544971409185,1.6992903568970907
37,-80.0,-113.0,-95.27,0.4449678226673623,0.3548748100315938,0.4003515078726768,1.780579848419002,1.787708422785119
38,-69.0,-106.1,-87.25,0.46149475357338104,0.34640516656076653,0.39957875457340514,1.7453013642278388,1.75227518147218
39,-67.0,-105.05,-86.5,0.4442343961603285,0.33120874473679107,0.391581809900496,1.7524561664217357,1.759318417291879
40,-14.0,-32.0,-22.65,0.49005802731440795,0.2831721514915646,0.3821524174359144,1.4894941956865502,1.4951868995556032
41,-22.950000000000003,-45.0,-33.95,0.46888822356723076,0.30633514680022933,0.38386066498578875,1.5715879508975434,1.5776206838746594
42,-105.75000000000001,-148.04999999999998,-124.71,0.43183747261667704,0.3386055404651095,0.3868109973666277,1.8665040796820358,1.8737237389510932
43,-16.950000000000003,-37.0,-25.73,0.5104650990361173,0.3040767036814377,0.4004723341253955,1.516342288473735,1.5224153174386483
44,-34.0,-57.0,-45.68,0.4442595976830973,0.3164654724987461,0.38468296065216645,1.633496091892162,1.6397801018674116
45,-232.95,-297.09999999999997,-264.19,0.39154721692952943,0.338538809194568,0.36479911563341405,2.068593903041054,2.076140119557387
46,-83.95,-131.0,-110.2,0.4471470732782264,0.3351491503275842,0.39954225692688955,1.7897293910995664,1.7968804140489811
47,-69.0,-104.05,-84.9,0.42244946130227495,0.3206859710532556,0.36377131326658885,1.8143042088262034,1.8209045031761015
48,-6.0,-20.1,-13.28,0.5333129681847558,0.2409091256275571,0.3903250857844869,1.5110086400315736,1.5169074698597418
49,-8.0,-26.0,-16.36,0.48774062697461973,0.23595259707662353,0.35648467652321253,1.4658543672980904,1.4710810239815828
50,-53.85000000000001,-83.05,-68.61,0.42898075315412815,0.3171502087166571,0.37240063105515364,1.7527619165199115,1.7592892504588606
51,-23.0,-50.05,-37.72,0.4702873446228133,0.28133843262890057,0.37883642585532024,1.7207068133165444,1.7272255268026069
52,-18.0,-37.05,-26.39,0.49527202648963375,0.3058177390588026,0.3959506076164468,1.5857901210669214,1.5920690736835172
53,-13.0,-33.05,-22.54,0.48604199877207166,0.2758583723563072,0.38169472658468395,1.614814151131023,1.6209772821491382
54,-39.0,-64.0,-50.9,0.4478605491791232,0.3209823659215141,0.38105246402027343,1.696010807578841,1.7024736677898384
55,-19.0,-46.050000000000004,-33.19,0.463317264941294,0.26853931267375963,0.37374103196095626,1.6420259172351463,1.6481622045644357
56,-21.950000000000003,-42.099999999999994,-33.44,0.44801452533171393,0.2934111958471474,0.3805738405125046,1.6327018392310126,1.6389154057977575
57,-9.0,-22.0,-15.87,0.481683781099609,0.2687982388253436,0.3826309308448005,1.4944167414722302,1.5001352341512766
58,-30.0,-56.3,-45.55,0.4466669103459799,0.29626387266509074,0.3792699807514077,1.764094166986253,1.7707846086044483
59,-14.0,-38.050000000000004,-25.87,0.48939183579725104,0.2624701214948297,0.3786264673636763,1.6472006639029995,1.6534366541285035
60,-36.95,-66.0,-50.6,0.45595085419659603,0.31589750070518763,0.38278284475560176,1.7790413886711387,1.7858512899702104
61,-24.950000000000003,-46.1,-35.05,0.4693481303303595,0.30549988638525144,0.3808139449087941,1.6296196460110994,1.6358252157562088
62,-12.850000000000009,-31.0,-21.7,0.49021372748656433,0.26383527101280896,0.378729024174976,1.5342343734158614,1.5400441645718561
63,-26.950000000000003,-53.0,-40.21,0.4534386927443954,0.28743099263891414,0.3716436041776075,1.813208510286115,1.8199464003491437
64,-12.950000000000003,-31.05,-22.1,0.4896692852712999,0.2749234193904751,0.3817771207126792,1.5717959487307773,1.5777967713359766
65,-95.85000000000001,-135.05,-114.72,0.42590041724616456,0.3435229358987438,0.3785865587521249,1.9426433989518128,1.9499981178400663
66,-13.0,-31.05,-20.65,0.5245321204607231,0.28575534842892497,0.3764164927033253,1.549251633306351,1.5550830290579258
67,-29.0,-55.0,-42.83,0.44584200468896446,0.30098846443182736,0.3809498737601157,1.7455039906924508,1.7521533168581733
68,-37.95,-62.0,-49.55,0.440462762359734,0.3160567445790463,0.3803562253699385,1.7066389348498334,1.7131302853067758
69,-20.900000000000006,-39.0,-29.66,0.4723014737967164,0.29558597863670927,0.3868623079127106,1.6331431366537903,1.6394616280121312
70,-12.950000000000003,-33.0,-22.81,0.5084917539849813,0.27439657555109254,0.39756594965108255,1.5335104846178547,1.539607299885507
71,-94.95,-150.05,-120.07,0.44614475698799577,0.3269549581759109,0.3850947064564449,1.8493180681482166,1.8564398357434868
72,-20.0,-40.0,-29.86,0.47074867126578307,0.3045036237080715,0.3813748846605888,1.5980611045162116,1.6041552467913023
73,-15.0,-34.0,-24.54,0.4784640177939158,0.2803992336141668,0.377255018189264,1.5961507465124565,1.6021724830222235
74,-115.95,-168.14999999999998,-142.97,0.4285816598864534,0.33503174784943446,0.3824833469544002,1.967932955336141,1.9754598328774486
75,-69.0,-106.0,-86.23,0.43939201080879425,0.33731392330868465,0.38580031438063345,1.8035855668739307,1.8105436154220897
76,-3.950000000000003,-16.05,-10.62,0.5210949716387516,0.20998655988094872,0.3767755540251703,1.4205985030080632,1.4259513087354896
77,-34.95,-63.05,-47.87,0.45194921252612763,0.30637458135143675,0.3772842980237596,1.7083955200516578,1.7148406907276381
78,-105.95,-142.10000000000002,-124.06,0.4138172637749123,0.33740466157489163,0.37548788344527195,1.9187978442865705,1.9260026199565363
79,-21.0,-43.05,-31.26,0.4640414228749292,0.29981350502793563,0.37426156449485154,1.6611817354929268,1.6673983330769424
80,-10.0,-28.0,-18.75,0.5019873551388653,0.26534815437840675,0.37941271326783127,1.5266457633110213,1.532438751192073
81,-48.95,-80.1,-64.94,0.44137507643136353,0.31722271898903626,0.3811942108768454,1.7734240184738206,1.7801844171350925
82,-23.85000000000001,-42.0,-31.41,0.4850854546611152,0.31938707092505086,0.39339700736804195,1.681473573622226,1.688087440627006
83,-16.0,-36.05,-25.74,0.4935030937609045,0.2924443038054692,0.3853837017104812,1.597734386218534,1.6038924929453109
84,-32.900000000000006,-58.05,-44.46,0.47443411096930915,0.31566874379071697,0.39109155354852077,1.7118033311110445,1.7184983501453146
85,-13.0,-28.0,-21.42,0.46746544015928726,0.2878389427898363,0.39311444284507696,1.6142666745361305,1.6206128236063893
86,-25.950000000000003,-49.0,-38.3,0.45871472500858956,0.3000292430649735,0.38913401262449115,1.6364764578263566,1.6428443309288339
87,-23.900000000000006,-48.1,-35.43,0.4642860432929831,0.2969851831839324,0.37937747075229905,1.6401007100620852,1.6463226502913821
88,-2.0,-13.0,-7.95,0.5366162127266381,0.20649646594324333,0.3888513250202712,1.421132892214029,1.4266584407048326
89,-12.950000000000003,-31.0,-21.83,0.47418393209813636,0.26935446844303984,0.36982533950794544,1.5497638829482727,1.5554953702306333
90,-54.0,-83.0,-68.71,0.4338240769157913,0.32638130266508825,0.3804629277625927,1.7168269943816643,1.723358976692377
91,-14.950000000000003,-33.0,-22.99,0.4966114197574064,0.28655554559558183,0.3849369834081225,1.5399323208864808,1.545859850427032
92,-28.950000000000003,-51.05,-40.67,0.4536958686949211,0.31424078925379656,0.38850387422484817,1.6463449540342532,1.6527408240181733
93,-260.0,-315.1,-287.22,0.41116718154435755,0.35923409808981766,0.38409676273563903,2.0660729719031514,2.074008709156999
94,-38.900000000000006,-64.05,-50.84,0.465049954381042,0.3320474745400745,0.3881414831300621,1.62971409345545,1.6360396883348132
95,-209.9,-272.15,-242.3,0.4186329587523868,0.3522484514108516,0.38766532534056625,1.996972868400892,2.004714484866841
96,-1044.85,-1175.8,-1105.84,0.40764643404025697,0.3767640534025186,0.390695713378212,2.330011647820257,2.3391148802188844
97,-302.90000000000003,-381.09999999999997,-344.63,0.41617684933397286,0.35976119738407947,0.38816214439170255,2.0591236399219346,2.067116335383202
98,-280.6,-355.0,-322.98,0.4181714116636397,0.35764097696978026,0.3936746715447917,2.040778697909934,2.0488128034019546
99,-3719.25,-3967.35,-3842.71,0.40054885834517145,0.3840605154227427,0.3926603271649354,2.654054411655354,2.664475832967475
100,-1011.8,-1150.0,-1082.63,0.41241144797228085,0.3800726837425964,0.3974440772472017,2.3235951735815625,2.3328301444665147
101,-705.7,-807.15,-759.8,0.4081748127900561,0.37299106510783386,0.39169004599186036,2.243861750708394,2.252650729461911
102,-177.95,-238.0,-206.25,0.4251428726441343,0.35128730473939884,0.38726253283811873,1.9033329111731032,1.9107038239291896
103,-141.95,-196.10000000000002,-167.76,0.4278474077180786,0.34802525910861487,0.38526837325990637,1.8625191677650268,1.8696948410088237
104,-396.95,-483.1,-437.73,0.4130661631857712,0.362183541908944,0.38641469926385213,2.0784965748650297,2.086528152285227
105,-1656.8,-1799.0,-1730.82,0.39329425450137495,0.3725757877970301,0.38323422075111707,2.4522565629677553,2.461654450321811
106,-1056.9,-1205.05,-1119.16,0.3978534914713009,0.3647387048567232,0.37914970422564526,2.3589619755056317,2.36790594850394
107,-545.9,-648.0500000000001,-592.61,0.40683165452405307,0.3663501508321761,0.38432213145780514,2.1785490873656226,2.1869217505163663
108,-52.95,-92.15,-73.7,0.4418896624158496,0.30987084179820346,0.3784290372915551,1.7570133486240247,1.7636623798882172
109,-313.79999999999995,-378.05,-344.95,0.42555083087959134,0.37415881499555065,0.39933749541257874,2.074083835058391,2.0823663733553097
110,-108.95,-150.05,-132.0,0.42793303142138944,0.34743451306622913,0.3925017386246862,1.8471208717604488,1.8543707700763923
111,-162.95000000000002,-217.04999999999998,-189.33,0.42816241006597555,0.35440443910270336,0.3904575278801955,1.9152922078270267,1.9227705609703145
112,-85.0,-123.05,-103.0,0.43256745876007074,0.34187165234480166,0.3869917996691295,1.7875467846083264,1.7944646387880827
113,-46.85000000000001,-82.10000000000001,-65.71,0.4543433527944599,0.30761764258745977,0.38526351664891073,1.7687442759196623,1.7755584383896204
114,-115.95,-161.1,-136.01,0.4328735877908747,0.34396697534139203,0.38291445994483264,1.902443809227831,1.90972859678931
115,-397.90000000000003,-488.1,-443.7,0.4150691525972378,0.36577812537434934,0.39363806453843975,2.0791715441292222,2.0873559989901898
116,-3.0,-14.05,-7.53,0.6849420487853494,0.260841923479379,0.41761100095252013,1.3293763164244856,1.3349264650941233
117,-3.950000000000003,-17.0,-10.13,0.6040177844062845,0.2353862360533964,0.4034422319431702,1.434627668427498,1.4404151012041042
118,-10.950000000000003,-27.05,-17.88,0.5503584627899506,0.2887200259772187,0.4063164916118377,1.5027050317027022,1.5088103293709318
119,-16.950000000000003,-36.0,-24.99,0.5170731593271707,0.3213783791416234,0.3998990687647189,1.5849826369224225,1.591320873409326
120,-37.95,-63.05,-48.69,0.4726301008317535,0.33543889662034576,0.39869871850275246,1.7666707883383366,1.773714656181943
121,-11.0,-26.049999999999997,-18.45,0.5347403117067309,0.2988819000514628,0.4065361237912131,1.596314803768515,1.602804248803611
122,-18.0,-34.05,-26.67,0.493572483536471,0.3218346908668384,0.4119528258358276,1.5687702610644587,1.5752323432179531
123,-2.950000000000003,-14.0,-7.67,0.6108314430060171,0.221321826614942,0.40147600207112993,1.3661627845540614,1.3716481775602405
124,-18.0,-36.05,-26.71,0.5244700179759086,0.32833391432703757,0.4232055120843547,1.5794791562646007,1.5861626930576656
125,-20.950000000000003,-39.05,-30.36,0.44985294371067863,0.2993346549615834,0.3755014769924743,1.7127300971327537,1.7191615231931008
126,-14.0,-34.0,-23.84,0.49621667734319785,0.2831550818339191,0.38489833503776505,1.6533639851089086,1.6597281436043823
127,-33.0,-60.0,-47.07,0.45021368950401475,0.30414882998372733,0.37771982249930275,1.8271210282903876,1.834022302539479
128,-167.0,-214.0,-191.75,0.4495664216156943,0.38053551387078927,0.4175759104169704,1.9276046950243104,1.935653928285507
129,-49.0,-78.0,-62.97,0.4783942049205745,0.3590003532767611,0.4170248016571269,1.6882719985733174,1.6953123346505596
130,-22.950000000000003,-45.0,-35.46,0.49153506129908564,0.3181126435987734,0.41617378855278175,1.631900422906732,1.6386921236083123
131,-49.0,-82.2,-66.32,0.48784917433642894,0.3373476149107342,0.40922660435359853,1.7142068811148052,1.721221591576396
132,-20.900000000000006,-44.050000000000004,-31.62,0.5276196704844485,0.3204776395214422,0.42280832347041397,1.594337881118624,1.6010786750061654
133,-138.85000000000002,-192.05,-163.15,0.4771905163746507,0.3803793781949524,0.4246838890375394,1.915720147755299,1.9238558839219122
134,-71.0,-110.14999999999999,-92.66,0.4757897491840713,0.3561172252230872,0.42376939441871486,1.911156043341639,1.9192545648616668
135,-21.950000000000003,-50.0,-36.29,0.5441931614743605,0.3193713631076176,0.4363491837555021,1.604700597708586,1.611703368879044
136,-12.900000000000006,-30.0,-22.04,0.5440231903470272,0.30248237843137915,0.4270933726154846,1.4849409716308375,1.4912820413560495
137,-15.0,-36.0,-25.3,0.5574237918719275,0.3180400278205737,0.4332741170668412,1.5626176942168462,1.569387147405807
138,-73.95,-115.05,-93.17,0.49022069631849985,0.36650112430018866,0.424362570001084,1.7836964631717216,1.7912656612896845
139,-120.9,-166.0,-143.05,0.47199764326422383,0.3810680441893709,0.42750582354891165,1.840637571620388,1.8485065678159545
140,-65.0,-101.1,-81.98,0.5025386536260394,0.3738390953321988,0.4327650580528516,1.7941144077595936,1.8018786897457661
141,25311.350000000002,24781.55,25011.85,6.723869676517612,6.472136410046032,6.585654310274855,2.117329957400991,2.256768932626705
142,-3.950000000000003,-16.05,-10.44,0.5705951748019595,0.24024064636878784,0.4192323828863074,1.468767447886362,1.4749256372650277
143,-23.900000000000006,-46.050000000000004,-34.58,0.5193938881504881,0.31793615294124994,0.41620253093796267,1.6376200293359546,1.6444357417361526
144,-41.0,-67.0,-54.91,0.4741101962092337,0.3456573381083168,0.4148639545843216,1.6675692054952047,1.6744874399125136
145,-26.0,-47.0,-35.94,0.4983386029928881,0.34748262737982927,0.4132669126624909,1.6118221569312638,1.6184833667425986
146,-60.95,-95.0,-77.45,0.49204629175056364,0.3605692902605446,0.4220482978585383,1.7735482711375745,1.7810335828237476
147,-22.950000000000003,-41.0,-31.83,0.5032477736013928,0.3490632862738493,0.4283463900034788,1.6105908225277004,1.617489662058906
148,-9.0,-24.05,-16.01,0.5646322025432337,0.28307990766734425,0.42292617378347086,1.5203541320546219,1.5267829801641517
149,-25.0,-49.0,-37.07,0.5029578638648906,0.3201754373436076,0.41800370110292984,1.6926349735014532,1.6997104976513249
150,-27.0,-52.05,-39.4,0.5048185102383363,0.3368954374613614,0.41093973950645185,1.779411266428049,1.786723384984607
151,-17.950000000000003,-36.0,-27.07,0.5113638580870443,0.3155376902147793,0.4167534730739453,1.7153172144495479,1.722464886492301
152,-43.95,-72.0,-56.62,0.5100110124037562,0.3643292575194098,0.4301417593262859,1.7695863524726294,1.777198990312701
153,-12.950000000000003,-28.05,-20.3,0.5605307938500392,0.3223148540715006,0.43251836061732085,1.6130131621117367,1.619989673814299
154,-9.950000000000003,-23.15,-17.16,0.5541121302196411,0.3138954182724694,0.4404103877189812,1.5115971058132074,1.5182535156457333
155,-49.95,-84.05,-65.7,0.4955478445521124,0.3537035815108619,0.42364473365865135,1.8331078842715736,1.8408736141036228
156,-17.0,-35.0,-25.93,0.5245315988083457,0.3282469904299675,0.4218240851599221,1.5254281770441673,1.5318620949121557
157,-38.95,-64.0,-52.42,0.49271576307558906,0.3536769089869236,0.4267722015667853,1.7251185398178916,1.73248080450953
158,-19.950000000000003,-44.0,-32.85,0.5136933374943143,0.30094956299053605,0.4199321120279271,1.60780936647893,1.6145607064857836
159,-40.0,-66.14999999999999,-54.03,0.47516196531842875,0.3362150115310378,0.40471418867019715,1.6641448340580924,1.6708795087791144
160,-77.0,-119.05000000000001,-97.57,0.4728514388430501,0.3542834419930501,0.41254807189752507,1.7895965958044604,1.7969793849680868
161,-28.950000000000003,-54.0,-40.52,0.49260354249590205,0.32638040665949725,0.40872393985520844,1.6515527844267597,1.6583025916376968
162,-8.900000000000006,-26.0,-16.6,0.5489589336043598,0.27060125701885807,0.3919731466373951,1.4624568188540397,1.4681880073758575
163,-15.0,-33.05,-23.65,0.5041520361576485,0.29976319706528787,0.4016954132292139,1.5990759348666799,1.6055002505585865
164,-21.950000000000003,-44.0,-32.69,0.5068590362095612,0.3258778592713526,0.41230678211972493,1.5624572477165497,1.568899781082865
165,-178.90000000000003,-240.05,-208.46,0.45795244041682814,0.37262765333900083,0.4144124625425581,1.9421663694132654,1.95021495038164
166,-33.95,-60.050000000000004,-47.36,0.5131147545125354,0.34786189979251836,0.4309919167108976,1.6637248956374162,1.670895462039429
167,-67.85000000000001,-104.05,-87.93,0.4700834815357509,0.35082995539599593,0.41626331168452224,1.7358566609281978,1.7430822435746176
168,-7.950000000000003,-24.0,-15.05,0.5493020156551567,0.27194734442823454,0.3968139966579189,1.527057427996048,1.5331164310277376
169,-130.0,-178.0,-154.98,0.45357846876777336,0.3667239356788272,0.4126879018386082,1.8725003063826715,1.8802279411054645
170,-91.9,-140.1,-118.05,0.4616257540446524,0.34842373199622684,0.4111813659304406,1.8198093350889168,1.8272919446963487
171,-44.95,-81.05,-63.18,0.5007408934801604,0.3364278105155734,0.411367731143549,1.7414644298243722,1.7486281564855977
172,-50.0,-84.05,-66.3,0.4856887852915936,0.3455198344401365,0.41403989726080653,1.7501594272527217,1.757405656555417
173,-5.950000000000003,-20.05,-13.47,0.5709653454906327,0.27372028450914704,0.42358239852522556,1.4634369525076707,1.4696353021488369
174,-217.0,-276.2,-246.66,0.43726925384470466,0.3725736475737832,0.40360056823371027,2.094753821874945,2.1032081373958844
175,-14.0,-32.0,-23.28,0.5142786739027129,0.29637653385364354,0.4054154491465573,1.5954422206416263,1.6019107322365729
176,-12.0,-32.0,-22.76,0.4340907320228994,0.23942291237763225,0.34075902530493823,1.6842764716055842,1.6900155892011925
177,-46.0,-81.10000000000001,-62.79,0.40501862608052197,0.28276565744289084,0.3426067881025699,1.9290334088471,1.9356423740210664
178,-13.900000000000006,-34.05,-22.86,0.4516844360470103,0.25479457759085145,0.3460847373284199,1.6553729560740251,1.6611019840779888
179,-7.0,-20.0,-13.04,0.48792481052246206,0.24449980188041381,0.35536747849192457,1.564228606396188,1.569787681722204
180,-16.950000000000003,-43.05,-31.03,0.41331861493751876,0.2368724629632101,0.3305294076154098,1.8167327515717482,1.8227376770088262
181,-23.0,-44.150000000000006,-33.28,0.4276192609977713,0.2731169163186682,0.3423059753967647,1.8053647831194097,1.8115445348693846
182,-11.950000000000003,-29.049999999999997,-20.18,0.44591321432179076,0.2495262130014652,0.34758505773577075,1.5973479871220082,1.6028992870852152
183,-18.950000000000003,-43.0,-29.83,0.4455435385766261,0.26469619809823286,0.34365068399774035,1.718265289431257,1.7241703481434958
184,-38.900000000000006,-69.05,-52.92,0.39600627281268286,0.27401883242026326,0.3346945281372778,1.8998135013271968,1.9061717794394373
185,-2.950000000000003,-14.05,-8.14,0.5281989917842717,0.20101339996977177,0.352204459481831,1.4736161771185066,1.4788064044307068
186,-7.0,-23.0,-14.66,0.4492779682117658,0.23387184244291456,0.3304106062525161,1.6172914850814317,1.622634570949593
187,-2.0,-10.0,-5.81,0.485537339849465,0.19127567825599032,0.3318162581427964,1.468177734229625,1.473050992018302
188,-25.950000000000003,-50.099999999999994,-37.9,0.41516442762285505,0.27618418685018714,0.3437454029149775,1.7931730796845253,1.799337129302692
189,-59.900000000000006,-101.0,-80.08,0.40866008795552206,0.293159737269272,0.35099147506057693,1.8944964733259593,1.9011456710196035
190,-14.0,-35.0,-24.44,0.44636845542842685,0.2628348388479233,0.35418607549323505,1.6664340581700394,1.6723359847917545
191,-16.950000000000003,-40.0,-28.43,0.4419397678897659,0.25198798119706783,0.35185166480445573,1.6825147149128357,1.6884352506149125
192,-0.9500000000000028,-8.05,-4.72,0.5046358867497774,0.14655867502250547,0.3361657045565333,1.4172067786586975,1.42197054472792
193,-24.950000000000003,-49.0,-37.32,0.408262692601276,0.26369030417539513,0.34225342827887345,1.7522298546485047,1.758226770956087
194,0.0,-1.0,-0.05,2.711651714612917,0.12912149793935054,0.3099926777870705,0.7908049726756771,0.7930170132846805
