36005000100,-0.124857235787674
36005000200,1.01904436421233
36005000400,1.08004436421233
36005001600,0.944344364212326
36005001900,-0.290805635787674
36005002000,1.41704436421233
36005002300,-0.146255635787674
36005002400,-2.55445563578767
36005002500,0.00802436421232629
36005002701,-0.324825635787674
36005002702,0.0679543642123263
36005002800,0.829404364212326
36005003100,-0.651855635787674
36005003300,-0.00552563578767372
36005003500,-0.110822635787674
36005003700,-1.52545563578767
36005003800,-0.403065635787674
36005003900,0.0192943642123263
36005004001,-0.457315635787674
36005004100,0.172584364212326
36005004200,1.12084436421233
36005004300,0.0319643642123263
36005004400,0.484114364212326
36005004600,-0.344425635787674
36005004800,0.312404364212326
36005005001,0.460964364212326
36005005002,0.580164364212326
36005005100,0.442484364212326
36005005200,-0.0583746357876737
36005005300,0.658834364212326
36005005400,0.804174364212326
36005005600,-0.0230166357876737
36005005902,-0.184428635787674
36005006000,-0.842495635787674
36005006100,0.0147943642123263
36005006200,0.619514364212326
36005006300,0.343884364212326
36005006400,0.382434364212326
36005006500,-0.0575436357876737
36005006700,0.341094364212326
36005006800,0.183414364212326
36005006900,0.398524364212326
36005007000,0.436414364212326
36005007100,-0.679225635787674
36005007200,0.500694364212326
36005007300,-0.217028635787674
36005007400,0.521694364212326
36005007500,0.119674364212326
36005007600,0.484544364212326
36005007700,-0.829605635787674
36005007800,0.764514364212326
36005007900,0.253044364212326
36005008300,0.358494364212326
36005008400,0.317134364212326
36005008500,0.441804364212326
36005008600,0.773664364212326
36005008700,0.471024364212326
36005008900,0.0929043642123263
36005009000,1.03114436421233
36005009200,0.700614364212326
36005009300,1.28084436421233
36005009600,0.257364364212326
36005009800,0.826254364212326
36005011000,-4.43875563578767
36005011502,0.391904364212326
36005011700,0.186474364212326
36005011800,1.28234436421233
36005011900,0.309444364212326
36005012101,-0.250035635787674
36005012102,-0.771515635787674
36005012300,0.0791843642123263
36005012500,-0.208642635787674
36005012701,-0.543915635787674
36005012901,-0.290085635787674
36005013000,-0.230845635787674
36005013100,0.115484364212326
36005013200,1.38684436421233
36005013300,0.492244364212326
36005013500,-0.0426926357876737
36005013800,0.978344364212326
36005014100,-0.255125635787674
36005014300,-1.35435563578767
36005014400,1.22694436421233
36005014500,0.456384364212326
36005014701,0.648694364212326
36005014702,0.562224364212326
36005014900,0.311124364212326
36005015100,0.555534364212326
36005015200,0.391424364212326
36005015300,0.185684364212326
36005015500,0.0327643642123263
36005015700,0.355164364212326
36005015800,-0.150411635787674
36005015900,-0.0606996357876737
36005016000,1.10314436421233
36005016100,0.147884364212326
36005016200,-0.0617466357876737
36005016300,-2.10765563578767
36005016400,-0.262055635787674
36005016500,-0.641755635787674
36005016600,0.183774364212326
36005016700,-0.246535635787674
36005016900,-0.380385635787674
36005017100,-2.60045563578767
36005017300,0.234094364212326
36005017500,0.629764364212326
36005017701,0.0464443642123263
36005017702,0.187894364212326
36005017901,0.201134364212326
36005017902,-0.236095635787674
36005018101,-0.371965635787674
36005018102,0.222214364212326
36005018301,0.0463943642123263
36005018302,-0.195682635787674
36005018400,0.511854364212326
36005018500,0.714404364212326
36005018900,0.614774364212326
36005019300,0.595684364212326
36005019400,-0.0465436357876737
36005019500,0.764024364212326
36005019700,0.786004364212326
36005019900,1.03134436421233
36005020000,0.621254364212326
36005020100,0.604404364212326
36005020200,-0.0565096357876737
36005020400,0.385824364212326
36005020501,0.818094364212326
36005020502,0.413524364212326
36005020601,-0.0307156357876737
36005020900,0.209394364212326
36005021001,0.973844364212326
36005021002,1.22574436421233
36005021100,0.439524364212326
36005021200,0.529854364212326
36005021301,-0.641385635787674
36005021302,0.474834364212326
36005021501,0.174474364212326
36005021502,0.763534364212326
36005021601,0.417664364212326
36005021602,0.754084364212326
36005021700,0.218644364212326
36005021800,0.602744364212326
36005021900,-0.809415635787674
36005022000,-0.898445635787674
36005022101,-0.130583435787674
36005022102,0.248864364212326
36005022200,0.218444364212326
36005022300,0.343894364212326
36005022401,-0.186902635787674
36005022403,0.0538643642123263
36005022404,0.365414364212326
36005022500,0.793544364212326
36005022701,0.481064364212326
36005022702,-0.204138635787674
36005022703,-0.127258535787674
36005022800,0.994044364212326
36005022901,0.794804364212326
36005022902,0.212994364212326
36005023000,-0.0692656357876737
36005023100,-0.716605635787674
36005023200,-0.248475635787674
36005023301,0.109964364212326
36005023302,-0.149446635787674
36005023501,-0.00122563578767371
36005023502,0.0397743642123263
36005023600,-0.585455635787674
36005023702,-1.07726563578767
36005023703,0.234294364212326
36005023704,0.0541843642123263
36005023800,0.0883643642123263
36005023900,0.742844364212326
36005024000,0.0367743642123263
36005024100,0.574884364212326
36005024300,0.537844364212326
36005024400,-0.137829635787674
36005024501,0.341694364212326
36005024502,-0.00130563578767372
36005024600,-0.460825635787674
36005024700,-0.204224635787674
36005024800,-0.115671835787674
36005024900,-2.09875563578767
36005025000,-0.200463635787674
36005025100,0.684894364212326
36005025200,0.0122243642123263
36005025300,0.491074364212326
36005025400,-0.259235635787674
36005025500,0.326334364212326
36005025600,-0.283125635787674
36005025700,-0.590635635787674
36005026100,-0.514875635787674
36005026300,0.564434364212326
36005026400,0.782824364212326
36005026500,0.497284364212326
36005026601,0.163764364212326
36005026602,0.761754364212326
36005026701,0.0218143642123263
36005026702,0.776754364212326
36005026900,0.187384364212326
36005027300,0.988844364212326
36005027401,0.831134364212326
36005027402,0.511184364212326
36005027600,-1.98655563578767
36005027700,0.440644364212326
36005027900,0.813024364212326
36005028100,0.321364364212326
36005028300,-0.116701835787674
36005028400,-0.854005635787674
36005028500,0.124824364212326
36005028600,-0.562035635787674
36005028700,0.0220243642123263
36005028800,0.109404364212326
36005028900,0.261364364212326
36005029301,-0.693935635787674
36005029302,0.502034364212326
36005029500,0.340544364212326
36005029600,0.128594364212326
36005029700,0.158764364212326
36005030000,0.816404364212326
36005030100,-0.725055635787674
36005030200,1.64384436421233
36005030701,0.872634364212326
36005030900,0.226274364212326
36005031000,0.713524364212326
36005031200,-0.360205635787674
36005031400,-0.269845635787674
36005031600,-0.336875635787674
36005031800,-0.532505635787674
36005031900,-1.73155563578767
36005032300,0.828884364212326
36005032400,0.0517043642123263
36005032600,0.0185443642123263
36005032800,0.297034364212326
36005033000,0.491574364212326
36005033201,-0.0111756357876737
36005033202,0.344854364212326
36005033400,-1.85915563578767
36005033500,-0.176694635787674
36005033600,0.718524364212326
36005033700,0.335824364212326
36005033800,0.312574364212326
36005034000,0.632164364212326
36005034200,-0.229985635787674
36005034300,-0.160404635787674
36005034400,-0.135553635787674
36005034500,0.439884364212326
36005034800,1.04254436421233
36005035000,-0.0659236357876737
36005035100,0.133514364212326
36005035600,0.0406543642123263
36005035800,1.24414436421233
36005035900,-0.539565635787674
36005036000,0.245384364212326
36005036100,0.320744364212326
36005036300,0.552724364212326
36005036400,-0.0117356357876737
36005036501,0.110574364212326
36005036502,-0.333645635787674
36005036700,-0.518715635787674
36005036800,-0.0972156357876737
36005036901,-0.470785635787674
36005036902,-0.412595635787674
36005037000,0.0716743642123263
36005037100,0.305294364212326
36005037200,-0.177146635787674
36005037300,0.505114364212326
36005037400,0.120184364212326
36005037504,0.223214364212326
36005037600,-0.126129535787674
36005037800,0.0257643642123263
36005037900,0.151824364212326
36005038000,0.307714364212326
36005038100,0.466294364212326
36005038200,0.167394364212326
36005038301,0.0554043642123263
36005038302,0.341674364212326
36005038500,0.155614364212326
36005038600,1.22104436421233
36005038700,-0.133302635787674
36005038800,0.0395943642123263
36005038900,0.274724364212326
36005039000,-0.00565563578767371
36005039100,0.642654364212326
36005039200,-0.370915635787674
36005039300,0.820664364212326
36005039400,0.636534364212326
36005039500,0.211264364212326
36005039600,0.284704364212326
36005039700,-0.218499635787674
36005039800,0.303744364212326
36005039901,0.133414364212326
36005039902,0.0408843642123263
36005040100,0.0712943642123263
36005040302,0.00995436421232627
36005040303,0.220034364212326
36005040304,-0.0433386357876737
36005040400,0.501074364212326
36005040501,-0.0524296357876737
36005040502,0.508504364212326
36005040600,0.422544364212326
36005040701,-0.0588176357876737
36005040702,0.511034364212326
36005040800,0.531104364212326
36005040900,0.285884364212326
36005041100,-0.288315635787674
36005041300,0.564054364212326
36005041400,0.719634364212326
36005041500,0.402834364212326
36005041800,0.631134364212326
36005041900,0.630354364212326
36005042000,0.450724364212326
36005042100,0.648234364212326
36005042200,0.258174364212326
36005042300,0.180594364212326
36005042400,0.281724364212326
36005042500,0.550564364212326
36005042600,1.30284436421233
36005042800,0.372514364212326
36005042901,-0.0691936357876737
36005042902,0.109554364212326
36005043000,0.404734364212326
36005043100,1.03034436421233
36005043400,0.581724364212326
36005043500,-2.44755563578767
36005043600,0.0493343642123263
36005044200,0.535124364212326
36005044400,0.776584364212326
36005044800,0.235434364212326
36005044901,-0.172366635787674
36005044902,-0.353475635787674
36005045101,-0.443635635787674
36005045102,-0.246775635787674
36005045600,0.722634364212326
36005045800,0.998244364212326
36005046000,0.172444364212326
36005046201,2.62974436421233
36005046202,1.34204436421233
36005048400,0.418184364212326
36005050400,-1.53425563578767
36005051600,1.33254436421233
36047000100,-0.705615635787674
36047000200,-1.00285563578767
36047000301,-1.11429563578767
36047000501,-1.33635563578767
36047000502,-1.57095563578767
36047000700,-1.28395563578767
36047000900,-1.17565563578767
36047001100,-2.69255563578767
36047001300,-1.12405563578767
36047001500,-0.909485635787674
36047001800,-1.68925563578767
36047002000,-0.846565635787674
36047002100,-1.63875563578767
36047002200,0.0877443642123263
36047002300,-0.466095635787674
36047002901,-0.817935635787674
36047003000,-0.539045635787674
36047003100,-1.04286563578767
36047003300,-1.30515563578767
36047003400,0.116074364212326
36047003500,-1.74685563578767
36047003600,0.222854364212326
36047003700,-2.41865563578767
36047003800,-0.309225635787674
36047003900,-1.30755563578767
36047004100,-1.23435563578767
36047004300,-1.45855563578767
36047004400,0.154144364212326
36047004500,-1.23365563578767
36047004600,-0.617875635787674
36047004700,-1.34635563578767
36047004900,-1.29575563578767
36047005000,-0.0173656357876737
36047005100,-0.947525635787674
36047005201,-0.580095635787674
36047005202,0.0613543642123263
36047005300,-0.378605635787674
36047005400,0.119224364212326
36047005601,0.184964364212326
36047005602,-0.446195635787674
36047005800,-0.0577786357876737
36047005900,-1.36435563578767
36047006000,-0.417755635787674
36047006200,-0.279335635787674
36047006300,-1.22635563578767
36047006400,-0.0839256357876737
36047006500,-0.626635635787674
36047006600,-0.0552886357876737
36047006700,-1.11466563578767
36047006800,0.0807043642123263
36047006900,-1.29995563578767
36047007000,-0.451125635787674
36047007100,-0.426475635787674
36047007200,-0.951855635787674
36047007400,-0.0804606357876737
36047007500,-0.769975635787674
36047007600,-0.203233635787674
36047007700,-0.742315635787674
36047007800,-0.0575626357876737
36047008000,-0.372335635787674
36047008200,-0.243465635787674
36047008400,-0.672155635787674
36047008500,0.451224364212326
36047008600,-2.39215563578767
36047008800,-0.287215635787674
36047009000,-0.590435635787674
36047009200,0.0573343642123263
36047009400,0.292014364212326
36047009600,0.189534364212326
36047009800,0.136424364212326
36047010000,0.233954364212326
36047010100,-0.355575635787674
36047010200,-0.0961336357876737
36047010400,-0.00745563578767371
36047010600,0.172664364212326
36047010800,0.226794364212326
36047011000,-0.646425635787674
36047011200,0.220344364212326
36047011400,0.0805343642123263
36047011600,-0.0200656357876737
36047011700,-0.795805635787674
36047011800,-0.862425635787674
36047011900,-1.01524563578767
36047012000,-1.09074563578767
36047012100,-0.974045635787674
36047012200,-0.137881635787674
36047012600,-0.272715635787674
36047012700,-0.680995635787674
36047012801,-0.444185635787674
36047012901,-1.19655563578767
36047012902,-1.49065563578767
36047013000,0.0708043642123263
36047013100,-0.629615635787674
36047013200,-0.398205635787674
36047013300,-0.876355635787674
36047013400,0.0917743642123263
36047013500,-0.762115635787674
36047013600,0.0206843642123263
36047013700,-0.784595635787674
36047013800,-0.0870176357876737
36047013900,-0.603995635787674
36047014000,-0.291485635787674
36047014100,-0.749895635787674
36047014200,-0.0351656357876737
36047014300,-0.594465635787674
36047014500,-0.219207635787674
36047014700,-0.836695635787674
36047014800,-0.711115635787674
36047014900,-0.216746635787674
36047015000,-0.526855635787674
36047015100,-0.792215635787674
36047015200,-0.0680986357876737
36047015300,-0.785255635787674
36047015400,-2.18005563578767
36047015500,-0.935805635787674
36047015700,-0.618265635787674
36047015900,-0.678975635787674
36047016000,0.131774364212326
36047016100,-1.05808563578767
36047016200,-0.308365635787674
36047016300,-0.865995635787674
36047016400,-0.912895635787674
36047016500,-0.629975635787674
36047016600,-0.179303635787674
36047016700,-0.543415635787674
36047016800,-0.277225635787674
36047016900,-0.323935635787674
36047017000,0.205474364212326
36047017100,-0.341935635787674
36047017200,0.187804364212326
36047017400,-0.169187635787674
36047017500,-2.15195563578767
36047017600,-0.0773776357876737
36047017700,-2.29175563578767
36047017800,-0.185503635787674
36047017900,-0.632995635787674
36047018000,-0.0246946357876737
36047018100,-0.797735635787674
36047018200,-0.111489135787674
36047018300,-1.10370563578767
36047018400,-0.287825635787674
36047018501,-0.411175635787674
36047018600,-0.293325635787674
36047018700,-1.51245563578767
36047018800,-0.177867635787674
36047019000,0.242194364212326
36047019100,-0.925145635787674
36047019200,-0.547395635787674
36047019300,-0.0340476357876737
36047019400,-0.202572635787674
36047019500,-0.574785635787674
36047019600,0.0414043642123263
36047019700,-0.848535635787674
36047019800,-0.388745635787674
36047019900,-0.958925635787674
36047020000,-0.104253635787674
36047020100,-0.604845635787674
36047020200,-0.315115635787674
36047020300,-1.19455563578767
36047020400,-0.315275635787674
36047020500,-0.741355635787674
36047020600,-0.177253635787674
36047020700,-0.195064635787674
36047020800,-0.0388546357876737
36047021000,0.0856643642123263
36047021100,-0.983405635787674
36047021200,0.0120043642123263
36047021300,-0.170742635787674
36047021400,-0.761415635787674
36047021500,0.0518443642123263
36047021600,-0.547675635787674
36047021700,-0.303225635787674
36047021800,-0.598805635787674
36047021900,-0.448025635787674
36047022000,-0.467595635787674
36047022100,-0.420755635787674
36047022200,-0.354885635787674
36047022400,-0.000415635787673715
36047022600,-0.732215635787674
36047022700,-0.762325635787674
36047022800,-0.467485635787674
36047022900,-0.607515635787674
36047023000,-0.186938635787674
36047023100,-0.782795635787674
36047023200,-0.171073635787674
36047023300,-0.0910936357876737
36047023400,-0.330945635787674
36047023500,-0.409005635787674
36047023600,-0.218079635787674
36047023800,-0.457715635787674
36047024000,-0.364715635787674
36047024100,-0.967575635787674
36047024200,-0.602495635787674
36047024300,-0.363895635787674
36047024400,-0.131376635787674
36047024500,-0.358215635787674
36047024600,-0.177680635787674
36047024700,-0.851685635787674
36047024800,-0.345225635787674
36047024900,-0.296085635787674
36047025000,-0.760685635787674
36047025100,-0.428085635787674
36047025200,0.313654364212326
36047025300,-0.803895635787674
36047025400,-0.0875676357876737
36047025500,-0.0890896357876737
36047025600,-0.197857635787674
36047025700,-0.781505635787674
36047025800,0.347014364212326
36047025901,-1.08161563578767
36047025902,-0.572265635787674
36047026000,0.0657343642123263
36047026100,-0.140173635787674
36047026200,-0.413995635787674
36047026300,-0.913905635787674
36047026400,0.276094364212326
36047026500,-0.271735635787674
36047026600,0.169664364212326
36047026700,-0.322205635787674
36047026800,0.480914364212326
36047026900,-0.653235635787674
36047027000,-0.0385816357876737
36047027100,-0.472065635787674
36047027200,0.151494364212326
36047027300,-0.563705635787674
36047027400,0.0597243642123263
36047027500,-0.158022635787674
36047027600,0.112504364212326
36047027700,-0.173099635787674
36047027800,-0.0182156357876737
36047027900,-0.240645635787674
36047028000,-0.259965635787674
36047028100,-0.312765635787674
36047028200,0.250414364212326
36047028300,-0.320835635787674
36047028400,0.238644364212326
36047028501,-1.91325563578767
36047028502,-0.508275635787674
36047028600,0.696054364212326
36047028700,-0.450025635787674
36047028800,0.0754843642123263
36047028900,-0.257565635787674
36047029000,0.338274364212326
36047029100,-0.316645635787674
36047029200,0.0921143642123263
36047029300,-0.253435635787674
36047029400,-0.167988635787674
36047029500,-0.233825635787674
36047029600,0.597614364212326
36047029700,-0.397575635787674
36047029800,0.277634364212326
36047029900,-0.658005635787674
36047030000,0.318134364212326
36047030100,-0.495065635787674
36047030200,0.406644364212326
36047030300,0.00682436421232628
36047030400,0.707864364212326
36047030500,0.0567343642123263
36047030600,-0.284075635787674
36047030700,0.0634343642123263
36047030800,-0.0536536357876737
36047030900,-0.886125635787674
36047031100,-0.511445635787674
36047031300,-0.0712506357876737
36047031400,0.925044364212326
36047031500,-0.138571635787674
36047031701,-0.285195635787674
36047031702,-0.468865635787674
36047031900,-0.166649635787674
36047032100,0.140114364212326
36047032300,-0.133711635787674
36047032500,0.288134364212326
36047032600,0.851984364212326
36047032700,-0.306145635787674
36047032800,0.553024364212326
36047032900,0.326194364212326
36047033000,1.20754436421233
36047033100,0.164094364212326
36047033300,0.106324364212326
36047033500,-0.287725635787674
36047033600,1.39834436421233
36047033700,-0.107762635787674
36047033900,-0.197631635787674
36047034000,0.0461943642123263
36047034100,-0.597545635787674
36047034200,1.22634436421233
36047034300,0.142624364212326
36047034500,-0.525825635787674
36047034700,-0.307675635787674
36047034800,-0.151359635787674
36047034900,0.0890443642123263
36047035000,0.455964364212326
36047035100,-0.138579635787674
36047035200,-1.00729563578767
36047035300,0.0708543642123263
36047035400,0.832544364212326
36047035500,0.300834364212326
36047035601,0.221404364212326
36047035602,0.685204364212326
36047035700,-0.602465635787674
36047035900,0.276434364212326
36047036001,0.148204364212326
36047036002,0.186014364212326
36047036100,-0.555065635787674
36047036200,0.186634364212326
36047036300,0.0416743642123263
36047036400,-0.0948516357876737
36047036501,-0.239895635787674
36047036502,-1.33765563578767
36047036600,0.348574364212326
36047036700,-1.21535563578767
36047036900,-0.107546635787674
36047037000,0.501274364212326
36047037100,-0.0572156357876737
36047037300,-0.157172635787674
36047037401,0.543534364212326
36047037402,0.554644364212326
36047037500,-0.309875635787674
36047037700,-0.101915635787674
36047037900,-0.251975635787674
36047038100,-0.0646846357876737
36047038200,0.525144364212326
36047038300,-0.162996635787674
36047038500,-0.266485635787674
36047038600,0.118644364212326
36047038700,-0.289035635787674
36047038800,0.180094364212326
36047038900,-0.749545635787674
36047039000,-0.389065635787674
36047039100,-0.764665635787674
36047039200,-0.0511146357876737
36047039300,-0.402345635787674
36047039400,-0.320105635787674
36047039500,-0.176481635787674
36047039600,-0.680405635787674
36047039700,-0.275885635787674
36047039800,-0.344675635787674
36047039900,-0.0496366357876737
36047040000,-0.0973726357876737
36047040100,-0.273715635787674
36047040200,-0.0824956357876737
36047040300,-0.387375635787674
36047040400,-0.207091635787674
36047040500,-1.15295563578767
36047040600,0.0793243642123263
36047040700,-2.27395563578767
36047040800,-0.00717563578767372
36047040900,-0.307815635787674
36047041000,-0.586565635787674
36047041100,-0.315825635787674
36047041200,-0.197916635787674
36047041300,-0.142480635787674
36047041401,-1.09396563578767
36047041402,-0.741205635787674
36047041500,0.111954364212326
36047041600,-0.354755635787674
36047041700,-0.267445635787674
36047041800,-0.499025635787674
36047041900,-0.0844806357876737
36047042000,-0.501135635787674
36047042100,-0.183766635787674
36047042200,-0.147219635787674
36047042300,-0.350455635787674
36047042400,0.0790843642123263
36047042500,-0.504455635787674
36047042600,0.193884364212326
36047042700,-0.237605635787674
36047042800,0.281604364212326
36047042900,-0.108488635787674
36047043000,0.00179436421232629
36047043100,-0.195437635787674
36047043200,0.108044364212326
36047043300,-0.286835635787674
36047043400,0.0916543642123263
36047043500,0.0658543642123263
36047043600,0.245014364212326
36047043700,0.120814364212326
36047043800,-0.388335635787674
36047043900,-0.231085635787674
36047044000,-0.357365635787674
36047044100,-0.172766635787674
36047044200,-0.333975635787674
36047044300,-0.111008635787674
36047044400,-0.174800635787674
36047044500,-0.250765635787674
36047044600,-0.591135635787674
36047044700,-0.902765635787674
36047044800,-0.679445635787674
36047044900,0.0823343642123263
36047045000,-0.859685635787674
36047045200,-0.239615635787674
36047045300,-0.974395635787674
36047045400,-0.621115635787674
36047045600,-0.392685635787674
36047045800,-0.737265635787674
36047046000,0.116034364212326
36047046201,-0.351945635787674
36047046202,-0.808785635787674
36047046400,-0.724845635787674
36047046800,-1.15575563578767
36047047000,-0.454055635787674
36047047200,-0.643605635787674
36047047400,-0.657755635787674
36047047600,-0.453735635787674
36047047700,-0.683115635787674
36047047800,-0.117787835787674
36047048000,-0.159659635787674
36047048100,-0.863415635787674
36047048200,0.407454364212326
36047048400,0.318194364212326
36047048500,-0.729455635787674
36047048600,-0.351345635787674
36047048800,0.155284364212326
36047048900,-0.374975635787674
36047049000,0.589264364212326
36047049100,0.102434364212326
36047049200,-0.103397635787674
36047049300,0.258544364212326
36047049400,0.279384364212326
36047049500,-1.06617563578767
36047049600,-0.0672116357876737
36047049700,-1.04065563578767
36047049800,-0.00986563578767372
36047049900,-0.952465635787674
36047050000,-0.267105635787674
36047050100,-0.984565635787674
36047050202,-0.715135635787674
36047050300,-1.02320563578767
36047050400,0.0176443642123263
36047050500,-0.249665635787674
36047050600,0.200224364212326
36047050700,-1.02223563578767
36047050801,-0.260755635787674
36047050803,-0.562665635787674
36047050804,0.250334364212326
36047050900,-1.00024563578767
36047051001,-0.0727466357876737
36047051002,0.122334364212326
36047051100,-0.449065635787674
36047051200,0.462484364212326
36047051300,-0.575725635787674
36047051400,0.595184364212326
36047051500,-1.66035563578767
36047051601,0.293824364212326
36047051602,0.0875043642123263
36047051700,-1.52275563578767
36047051800,-0.114912035787674
36047051900,-1.00207563578767
36047052000,-0.0877956357876737
36047052300,-0.214917635787674
36047052500,-0.415545635787674
36047052600,0.105254364212326
36047052700,0.192864364212326
36047052800,-0.652975635787674
36047052900,-0.824385635787674
36047053000,-0.161179635787674
36047053100,-0.435955635787674
36047053200,-0.372655635787674
36047053300,-0.467235635787674
36047053400,0.130774364212326
36047053500,-0.819525635787674
36047053700,-1.02001563578767
36047053800,0.226804364212326
36047053900,-0.795435635787674
36047054200,0.261274364212326
36047054300,-1.56305563578767
36047054400,0.147304364212326
36047054500,0.163504364212326
36047054600,0.411844364212326
36047054700,-0.232825635787674
36047054800,-0.389265635787674
36047054900,-0.239005635787674
36047055000,0.0849143642123263
36047055100,-0.203624635787674
36047055200,-0.0675586357876737
36047055300,-1.14235563578767
36047055400,0.125894364212326
36047055500,-1.23945563578767
36047055600,0.210274364212326
36047055700,-1.61055563578767
36047055800,-0.181202635787674
36047056000,0.276584364212326
36047056100,-0.291625635787674
36047056200,-0.416165635787674
36047056300,-0.151839635787674
36047056400,0.0951043642123263
36047056500,-0.646495635787674
36047056600,0.221344364212326
36047056800,-0.225305635787674
36047056900,-1.23765563578767
36047057000,0.550714364212326
36047057100,-0.202464635787674
36047057200,0.982544364212326
36047057300,-0.690785635787674
36047057400,0.121364364212326
36047057500,-0.351875635787674
36047057600,0.113814364212326
36047057800,-0.0326046357876737
36047057900,-1.25185563578767
36047058000,-0.162279635787674
36047058200,-0.215056635787674
36047058400,0.193534364212326
36047058600,-0.299015635787674
36047058800,0.255414364212326
36047058900,-0.718375635787674
36047059000,-0.463485635787674
36047059100,-0.158198635787674
36047059200,0.329564364212326
36047059300,-0.473295635787674
36047059401,1.12014436421233
36047059402,0.857234364212326
36047059600,0.259684364212326
36047059800,0.697294364212326
36047060000,0.900144364212326
36047060600,-0.0793956357876737
36047060800,0.332824364212326
36047061002,0.421044364212326
36047061003,-0.356645635787674
36047061004,0.757744364212326
36047061200,-0.439555635787674
36047061600,0.0138543642123263
36047062000,0.0985043642123263
36047062200,0.457134364212326
36047062600,0.554764364212326
36047062800,1.29304436421233
36047063200,-0.122165135787674
36047063600,-0.157546635787674
36047063800,-0.259005635787674
36047064000,-0.0208956357876737
36047064200,-0.0964406357876737
36047064400,0.129364364212326
36047064600,0.267564364212326
36047064800,0.0367843642123263
36047065000,-0.275455635787674
36047065200,-0.194908635787674
36047065400,0.00380436421232629
36047065600,0.161114364212326
36047065800,0.231134364212326
36047066000,-0.0104456357876737
36047066200,-0.204929635787674
36047066600,-1.48855563578767
36047067000,0.428404364212326
36047067200,-0.191877635787674
36047067400,0.114464364212326
36047067600,0.0749043642123263
36047067800,0.557274364212326
36047068000,0.211744364212326
36047068200,0.358414364212326
36047068600,0.176834364212326
36047068800,0.218334364212326
36047069000,0.269164364212326
36047069200,0.632544364212326
36047069601,0.981444364212326
36047069602,1.32544436421233
36047069800,-0.0628736357876737
36047070000,0.285944364212326
36047070201,1.68164436421233
36047070202,-0.839795635787674
36047070203,-1.45145563578767
36047070600,2.05464436421233
36047072000,0.412584364212326
36047072200,0.610364364212326
36047072400,0.0293943642123263
36047072600,0.149974364212326
36047072800,0.676064364212326
36047073000,0.325534364212326
36047073200,0.250704364212326
36047073400,-0.0302556357876737
36047073600,0.407004364212326
36047073800,0.327664364212326
36047074000,0.237164364212326
36047074200,0.241734364212326
36047074400,-0.136475635787674
36047074600,-0.0670436357876737
36047074800,-0.130060735787674
36047075000,-0.0410496357876737
36047075200,-0.925005635787674
36047075400,-0.499085635787674
36047075600,-0.127573235787674
36047075800,-0.410775635787674
36047076000,0.0599243642123263
36047076200,0.0932343642123263
36047076400,0.206204364212326
36047076600,-0.174704635787674
36047076800,0.0910143642123263
36047077000,-0.0129956357876737
36047077200,0.155754364212326
36047077400,-0.0450496357876737
36047077600,0.438474364212326
36047078000,-0.0415296357876737
36047078200,0.407464364212326
36047078400,-0.110695635787674
36047078600,0.210014364212326
36047078800,0.0437943642123263
36047079000,0.472144364212326
36047079200,0.107234364212326
36047079400,-0.487155635787674
36047079601,0.148954364212326
36047079602,0.155154364212326
36047079801,-0.306995635787674
36047079802,0.200364364212326
36047080000,-0.189377635787674
36047080200,0.0983843642123263
36047080400,-0.177338635787674
36047080600,-0.0695566357876737
36047080800,-1.67945563578767
36047081000,-0.381935635787674
36047081400,-0.0606636357876737
36047081600,-0.126096135787674
36047081800,0.202354364212326
36047082000,0.226644364212326
36047082200,0.638594364212326
36047082400,0.0974143642123263
36047082600,0.409564364212326
36047082800,0.141774364212326
36047083000,0.538424364212326
36047083200,-0.130516735787674
36047083400,-0.174950635787674
36047083600,-0.0970836357876737
36047083800,-0.0121956357876737
36047084000,0.0833443642123263
36047084600,-0.189210635787674
36047084800,-0.194221635787674
36047085000,-0.276635635787674
36047085200,-2.30715563578767
36047085400,-0.311615635787674
36047085600,0.151494364212326
36047085800,-0.0863106357876737
36047086000,0.213984364212326
36047086200,0.130254364212326
36047086400,-0.156400635787674
36047086600,0.157914364212326
36047086800,0.209994364212326
36047087000,0.124874364212326
36047087200,0.209064364212326
36047087401,0.0530343642123263
36047087600,-0.605405635787674
36047087800,-0.180052635787674
36047088000,-0.211133635787674
36047088200,0.638394364212326
36047088400,0.184444364212326
36047088600,0.343414364212326
36047088800,0.403314364212326
36047089000,0.533804364212326
36047089200,-0.142707635787674
36047089400,-0.273875635787674
36047089600,0.150604364212326
36047089800,-0.548975635787674
36047090000,0.317304364212326
36047090200,-0.155456635787674
36047090600,-0.00767563578767372
36047090800,-0.241435635787674
36047091000,0.0766043642123263
36047091200,0.450054364212326
36047091600,0.0263243642123263
36047091800,-0.103347635787674
36047092000,-0.256065635787674
36047092200,0.0306843642123263
36047092400,-0.177661635787674
36047092800,0.192544364212326
36047093000,0.137264364212326
36047093200,-0.355815635787674
36047093400,0.118074364212326
36047093600,-0.233965635787674
36047093800,-0.0617766357876737
36047094401,0.724464364212326
36047094402,0.271734364212326
36047094600,0.0500043642123263
36047095000,0.589154364212326
36047095400,0.957744364212326
36047095600,0.802044364212326
36047095800,0.571554364212326
36047096000,-1.95145563578767
36047096200,-0.114804935787674
36047096400,0.0988243642123263
36047096600,0.198214364212326
36047096800,-0.315925635787674
36047097000,0.0587643642123263
36047097400,-0.0608646357876737
36047098200,0.497504364212326
36047098400,-0.0361326357876737
36047098600,0.247084364212326
36047098800,0.292494364212326
36047099000,-0.122210735787674
36047099200,0.169664364212326
36047099400,0.301954364212326
36047099600,0.868294364212326
36047099800,0.839674364212326
36047100400,0.654094364212326
36047100600,0.502614364212326
36047100800,0.239994364212326
36047101000,0.357574364212326
36047101200,0.186514364212326
36047101400,0.170694364212326
36047101600,-0.0844516357876737
36047101800,0.309024364212326
36047102000,0.449154364212326
36047102200,0.514844364212326
36047102400,0.428054364212326
36047102600,0.736124364212326
36047102800,0.346844364212326
36047103400,1.05724436421233
36047105801,1.40114436421233
36047105804,1.19554436421233
36047107000,-0.653595635787674
36047107800,0.752084364212326
36047109800,-0.464295635787674
36047110400,0.505844364212326
36047110600,0.562324364212326
36047111000,0.265824364212326
36047111600,0.216524364212326
36047111800,-0.152000635787674
36047112000,0.0678543642123263
36047112200,-0.0907226357876737
36047112400,-0.154075635787674
36047112600,-0.0348236357876737
36047112800,0.112614364212326
36047113000,0.0719543642123263
36047113200,-0.492625635787674
36047113400,-0.457615635787674
36047114201,-0.679305635787674
36047114202,-0.258375635787674
36047114400,-0.361205635787674
36047114600,-0.313025635787674
36047115000,-0.505235635787674
36047115200,-0.412265635787674
36047115600,-0.00941563578767371
36047115800,-0.268965635787674
36047116000,-0.300625635787674
36047116200,-0.311725635787674
36047116400,-0.121623615787674
36047116600,-0.369405635787674
36047116800,-0.597725635787674
36047117000,-0.529645635787674
36047117201,-0.285855635787674
36047117202,0.115074364212326
36047117400,0.125524364212326
36047117601,-0.118884335787674
36047117602,-0.00886563578767371
36047117800,-0.778225635787674
36047118000,-2.38645563578767
36047118201,-0.153956635787674
36047118202,-0.203848635787674
36047118400,0.282604364212326
36047118600,-0.215255635787674
36047118800,-0.133886635787674
36047119000,-0.513535635787674
36047119200,-0.273355635787674
36047119400,-0.0816386357876737
36047119600,0.0567743642123263
36047119800,-0.191462635787674
36047120000,-0.547595635787674
36047120200,-0.854775635787674
36047120800,0.943544364212326
36047121000,0.0501043642123263
36047121400,0.399874364212326
36047122000,0.698204364212326
36047123700,-0.272275635787674
36047150200,-0.383155635787674
36047152200,-0.247995635787674
36061000100,-2.32495563578767
36061000201,-0.988285635787674
36061000202,0.163704364212326
36061000500,-2.40355563578767
36061000600,0.328654364212326
36061000700,-1.58675563578767
36061000800,0.153504364212326
36061000900,-2.65385563578767
36061001001,-1.52925563578767
36061001002,0.0564443642123263
36061001200,-0.938135635787674
36061001300,-1.84955563578767
36061001401,-1.19705563578767
36061001402,-1.43155563578767
36061001501,-0.752575635787674
36061001502,-1.36595563578767
36061001600,-0.311845635787674
36061001800,-0.375795635787674
36061002000,-0.186382635787674
36061002100,-1.98995563578767
36061002201,-0.357745635787674
36061002202,-1.59065563578767
36061002400,-0.0432166357876737
36061002500,-0.439285635787674
36061002601,-0.895185635787674
36061002602,-0.993325635787674
36061002700,-1.62055563578767
36061002800,-0.185073635787674
36061002900,-0.422715635787674
36061003001,-1.13675563578767
36061003002,-1.22165563578767
36061003100,-2.31065563578767
36061003200,-0.554585635787674
36061003300,-1.75965563578767
36061003400,-0.711825635787674
36061003601,-1.27505563578767
36061003602,-1.86855563578767
36061003700,-1.36575563578767
36061003800,-0.689225635787674
36061003900,-1.28665563578767
36061004000,-0.762845635787674
36061004100,-0.378535635787674
36061004200,-1.84105563578767
36061004300,-1.52205563578767
36061004400,0.462454364212326
36061004500,-2.50245563578767
36061004700,-2.25945563578767
36061004800,-0.974945635787674
36061004900,-1.61405563578767
36061005000,-1.49695563578767
36061005200,-2.08585563578767
36061005400,-1.75025563578767
36061005501,-2.28465563578767
36061005502,-2.42065563578767
36061005600,-2.06345563578767
36061005700,-2.02195563578767
36061005800,-2.20005563578767
36061005900,-1.59215563578767
36061006000,-1.17675563578767
36061006100,-1.83215563578767
36061006200,-0.449925635787674
36061006300,-1.61595563578767
36061006400,-0.754255635787674
36061006500,-1.57865563578767
36061006600,-0.268795635787674
36061006700,-1.53965563578767
36061006800,-1.27515563578767
36061006900,-2.17135563578767
36061007000,-0.625385635787674
36061007100,-1.56225563578767
36061007200,-1.03947563578767
36061007300,-1.40085563578767
36061007400,-1.85555563578767
36061007500,-1.35945563578767
36061007600,-1.78325563578767
36061007700,-1.38905563578767
36061007800,-0.939295635787674
36061007900,-1.33615563578767
36061008000,-1.54505563578767
36061008100,-1.01494563578767
36061008200,-1.77595563578767
36061008300,-1.31085563578767
36061008400,-2.21775563578767
36061008601,-2.13425563578767
36061008602,-5.28835563578767
36061008603,-1.61025563578767
36061008700,-1.32765563578767
36061008800,-1.25865563578767
36061008900,-1.23455563578767
36061009000,-1.16375563578767
36061009100,-1.34855563578767
36061009200,-2.69575563578767
36061009300,-0.583955635787674
36061009400,-3.24415563578767
36061009500,-1.77685563578767
36061009600,-2.80645563578767
36061009700,-0.872655635787674
36061009800,-1.26885563578767
36061009900,-2.08425563578767
36061010000,-2.48235563578767
36061010100,-2.80125563578767
36061010200,-4.23525563578767
36061010300,-1.88615563578767
36061010400,-2.89785563578767
36061010601,-0.994445635787674
36061010602,-1.32885563578767
36061010800,-1.33715563578767
36061010900,-2.70725563578767
36061011000,-1.38725563578767
36061011100,-1.25685563578767
36061011201,-2.60495563578767
36061011202,-3.94135563578767
36061011203,-2.89855563578767
36061011300,-2.67395563578767
36061011401,-2.90975563578767
36061011402,-2.34885563578767
36061011500,-2.08685563578767
36061011600,-1.27535563578767
36061011700,-1.54145563578767
36061011800,-1.14435563578767
36061011900,-2.43135563578767
36061012000,-2.21315563578767
36061012100,-0.715295635787674
36061012200,-2.11445563578767
36061012400,-0.390245635787674
36061012500,-2.84005563578767
36061012600,-0.530365635787674
36061012700,-0.843065635787674
36061012800,-1.46775563578767
36061012900,-0.632335635787674
36061013000,-1.87325563578767
36061013100,-2.26875563578767
36061013200,-0.203525635787674
36061013300,-1.23855563578767
36061013400,-0.614045635787674
36061013500,-0.409835635787674
36061013600,0.186734364212326
36061013700,-1.41895563578767
36061013800,-0.378375635787674
36061013900,-0.770415635787674
36061014000,-1.21365563578767
36061014200,-1.75585563578767
36061014300,-2.77985563578767
36061014401,-1.07361563578767
36061014402,-0.695605635787674
36061014500,-2.03385563578767
36061014601,-1.40505563578767
36061014602,-0.742835635787674
36061014700,-1.58205563578767
36061014801,-1.99745563578767
36061014802,-1.22095563578767
36061014900,-1.66625563578767
36061015001,-2.28675563578767
36061015002,-1.73375563578767
36061015100,-0.188717635787674
36061015200,-0.0992966357876737
36061015300,-1.05186563578767
36061015400,0.113614364212326
36061015500,-0.677215635787674
36061015601,-0.635695635787674
36061015602,-1.05119563578767
36061015700,-0.889775635787674
36061015801,-1.18445563578767
36061015802,-0.886645635787674
36061015900,-0.689955635787674
36061016001,-1.74315563578767
36061016002,-0.933745635787674
36061016100,-1.09432563578767
36061016200,0.606854364212326
36061016300,-0.689065635787674
36061016400,-0.0393436357876737
36061016500,-0.997205635787674
36061016600,-0.161050635787674
36061016700,-0.850265635787674
36061016800,-0.483615635787674
36061016900,-0.581025635787674
36061017000,0.161494364212326
36061017100,-0.505675635787674
36061017200,-0.372575635787674
36061017300,-0.613875635787674
36061017401,-0.159372635787674
36061017402,-0.897925635787674
36061017500,-0.336475635787674
36061017700,-0.213567635787674
36061017800,-0.254225635787674
36061017900,-0.347985635787674
36061018000,0.151014364212326
36061018100,-0.230495635787674
36061018200,-0.103057635787674
36061018300,-0.351045635787674
36061018400,-0.00102563578767371
36061018500,-1.16755563578767
36061018600,-0.0781946357876737
36061018700,-0.210417635787674
36061018800,-0.251965635787674
36061018900,0.353774364212326
36061019000,-0.701835635787674
36061019100,-0.174186635787674
36061019200,-0.244055635787674
36061019300,0.183824364212326
36061019400,-0.0681396357876737
36061019500,-0.385695635787674
36061019600,-0.887355635787674
36061019701,-2.52165563578767
36061019702,-0.854895635787674
36061019800,-1.28665563578767
36061019900,-0.974375635787674
36061020000,-0.865375635787674
36061020101,-2.08385563578767
36061020102,-0.402345635787674
36061020300,-3.23765563578767
36061020500,-1.93265563578767
36061020600,-0.732455635787674
36061020701,-4.01785563578767
36061020800,-0.166086635787674
36061020901,-0.615675635787674
36061021000,0.195834364212326
36061021100,-0.160588635787674
36061021200,-0.262355635787674
36061021303,-0.215238635787674
36061021400,-0.297115635787674
36061021500,-0.463625635787674
36061021600,0.212924364212326
36061021800,-0.0814626357876737
36061021900,-0.0346866357876737
36061022000,-0.0791856357876737
36061022102,-0.936585635787674
36061022200,-0.916675635787674
36061022301,0.350004364212326
36061022302,-0.401125635787674
36061022400,0.172084364212326
36061022500,0.870854364212326
36061022600,-0.459335635787674
36061022700,-0.290835635787674
36061022800,-0.117078435787674
36061022900,0.360144364212326
36061023000,0.408344364212326
36061023100,-0.250795635787674
36061023200,0.535284364212326
36061023300,0.169354364212326
36061023400,-0.162242635787674
36061023501,-0.0255336357876737
36061023502,-0.775375635787674
36061023600,0.249164364212326
36061023700,0.381114364212326
36061023801,-1.98915563578767
36061023802,-0.129757835787674
36061023900,-0.896935635787674
36061024000,-1.79145563578767
36061024100,0.520454364212326
36061024200,-0.508295635787674
36061024301,-0.544305635787674
36061024302,0.430594364212326
36061024500,0.821344364212326
36061024700,0.556574364212326
36061024900,-1.28505563578767
36061025100,-0.806285635787674
36061025300,0.526624364212326
36061025500,0.228964364212326
36061025700,-0.639065635787674
36061025900,-0.586585635787674
36061026100,0.818314364212326
36061026300,0.392544364212326
36061026500,0.337864364212326
36061026700,-0.712745635787674
36061026900,0.509854364212326
36061027100,0.537314364212326
36061027300,0.000494364212326293
36061027500,-0.566715635787674
36061027700,0.351484364212326
36061027900,0.785074364212326
36061028100,-0.547655635787674
36061028300,0.519334364212326
36061028500,0.502894364212326
36061028700,0.562384364212326
36061029100,0.847384364212326
36061029300,0.563334364212326
36061029500,0.358534364212326
36061029700,-2.01705563578767
36061029900,0.0137143642123263
36061030300,-0.0192256357876737
36061030700,-0.147786635787674
36061030900,0.595674364212326
36061031100,-2.19795563578767
36061031703,-1.53075563578767
36061031704,-1.44305563578767
36061031900,-2.90955563578767
36081000100,-1.07844563578767
36081000200,-0.202343635787674
36081000400,0.343874364212326
36081000600,0.158234364212326
36081000700,-0.606335635787674
36081000800,-0.0266486357876737
36081001000,-0.277155635787674
36081001200,0.0740343642123263
36081001400,0.0764443642123263
36081001600,-0.0181156357876737
36081001800,-0.0983076357876737
36081001900,-1.90605563578767
36081002000,-0.733875635787674
36081002200,-0.179623635787674
36081002400,-0.403605635787674
36081002500,0.116784364212326
36081002600,-0.399445635787674
36081002800,-0.0261136357876737
36081003000,-0.723205635787674
36081003100,-1.38935563578767
36081003200,-0.558425635787674
36081003300,-0.722535635787674
36081003400,-0.344205635787674
36081003600,-0.0729106357876737
36081003700,-1.84905563578767
36081003800,-0.376135635787674
36081003900,-0.948755635787674
36081004001,-0.582445635787674
36081004002,-0.909105635787674
36081004200,0.0129543642123263
36081004300,-0.436235635787674
36081004401,-0.245975635787674
36081004500,-0.418965635787674
36081004700,-0.149379635787674
36081005000,-2.07345563578767
36081005100,-1.05615563578767
36081005200,-0.328625635787674
36081005300,-0.352565635787674
36081005400,0.442384364212326
36081005500,-1.69715563578767
36081005700,-0.633805635787674
36081005800,0.637124364212326
36081005900,-0.636025635787674
36081006100,-0.319925635787674
36081006201,0.669964364212326
36081006202,0.793724364212326
36081006300,-0.182433635787674
36081006501,-0.624175635787674
36081006502,-0.582645635787674
36081006900,-0.585355635787674
36081007100,-0.458155635787674
36081007300,-0.387725635787674
36081007500,-0.501185635787674
36081007700,-1.23625563578767
36081007900,-0.544225635787674
36081008100,-1.09128563578767
36081008300,-0.494125635787674
36081008500,-1.09553563578767
36081008600,-0.216593635787674
36081008700,0.309604364212326
36081008800,-0.0179656357876737
36081009100,-0.410345635787674
36081009400,-0.157496635787674
36081009500,-0.901035635787674
36081009600,0.0444843642123263
36081009700,-0.384955635787674
36081009800,-0.225395635787674
36081009900,-2.59965563578767
36081010000,-0.0221906357876737
36081010100,-0.502315635787674
36081010200,-0.0352066357876737
36081010300,-0.0909776357876737
36081010400,0.0107743642123263
36081010500,0.161614364212326
36081010600,-0.113634635787674
36081010800,-0.0912486357876737
36081011000,-0.0668186357876737
36081011100,-0.503545635787674
36081011200,-0.347785635787674
36081011300,-0.293075635787674
36081011400,-0.874125635787674
36081011500,-1.01592563578767
36081011600,-0.302465635787674
36081011700,-0.309005635787674
36081011800,-0.255095635787674
36081011900,-0.866035635787674
36081012000,-0.368615635787674
36081012100,-0.588185635787674
36081012200,-0.0979716357876737
36081012301,0.0633143642123263
36081012400,-0.0270906357876737
36081012500,-1.17975563578767
36081012601,-0.166825635787674
36081012602,-0.161949635787674
36081012800,-0.378065635787674
36081013000,-0.616375635787674
36081013200,-0.607105635787674
36081013400,0.371924364212326
36081013500,-0.606905635787674
36081013600,-0.382235635787674
36081013700,-0.979895635787674
36081013800,-0.0145456357876737
36081014000,-0.134806635787674
36081014100,-0.701875635787674
36081014201,0.0857543642123263
36081014202,-0.150010635787674
36081014300,-0.404725635787674
36081014400,-0.545725635787674
36081014500,-0.763855635787674
36081014700,-0.502475635787674
36081014800,-0.353345635787674
36081014900,-0.748285635787674
36081015000,-0.123532435787674
36081015100,-0.873325635787674
36081015200,-0.123236735787674
36081015300,-1.08732563578767
36081015400,-0.209355635787674
36081015500,-1.03845563578767
36081015600,-0.0211506357876737
36081015700,-1.33765563578767
36081015801,0.219574364212326
36081015802,0.266204364212326
36081015900,-0.654435635787674
36081016100,-1.15215563578767
36081016300,-0.0482896357876737
36081016400,0.231164364212326
36081016600,0.137614364212326
36081016800,0.211634364212326
36081016900,-0.0958086357876737
36081017000,0.149434364212326
36081017100,-2.19125563578767
36081017200,0.0292443642123263
36081017400,-0.0163956357876737
36081017600,0.0628043642123263
36081017800,-0.0505756357876737
36081017900,-1.62975563578767
36081018000,-0.409895635787674
36081018101,-0.808395635787674
36081018102,-0.686165635787674
36081018200,0.0688543642123263
36081018300,-0.142249635787674
36081018401,0.0660843642123263
36081018402,0.0227143642123263
36081018501,-0.621135635787674
36081018502,-0.573415635787674
36081018600,-0.286165635787674
36081018700,-0.564785635787674
36081018800,-0.518425635787674
36081018900,-0.395745635787674
36081019000,-0.140941635787674
36081019200,-0.0996136357876737
36081019400,0.161754364212326
36081019600,0.0669743642123263
36081019800,-0.0126056357876737
36081019900,-0.773215635787674
36081020200,-0.487625635787674
36081020400,-0.444655635787674
36081020500,-0.633405635787674
36081020600,-0.473595635787674
36081020800,-0.319035635787674
36081021200,-0.304825635787674
36081021400,0.338504364212326
36081021600,0.188734364212326
36081021900,-2.41335563578767
36081022001,0.612584364212326
36081022002,0.324534364212326
36081022900,-1.81605563578767
36081023000,-0.688995635787674
36081023200,0.129684364212326
36081023500,0.189464364212326
36081023600,-0.419025635787674
36081023800,0.101174364212326
36081024000,0.220994364212326
36081024300,0.158684364212326
36081024500,0.102014364212326
36081024600,-4.46765563578767
36081024700,-1.17605563578767
36081024900,-0.309275635787674
36081025100,-0.384775635787674
36081025301,-0.398635635787674
36081025302,-1.08004563578767
36081025400,0.831374364212326
36081025500,-0.992005635787674
36081025700,-1.24235563578767
36081025800,-0.340255635787674
36081025900,-0.683455635787674
36081026000,-0.394975635787674
36081026100,-0.0381706357876737
36081026200,-0.576695635787674
36081026300,-0.164054635787674
36081026400,-0.0282996357876737
36081026500,-0.576625635787674
36081026600,-0.285395635787674
36081026700,-0.351455635787674
36081026901,-0.305035635787674
36081026902,-0.543265635787674
36081027000,-0.323545635787674
36081027100,0.300984364212326
36081027200,-0.197883635787674
36081027300,0.334314364212326
36081027400,-0.212356635787674
36081027500,0.123434364212326
36081027600,-0.573285635787674
36081027700,0.407854364212326
36081027800,0.0774943642123263
36081027900,0.0478543642123263
36081028000,-0.225695635787674
36081028100,0.0690543642123263
36081028200,-0.464575635787674
36081028300,0.208694364212326
36081028400,0.351604364212326
36081028500,-0.253345635787674
36081028700,-0.0189056357876737
36081028800,0.758614364212326
36081028900,-0.215952635787674
36081029100,-0.0949756357876737
36081029300,-1.23535563578767
36081029400,1.12664436421233
36081029500,-0.319365635787674
36081029700,-0.831905635787674
36081029900,-2.88015563578767
36081030600,0.945844364212326
36081030902,0.476624364212326
36081030903,0.216994364212326
36081030904,-0.198788635787674
36081031700,0.501574364212326
36081032000,0.813164364212326
36081032700,-0.197143635787674
36081032800,0.0414743642123263
36081032900,-0.00120563578767371
36081033000,0.811584364212326
36081033100,-2.86425563578767
36081033401,0.0766043642123263
36081033402,1.66824436421233
36081033700,-0.115413035787674
36081033900,-0.155580635787674
36081034700,0.0419843642123263
36081035100,0.0339043642123263
36081035200,0.138484364212326
36081035300,-0.432945635787674
36081035700,0.427414364212326
36081035800,0.587554364212326
36081036100,-0.229395635787674
36081036300,-0.422055635787674
36081036500,-0.147996635787674
36081036600,0.154214364212326
36081036700,-0.0261606357876737
36081036800,0.0656043642123263
36081037100,-0.420295635787674
36081037300,-0.261445635787674
36081037500,-0.497445635787674
36081037600,1.15564436421233
36081037700,-0.355955635787674
36081037900,-0.00205563578767372
36081038100,0.0236243642123263
36081038302,-0.441585635787674
36081038400,0.332304364212326
36081039400,0.196914364212326
36081039800,-0.280915635787674
36081039900,-0.534755635787674
36081040000,-0.461085635787674
36081040100,-0.0353956357876737
36081040200,-0.229275635787674
36081040300,-0.138218635787674
36081040400,0.404244364212326
36081040500,-0.780165635787674
36081040700,0.119674364212326
36081040900,-0.415805635787674
36081041100,-0.419215635787674
36081041300,-0.353125635787674
36081041400,0.553264364212326
36081041500,-0.142699635787674
36081042400,0.407474364212326
36081042600,-1.39035563578767
36081042700,0.0797243642123263
36081043200,-0.488555635787674
36081043400,-0.242685635787674
36081043701,-0.0647686357876737
36081043702,0.654594364212326
36081043900,0.0286243642123263
36081044000,0.289794364212326
36081044301,-0.0737576357876737
36081044302,0.299974364212326
36081044400,0.0620143642123263
36081044601,-0.253535635787674
36081044602,0.0834843642123263
36081044800,-0.285715635787674
36081045000,-0.461485635787674
36081045200,-1.09154563578767
36081045400,0.213634364212326
36081045500,1.31074436421233
36081045600,-0.715225635787674
36081045700,-0.371575635787674
36081045800,-0.536885635787674
36081045900,-0.328745635787674
36081046000,0.412244364212326
36081046100,-0.559795635787674
36081046200,0.700614364212326
36081046300,-0.405315635787674
36081046400,-0.596055635787674
36081046500,-0.779585635787674
36081046600,-0.0542286357876737
36081046700,0.0759243642123263
36081046800,0.277004364212326
36081046900,0.329314364212326
36081047000,0.300574364212326
36081047100,-0.229565635787674
36081047200,0.292734364212326
36081047300,-0.394985635787674
36081047500,-0.0682236357876737
36081047600,-0.338185635787674
36081047800,0.827174364212326
36081047900,0.254394364212326
36081048000,-0.0957046357876737
36081048100,-0.171340635787674
36081048200,-0.422815635787674
36081048300,-0.478215635787674
36081048400,0.859234364212326
36081048500,-0.132936635787674
36081048900,-0.751225635787674
36081049200,0.849704364212326
36081049301,-0.405985635787674
36081049302,-0.203834635787674
36081049500,-0.469705635787674
36081049600,0.584964364212326
36081049700,-0.0636576357876737
36081049900,0.226784364212326
36081050000,0.489834364212326
36081050201,-0.645825635787674
36081050202,-0.592665635787674
36081050400,-0.385295635787674
36081050500,-0.665925635787674
36081050600,-0.408385635787674
36081050700,0.196294364212326
36081050800,-0.102117635787674
36081051000,-0.300295635787674
36081051100,-0.340515635787674
36081051200,0.536524364212326
36081051300,-0.257205635787674
36081051500,-0.110364635787674
36081051600,0.302304364212326
36081051700,-0.443075635787674
36081051800,0.0553743642123263
36081052000,-0.0420836357876737
36081052100,-0.350965635787674
36081052200,-0.225355635787674
36081052400,-0.179957635787674
36081052500,-0.358755635787674
36081052600,-0.185642635787674
36081052800,-0.227245635787674
36081053000,0.201844364212326
36081053100,0.261044364212326
36081053200,0.145604364212326
36081053401,0.280964364212326
36081053500,-1.09007563578767
36081053601,-0.0575836357876737
36081053800,0.173824364212326
36081053900,0.0503943642123263
36081054000,0.789414364212326
36081054200,0.960244364212326
36081054500,-0.326645635787674
36081054700,-0.0428276357876737
36081054800,0.312084364212326
36081054900,-0.0629466357876737
36081055100,0.0146843642123263
36081055200,0.517534364212326
36081055300,-0.466165635787674
36081055400,0.165204364212326
36081055500,-0.723555635787674
36081055600,0.222704364212326
36081055700,-0.0365186357876737
36081055800,-0.199552635787674
36081055900,-1.17525563578767
36081056000,-0.101870635787674
36081056100,-1.84895563578767
36081056200,-0.317665635787674
36081056400,-0.00104563578767371
36081056500,-0.840015635787674
36081056600,-0.120500035787674
36081056700,0.504494364212326
36081056800,0.841054364212326
36081057700,0.142494364212326
36081057900,-0.477545635787674
36081058000,0.948044364212326
36081058100,-0.154888635787674
36081058200,0.992144364212326
36081058300,-0.219215635787674
36081058500,0.0497343642123263
36081058700,-0.116861435787674
36081058900,0.0574243642123263
36081059000,-0.0760526357876737
36081059100,0.420184364212326
36081059200,0.0779743642123263
36081059300,0.150124364212326
36081059400,0.432364364212326
36081059500,0.282944364212326
36081059600,0.194594364212326
36081059800,0.374634364212326
36081059900,-0.470195635787674
36081060000,-0.0169356357876737
36081060100,-0.274285635787674
36081060300,-0.320415635787674
36081060600,0.210604364212326
36081060701,-2.31075563578767
36081060800,0.250114364212326
36081061000,-0.0415876357876737
36081061200,0.376134364212326
36081061301,0.542004364212326
36081061400,0.0934843642123263
36081061601,0.612284364212326
36081061602,0.211854364212326
36081061800,0.0742043642123263
36081061900,0.102714364212326
36081062000,0.190634364212326
36081062100,0.176584364212326
36081062200,0.812474364212326
36081062300,-0.171426635787674
36081062400,-0.784415635787674
36081062500,0.0714843642123263
36081062600,0.578554364212326
36081062700,0.0402043642123263
36081062900,0.203344364212326
36081063000,0.132774364212326
36081063200,0.359864364212326
36081063301,-0.215480635787674
36081063302,-0.168113635787674
36081063500,0.0734743642123263
36081063700,0.294314364212326
36081063800,0.528824364212326
36081063900,0.0726743642123263
36081064101,-0.518525635787674
36081064102,-3.49665563578767
36081064500,-0.370795635787674
36081064600,0.540754364212326
36081065000,0.357504364212326
36081065400,0.488904364212326
36081065600,0.962644364212326
36081065702,-0.493915635787674
36081065703,0.228034364212326
36081065900,-0.407295635787674
36081066000,0.838404364212326
36081066100,-0.328155635787674
36081066300,0.0557943642123263
36081066400,2.28704436421233
36081066501,0.159134364212326
36081066701,0.0335043642123263
36081066900,-0.237255635787674
36081067100,0.141404364212326
36081067700,-0.226785635787674
36081067900,0.227724364212326
36081068000,0.788534364212326
36081068200,-0.771685635787674
36081068300,-0.135134635787674
36081068700,0.0386043642123263
36081069000,0.602104364212326
36081069300,-0.510685635787674
36081069400,0.875344364212326
36081069500,-0.437385635787674
36081069701,-0.163686635787674
36081069702,0.00103436421232629
36081070300,-0.373955635787674
36081070700,-0.248345635787674
36081070900,-0.256805635787674
36081071100,0.138194364212326
36081071303,-0.104416635787674
36081071304,0.251484364212326
36081071305,-0.149748635787674
36081071306,0.0203743642123263
36081071600,-1.90445563578767
36081071701,0.0869643642123263
36081071702,-0.154355635787674
36081071900,-0.167507635787674
36081072100,0.286504364212326
36081072300,-0.423625635787674
36081072900,-0.759875635787674
36081073100,-0.726985635787674
36081073700,-0.841315635787674
36081073900,-0.326245635787674
36081074100,-0.430975635787674
36081074300,0.158414364212326
36081074500,0.200744364212326
36081074700,-0.186636635787674
36081074900,-0.655945635787674
36081075701,-0.303895635787674
36081075702,-0.342105635787674
36081076901,-0.360915635787674
36081076902,-0.793205635787674
36081077300,-0.818095635787674
36081077500,-0.582015635787674
36081077902,0.383064364212326
36081077903,-0.167656635787674
36081077904,0.581904364212326
36081077905,-0.349845635787674
36081077906,0.0773643642123263
36081077907,-0.112006835787674
36081077908,0.0083943642123263
36081078800,-0.0508966357876737
36081079000,0.104524364212326
36081079200,0.118154364212326
36081079300,-2.70875563578767
36081079701,0.282764364212326
36081079702,-0.146889635787674
36081079900,-0.0307406357876737
36081080301,0.234634364212326
36081080302,0.0118743642123263
36081080900,0.710964364212326
36081081400,0.650464364212326
36081081800,0.506574364212326
36081083700,0.558274364212326
36081083800,0.852654364212326
36081084000,1.09154436421233
36081084500,0.367214364212326
36081084601,0.268694364212326
36081084602,-0.231545635787674
36081084900,0.460724364212326
36081085300,-0.0257136357876737
36081085500,0.456094364212326
36081085700,0.249694364212326
36081085900,0.363464364212326
36081086100,-0.364915635787674
36081086300,0.527514364212326
36081086400,0.0590043642123263
36081086500,-0.164874635787674
36081086900,-0.448225635787674
36081087100,-0.548895635787674
36081088400,1.05364436421233
36081088901,1.09234436421233
36081089200,1.49624436421233
36081090700,-0.441595635787674
36081091601,1.51934436421233
36081091602,-1.24905563578767
36081091800,-1.38835563578767
36081091900,0.789154364212326
36081092200,0.649984364212326
36081092500,0.415224364212326
36081092800,1.02614436421233
36081092900,1.03694436421233
36081093401,0.936444364212326
36081093402,0.946844364212326
36081093800,0.993044364212326
36081093900,0.856004364212326
36081094201,0.666964364212326
36081094202,0.910244364212326
36081094203,1.51464436421233
36081094500,0.708624364212326
36081094700,0.113264364212326
36081095400,1.01134436421233
36081096400,0.739924364212326
36081097202,0.588414364212326
36081097203,1.63514436421233
36081097204,0.499384364212326
36081097300,0.327434364212326
36081098100,0.498534364212326
36081098700,0.524924364212326
36081099100,1.24354436421233
36081099200,0.710874364212326
36081099701,0.583874364212326
36081099703,0.767394364212326
36081099704,1.08984436421233
36081099705,0.331974364212326
36081099801,1.42004436421233
36081099802,1.03464436421233
36081099900,-1.71785563578767
36081100801,0.660774364212326
36081100802,1.49724436421233
36081101001,1.78184436421233
36081101002,1.08214436421233
36081101700,1.04834436421233
36081102900,0.324474364212326
36081103201,1.25284436421233
36081103202,1.24114436421233
36081103300,0.656954364212326
36081103900,0.748764364212326
36081104700,0.922844364212326
36081105900,0.509794364212326
36081107201,0.495644364212326
36081107202,-1.75355563578767
36081108500,0.225684364212326
36081109300,0.648384364212326
36081109700,-0.0489366357876737
36081109900,0.401884364212326
36081111300,0.112674364212326
36081112300,-0.271215635787674
36081112900,-0.0498346357876737
36081113300,-0.393545635787674
36081113900,0.189624364212326
36081114100,0.267174364212326
36081114700,-0.292675635787674
36081115100,-0.449125635787674
36081115500,-0.266265635787674
36081115700,0.0373343642123263
36081115900,0.216054364212326
36081116100,0.0716643642123263
36081116300,0.750114364212326
36081116700,-0.613905635787674
36081117100,-0.171957635787674
36081117500,0.385824364212326
36081118100,-0.433145635787674
36081118500,-0.497995635787674
36081118700,-0.443525635787674
36081118900,-0.369855635787674
36081119100,-0.0935456357876737
36081119300,-0.330555635787674
36081119500,-0.418985635787674
36081119900,-0.367305635787674
36081120100,-0.389715635787674
36081120300,-0.490015635787674
36081120500,-0.273395635787674
36081120700,0.0521443642123263
36081121100,-1.86185563578767
36081121500,0.284654364212326
36081122300,0.301354364212326
36081122701,1.28094436421233
36081122702,0.688774364212326
36081124100,0.252904364212326
36081124700,0.294524364212326
36081125700,0.115964364212326
36081126500,-0.341845635787674
36081126700,-0.123222535787674
36081127700,0.361084364212326
36081128300,-2.30775563578767
36081129102,0.270334364212326
36081129103,0.532224364212326
36081129104,0.687654364212326
36081130100,0.458354364212326
36081133300,0.223564364212326
36081133900,-0.587595635787674
36081134100,0.285414364212326
36081134700,1.36234436421233
36081136700,0.990544364212326
36081137700,1.27214436421233
36081138501,0.898544364212326
36081138502,-1.57335563578767
36081139900,-0.115182735787674
36081140300,0.246294364212326
36081140901,-0.462585635787674
36081140902,0.266554364212326
36081141700,0.777434364212326
36081142900,0.412384364212326
36081143500,0.0553743642123263
36081144100,0.285254364212326
36081144700,0.301434364212326
36081145101,-0.474995635787674
36081145102,0.190814364212326
36081145900,0.0407443642123263
36081146300,0.223294364212326
36081146700,-0.154056635787674
36081147100,0.308964364212326
36081147900,0.767164364212326
36081148300,0.513304364212326
36081150701,0.555884364212326
36081150702,0.657274364212326
36081152901,1.34164436421233
36081152902,1.25484436421233
36081155101,0.260604364212326
36081155102,1.65824436421233
36081156700,-0.619975635787674
36081157101,1.40964436421233
36081157102,-0.170900635787674
36081157901,1.16914436421233
36081157902,0.884944364212326
36081157903,0.953044364212326
36081161700,0.835574364212326
36081162100,1.27884436421233
36081990100,-1.15275563578767
36085000300,-0.276945635787674
36085000600,0.421464364212326
36085000700,1.03034436421233
36085000800,1.00264436421233
36085000900,0.461734364212326
36085001100,0.843104364212326
36085001700,-0.0730276357876737
36085001800,-0.912085635787674
36085002001,0.123244364212326
36085002002,0.244764364212326
36085002100,1.49734436421233
36085002700,-0.247355635787674
36085002900,1.15994436421233
36085003300,1.17524436421233
36085003600,0.358264364212326
36085003900,0.973344364212326
36085004000,2.32034436421233
36085004700,0.793554364212326
36085005000,0.632504364212326
36085005900,1.22714436421233
36085006400,0.461814364212326
36085006700,1.38414436421233
36085007000,1.60384436421233
36085007400,0.979044364212326
36085007500,0.911344364212326
36085007700,0.549484364212326
36085008100,1.17704436421233
36085009601,0.641824364212326
36085009602,0.720444364212326
36085009700,1.37914436421233
36085010500,1.53104436421233
36085011201,1.44624436421233
36085011202,1.53094436421233
36085011401,0.712494364212326
36085011402,0.826654364212326
36085012100,1.16964436421233
36085012200,1.16854436421233
36085012500,0.881844364212326
36085012804,1.39414436421233
36085012805,1.12664436421233
36085012806,1.74224436421233
36085013201,0.204264364212326
36085013203,1.71794436421233
36085013204,1.37264436421233
36085013301,4.43642123262866e-05
36085013302,0.858504364212326
36085013400,0.929344364212326
36085013800,1.75774436421233
36085014100,0.909844364212326
36085014604,1.98274436421233
36085014605,1.50624436421233
36085014606,1.85444436421233
36085014607,1.49014436421233
36085014608,1.28654436421233
36085014700,1.06154436421233
36085015100,1.63664436421233
36085015400,-2.82325563578767
36085015601,1.72974436421233
36085015602,1.20074436421233
36085015603,1.27934436421233
36085016901,0.673654364212326
36085017005,1.60094436421233
36085017007,1.56354436421233
36085017008,2.51124436421233
36085017009,2.14314436421233
36085017010,2.89964436421233
36085017011,1.54854436421233
36085017012,1.53604436421233
36085017300,0.658414364212326
36085017600,1.90894436421233
36085017700,1.83624436421233
36085018100,1.42014436421233
36085018701,0.349174364212326
36085018702,1.63074436421233
36085018901,1.69204436421233
36085018902,1.73534436421233
36085019700,0.811894364212326
36085019800,2.06424436421233
36085020100,1.26884436421233
36085020700,1.42584436421233
36085020801,2.38034436421233
36085020803,2.36634436421233
36085020804,2.20994436421233
36085021300,1.50614436421233
36085022300,1.17314436421233
36085022600,2.68314436421233
36085022800,0.0333943642123263
36085023100,1.55984436421233
36085023900,1.32854436421233
36085024401,2.32344436421233
36085024402,2.12164436421233
36085024700,0.966344364212326
36085024800,2.19274436421233
36085025100,2.19484436421233
36085027301,1.74664436421233
36085027302,1.75774436421233
36085027702,2.26074436421233
36085027704,1.92424436421233
36085027705,1.42874436421233
36085027706,0.785034364212326
36085027900,1.10874436421233
36085029102,1.69414436421233
36085029103,2.03374436421233
36085029104,1.57264436421233
36085030301,1.29704436421233
36085030302,2.10234436421233
36085031901,1.46784436421233
36085031902,1.43364436421233
36085032300,0.743834364212326
