36005000100,-0.47755
36005000200,-0.19895
36005000400,-0.15064
36005001600,-0.19223
36005001900,-0.10064
36005002000,-0.27401
36005002300,-0.2941
36005002400,0.11408
36005002500,-0.33153
36005002701,-0.2835
36005002702,-0.33531
36005002800,-0.22635
36005003100,-0.19324
36005003300,-0.32996
36005003500,-0.26887
36005003700,-0.22927
36005003800,-0.20644
36005003900,-0.26346
36005004001,-0.11706
36005004100,-0.27611
36005004200,-0.22535
36005004300,-0.29352
36005004400,-0.27556
36005004600,-0.23505
36005004800,-0.14993
36005005001,-0.17983
36005005002,-0.19845
36005005100,-0.29694
36005005200,-0.063865
36005005300,-0.28682
36005005400,-0.16113
36005005600,-0.047427
36005005902,-0.20209
36005006000,-0.17065
36005006100,-0.19251
36005006200,-0.26488
36005006300,-0.20553
36005006400,-0.25535
36005006500,-0.24629
36005006700,-0.30944
36005006800,-0.12967
36005006900,-0.22067
36005007000,-0.15729
36005007100,-0.16965
36005007200,-0.12214
36005007300,-0.30997
36005007400,-0.091779
36005007500,-0.26095
36005007600,-0.1409
36005007700,-0.23246
36005007800,-0.11653
36005007900,-0.3036
36005008300,-0.28794
36005008400,-0.089403
36005008500,-0.22906
36005008600,-0.020242
36005008700,-0.30493
36005008900,-0.28768
36005009000,-0.068177
36005009200,-0.010006
36005009300,-0.24247
36005009600,-0.053851
36005009800,-0.10961
36005011000,0.25905
36005011502,-0.27526
36005011700,-0.22169
36005011800,-0.26933
36005011900,-0.32348
36005012101,-0.26847
36005012102,-0.29362
36005012300,-0.27877
36005012500,-0.22788
36005012701,-0.32944
36005012901,-0.25779
36005013000,-0.14763
36005013100,-0.25271
36005013200,-0.24011
36005013300,-0.35383
36005013500,-0.24406
36005013800,-0.28429
36005014100,-0.20647
36005014300,-0.21819
36005014400,-0.36156
36005014500,-0.18502
36005014701,-0.28487
36005014702,-0.27625
36005014900,-0.21773
36005015100,-0.21505
36005015200,-0.055447
36005015300,-0.14646
36005015500,-0.23876
36005015700,-0.16389
36005015800,0.010002
36005015900,-0.20236
36005016000,-0.19662
36005016100,-0.32205
36005016200,-0.15445
36005016300,0.013152
36005016400,-0.22727
36005016500,-0.28497
36005016600,-0.06563
36005016700,-0.22682
36005016900,-0.1337
36005017100,0.33196
36005017300,-0.22357
36005017500,-0.39911
36005017701,-0.31989
36005017702,-0.3071
36005017901,-0.22448
36005017902,-0.19862
36005018101,-0.24688
36005018102,-0.26261
36005018301,-0.20339
36005018302,-0.18777
36005018400,0.0082209
36005018500,-0.30322
36005018900,-0.24198
36005019300,-0.32259
36005019400,-0.13925
36005019500,-0.23124
36005019700,-0.24479
36005019900,-0.2295
36005020000,-0.017275
36005020100,-0.19829
36005020200,-0.083863
36005020400,0.017088
36005020501,-0.30647
36005020502,-0.22704
36005020601,-0.063145
36005020900,-0.28752
36005021001,-0.072981
36005021002,-0.068751
36005021100,-0.25869
36005021200,-0.054201
36005021301,-0.2457
36005021302,-0.1922
36005021501,-0.22557
36005021502,-0.24795
36005021601,-0.19715
36005021602,-0.021743
36005021700,-0.30005
36005021800,-0.16434
36005021900,-0.28742
36005022000,-0.1301
36005022101,-0.32082
36005022102,-0.2891
36005022200,-0.078888
36005022300,-0.30336
36005022401,-0.092042
36005022403,-0.00076034
36005022404,-0.1259
36005022500,-0.17023
36005022701,-0.1309
36005022702,-0.10219
36005022703,-0.25071
36005022800,0.055737
36005022901,-0.28155
36005022902,-0.20977
36005023000,-0.1781
36005023100,-0.18462
36005023200,-0.15574
36005023301,-0.29453
36005023302,-0.26088
36005023501,-0.26397
36005023502,-0.24198
36005023600,-0.093114
36005023702,-0.32505
36005023703,-0.28587
36005023704,-0.23021
36005023800,-0.2046
36005023900,-0.26746
36005024000,-0.22501
36005024100,-0.25812
36005024300,-0.20629
36005024400,-0.16089
36005024501,-0.35573
36005024502,-0.28704
36005024600,-0.14883
36005024700,-0.3104
36005024800,-0.15852
36005024900,0.049879
36005025000,-0.10919
36005025100,-0.24502
36005025200,-0.17059
36005025300,-0.25986
36005025400,-0.1091
36005025500,-0.2312
36005025600,-0.1075
36005025700,-0.19669
36005026100,-0.05276
36005026300,-0.25686
36005026400,-0.13584
36005026500,-0.25483
36005026601,-0.13227
36005026602,-0.079648
36005026701,-0.24118
36005026702,-0.20539
36005026900,-0.22338
36005027300,-0.22626
36005027401,-0.06327
36005027402,-0.068417
36005027600,-0.19866
36005027700,-0.19346
36005027900,-0.11777
36005028100,-0.13098
36005028300,-0.19381
36005028400,-0.17835
36005028500,-0.082386
36005028600,-0.14504
36005028700,-0.095712
36005028800,-0.13702
36005028900,-0.15557
36005029301,0.14237
36005029302,0.15192
36005029500,0.15725
36005029600,0.067409
36005029700,0.22674
36005030000,-0.043796
36005030100,0.099379
36005030200,-0.20017
36005030701,0.07247
36005030900,0.020744
36005031000,-0.1248
36005031200,-0.062337
36005031400,-0.15155
36005031600,-0.24456
36005031800,-0.085356
36005031900,-0.17625
36005032300,0.12964
36005032400,-0.19496
36005032600,-0.18434
36005032800,-0.1426
36005033000,-0.15562
36005033201,-0.19105
36005033202,-0.17926
36005033400,-0.076913
36005033500,0.070672
36005033600,-0.22038
36005033700,-0.076041
36005033800,-0.2803
36005034000,-0.22154
36005034200,-0.29739
36005034300,-0.023844
36005034400,-0.17015
36005034500,0.08625
36005034800,-0.20193
36005035000,-0.19873
36005035100,0.12524
36005035600,-0.28432
36005035800,-0.2659
36005035900,-0.2851
36005036000,-0.23522
36005036100,-0.27976
36005036300,-0.24112
36005036400,-0.32448
36005036501,-0.17109
36005036502,-0.19765
36005036700,-0.15754
36005036800,-0.42622
36005036901,-0.2681
36005036902,-0.20071
36005037000,-0.31945
36005037100,-0.23938
36005037200,-0.29083
36005037300,-0.21796
36005037400,-0.3368
36005037504,-0.16939
36005037600,-0.37477
36005037800,-0.33303
36005037900,-0.23672
36005038000,-0.2592
36005038100,-0.28634
36005038200,-0.33931
36005038301,-0.27177
36005038302,-0.257
36005038500,-0.29109
36005038600,-0.31601
36005038700,-0.27183
36005038800,-0.26689
36005038900,-0.27142
36005039000,-0.34081
36005039100,-0.23094
36005039200,-0.41171
36005039300,-0.2153
36005039400,-0.36019
36005039500,-0.25283
36005039600,-0.27522
36005039700,-0.3312
36005039800,-0.31283
36005039901,-0.2157
36005039902,-0.24514
36005040100,-0.21802
36005040302,-0.27029
36005040303,-0.21594
36005040304,-0.20787
36005040400,-0.34922
36005040501,-0.26429
36005040502,-0.27323
36005040600,-0.37231
36005040701,-0.22602
36005040702,-0.21892
36005040800,-0.32014
36005040900,-0.19681
36005041100,-0.18594
36005041300,-0.1635
36005041400,-0.23211
36005041500,-0.14755
36005041800,-0.29407
36005041900,-0.19994
36005042000,-0.28042
36005042100,-0.24138
36005042200,-0.35179
36005042300,-0.19704
36005042400,-0.29659
36005042500,-0.12619
36005042600,-0.28233
36005042800,-0.30847
36005042901,-0.17553
36005042902,-0.24827
36005043000,-0.27722
36005043100,-0.28439
36005043400,-0.28487
36005043500,-0.46364
36005043600,-0.25633
36005044200,-0.29724
36005044400,-0.28909
36005044800,-0.28326
36005044901,-0.088044
36005044902,-0.04492
36005045101,-0.02239
36005045102,-0.065907
36005045600,-0.20669
36005045800,-0.21992
36005046000,-0.32633
36005046201,-0.17118
36005046202,-0.21438
36005048400,-0.2396
36005050400,0.23001
36005051600,-0.21046
36047000100,0.39709
36047000200,-0.20057
36047000301,0.60899
36047000501,0.59591
36047000502,0.59465
36047000700,0.60477
36047000900,0.62336
36047001100,0.2867
36047001300,0.22545
36047001500,0.3208
36047001800,-0.058794
36047002000,-0.26304
36047002100,0.80137
36047002200,-0.18597
36047002300,-0.15124
36047002901,-0.19723
36047003000,0.065707
36047003100,0.10063
36047003300,0.49398
36047003400,0.042554
36047003500,0.42107
36047003600,0.067805
36047003700,0.10484
36047003800,0.039177
36047003900,0.44909
36047004100,0.55542
36047004300,0.65524
36047004400,-0.072155
36047004500,0.64925
36047004600,-0.050466
36047004700,0.37118
36047004900,0.53164
36047005000,0.079462
36047005100,0.40983
36047005201,0.04255
36047005202,0.077166
36047005300,0.17027
36047005400,0.008058
36047005601,0.15728
36047005602,0.23328
36047005800,0.11514
36047005900,0.3175
36047006000,0.10975
36047006200,0.10335
36047006300,0.45789
36047006400,0.052944
36047006500,0.59529
36047006600,0.092229
36047006700,0.6128
36047006800,-0.039078
36047006900,0.66014
36047007000,-0.060607
36047007100,0.0736
36047007200,-0.10113
36047007400,-0.16497
36047007500,0.51914
36047007600,-0.094288
36047007700,0.51848
36047007800,-0.14723
36047008000,-0.14326
36047008200,-0.085041
36047008400,-0.038457
36047008500,-0.22512
36047008600,-0.097686
36047008800,-0.051858
36047009000,-0.10843
36047009200,-0.1221
36047009400,-0.2171
36047009600,-0.13154
36047009800,-0.14303
36047010000,-0.14038
36047010100,0.032712
36047010200,-0.1504
36047010400,-0.10869
36047010600,-0.10788
36047010800,-0.18082
36047011000,-0.2671
36047011200,-0.35046
36047011400,-0.52108
36047011600,-0.15809
36047011700,0.20076
36047011800,-0.12219
36047011900,0.30644
36047012000,-0.16385
36047012100,0.15392
36047012200,-0.051585
36047012600,-0.00085227
36047012700,0.19887
36047012801,-0.074795
36047012901,0.38178
36047012902,0.48529
36047013000,0.1298
36047013100,0.42914
36047013200,-0.034067
36047013300,0.55581
36047013400,0.14156
36047013500,0.54744
36047013600,0.17962
36047013700,0.4259
36047013800,0.12991
36047013900,0.36791
36047014000,0.11225
36047014100,0.44327
36047014200,0.16412
36047014300,0.29959
36047014500,0.16516
36047014700,0.29826
36047014800,0.035072
36047014900,0.42013
36047015000,-0.03666
36047015100,0.53093
36047015200,0.11893
36047015300,0.37503
36047015400,-0.010884
36047015500,0.57217
36047015700,0.50391
36047015900,0.57166
36047016000,0.083951
36047016100,0.50828
36047016200,0.072585
36047016300,0.44072
36047016400,-0.14504
36047016500,0.59232
36047016600,0.043958
36047016700,0.4738
36047016800,-0.05513
36047016900,0.33046
36047017000,-0.11163
36047017100,0.30648
36047017200,-0.050497
36047017400,-0.076828
36047017500,-0.097594
36047017600,-0.071594
36047017700,-0.099609
36047017800,-0.070108
36047017900,0.18495
36047018000,-0.11386
36047018100,0.48622
36047018200,-0.053043
36047018300,0.48676
36047018400,-0.020907
36047018501,-0.093162
36047018600,-0.069063
36047018700,0.41732
36047018800,-0.028375
36047019000,-0.11436
36047019100,0.32847
36047019200,-0.38538
36047019300,-0.029067
36047019400,-0.027623
36047019500,0.34371
36047019600,-0.032429
36047019700,0.36794
36047019800,-0.0040512
36047019900,0.36647
36047020000,-0.0027625
36047020100,0.27446
36047020200,0.1194
36047020300,0.3734
36047020400,0.1086
36047020500,0.34268
36047020600,0.049996
36047020700,0.26603
36047020800,-0.0047202
36047021000,-0.0016341
36047021100,-0.016834
36047021200,-0.0543
36047021300,0.022097
36047021400,-0.42635
36047021500,0.22642
36047021600,-0.64806
36047021700,0.090532
36047021800,-0.70236
36047021900,0.1272
36047022000,-0.73368
36047022100,0.097111
36047022200,-0.69856
36047022400,-0.63886
36047022600,-0.28493
36047022700,0.17407
36047022800,-0.55469
36047022900,0.18827
36047023000,-0.64329
36047023100,0.29306
36047023200,-0.75468
36047023300,-0.074537
36047023400,-0.77848
36047023500,-0.10152
36047023600,-0.77842
36047023800,-0.76046
36047024000,-0.681
36047024100,0.13303
36047024200,-0.66117
36047024300,0.082427
36047024400,-0.44432
36047024500,0.066898
36047024600,-0.27063
36047024700,-0.067083
36047024800,-0.22014
36047024900,-0.0013249
36047025000,-0.072626
36047025100,-0.09874
36047025200,-0.15038
36047025300,-0.020099
36047025400,-0.076044
36047025500,-0.22101
36047025600,-0.069277
36047025700,-0.069641
36047025800,-0.036071
36047025901,-0.0013513
36047025902,-0.16784
36047026000,-0.034951
36047026100,-0.063092
36047026200,-0.05687
36047026300,-0.11378
36047026400,-0.040204
36047026500,-0.065646
36047026600,-0.071482
36047026700,0.039555
36047026800,-0.091996
36047026900,-0.017397
36047027000,-0.16885
36047027100,-0.089079
36047027200,-0.10608
36047027300,0.032711
36047027400,-0.079146
36047027500,-0.070541
36047027600,-0.12907
36047027700,-0.10948
36047027800,-0.11672
36047027900,0.0091453
36047028000,-0.046075
36047028100,-0.069991
36047028200,-0.019754
36047028300,-0.1931
36047028400,-0.13636
36047028501,-0.09818
36047028502,-0.22063
36047028600,-0.12346
36047028700,-0.10395
36047028800,-0.12833
36047028900,-0.080514
36047029000,-0.15212
36047029100,-0.012167
36047029200,-0.049897
36047029300,-0.064142
36047029400,-3.7032e-05
36047029500,-0.011383
36047029600,-0.097658
36047029700,0.015022
36047029800,-0.074645
36047029900,-0.049471
36047030000,-0.080915
36047030100,-0.13085
36047030200,0.0099359
36047030300,-0.19674
36047030400,-0.016885
36047030500,0.25167
36047030600,-0.15512
36047030700,-0.15993
36047030800,-0.28328
36047030900,-0.14087
36047031100,-0.13957
36047031300,-0.007136
36047031400,-0.13173
36047031500,0.062828
36047031701,-0.02431
36047031702,0.045111
36047031900,-0.3025
36047032100,-0.14071
36047032300,-0.02988
36047032500,-0.1376
36047032600,-0.17419
36047032700,-0.078312
36047032800,-0.091386
36047032900,-0.31398
36047033000,-0.19255
36047033100,-0.59876
36047033300,-0.57157
36047033500,-0.52326
36047033600,-0.2493
36047033700,-0.44836
36047033900,-0.041963
36047034000,-0.14308
36047034100,0.047768
36047034200,-0.18821
36047034300,-0.19564
36047034500,-0.14039
36047034700,-0.1645
36047034800,-0.20709
36047034900,-0.16747
36047035000,-0.34784
36047035100,-0.30144
36047035200,-0.13685
36047035300,-0.28143
36047035400,-0.31303
36047035500,-0.28413
36047035601,-0.35691
36047035602,-0.38117
36047035700,-0.19698
36047035900,-0.22458
36047036001,-0.34956
36047036002,-0.41295
36047036100,-0.16618
36047036200,-0.33022
36047036300,-0.14851
36047036400,-0.36463
36047036501,-0.18547
36047036502,-0.14366
36047036600,-0.29502
36047036700,-0.18744
36047036900,-0.17464
36047037000,-0.255
36047037100,-0.14807
36047037300,-0.17864
36047037401,-0.26313
36047037402,-0.25272
36047037500,-0.15982
36047037700,-0.10347
36047037900,-0.10265
36047038100,-0.099871
36047038200,-0.17372
36047038300,-0.053714
36047038500,-0.091371
36047038600,-0.21673
36047038700,-0.15314
36047038800,-0.16237
36047038900,0.033244
36047039000,-0.25916
36047039100,-0.05583
36047039200,-0.32673
36047039300,-0.009579
36047039400,-0.29534
36047039500,-0.19462
36047039600,-0.24398
36047039700,-0.08185
36047039800,-0.15848
36047039900,-0.20751
36047040000,-0.11396
36047040100,-0.12387
36047040200,-0.09678
36047040300,-0.10022
36047040400,-0.058487
36047040500,-0.14568
36047040600,-0.092947
36047040700,0.05598
36047040800,-0.1094
36047040900,-0.14321
36047041000,-0.15531
36047041100,-0.17548
36047041200,-0.20818
36047041300,-0.18712
36047041401,-0.17316
36047041402,-0.32357
36047041500,-0.22238
36047041600,-0.30951
36047041700,-0.16956
36047041800,-0.32435
36047041900,-0.1508
36047042000,-0.43721
36047042100,-0.1066
36047042200,-0.28298
36047042300,-0.093198
36047042400,-0.1928
36047042500,-0.00447
36047042600,-0.12605
36047042700,-0.026328
36047042800,-0.23166
36047042900,-0.18821
36047043000,-0.2
36047043100,-0.11134
36047043200,-0.19695
36047043300,-0.20642
36047043400,-0.17474
36047043500,-0.20402
36047043600,-0.18924
36047043700,-0.14838
36047043800,-0.31634
36047043900,-0.13946
36047044000,-0.33854
36047044100,-0.084753
36047044200,-0.40577
36047044300,-0.13645
36047044400,-0.32589
36047044500,-0.093559
36047044600,-0.12691
36047044700,0.1011
36047044800,-0.34201
36047044900,-0.13595
36047045000,-0.37099
36047045200,-0.41037
36047045300,0.16315
36047045400,-0.56606
36047045600,-0.29901
36047045800,-0.20673
36047046000,-0.32693
36047046201,-0.39475
36047046202,-0.3773
36047046400,-0.66384
36047046800,-0.66203
36047047000,-0.69202
36047047200,-0.75736
36047047400,-0.74031
36047047600,-0.71206
36047047700,0.46829
36047047800,-0.62247
36047048000,-0.5358
36047048100,0.26065
36047048200,-0.28428
36047048400,-0.46273
36047048500,0.25491
36047048600,-0.23753
36047048800,-0.238
36047048900,-0.22191
36047049000,-0.31182
36047049100,-0.095271
36047049200,-0.19248
36047049300,-0.049962
36047049400,-0.11408
36047049500,0.3541
36047049600,-0.10342
36047049700,0.42702
36047049800,-0.028808
36047049900,0.19306
36047050000,0.18824
36047050100,0.30708
36047050202,0.26895
36047050300,0.33063
36047050400,0.1547
36047050500,0.025853
36047050600,-0.12831
36047050700,-0.60509
36047050801,-0.16312
36047050803,-0.14218
36047050804,-0.11712
36047050900,-0.79974
36047051001,-0.23128
36047051002,-0.17296
36047051100,0.11034
36047051200,-0.15189
36047051300,0.28929
36047051400,-0.10469
36047051500,0.50316
36047051601,-0.19274
36047051602,-0.22899
36047051700,0.4595
36047051800,0.040628
36047051900,0.4518
36047052000,-0.046132
36047052300,0.16708
36047052500,-0.49369
36047052600,-0.083399
36047052700,-0.12718
36047052800,-0.27605
36047052900,-0.8285
36047053000,-0.3809
36047053100,-0.85449
36047053200,-0.35541
36047053300,-0.84201
36047053400,-0.45131
36047053500,-0.85411
36047053700,-0.81445
36047053800,-0.31372
36047053900,-0.73213
36047054200,-0.47007
36047054300,0.11372
36047054400,-0.43481
36047054500,-0.73878
36047054600,-0.36139
36047054700,-0.57793
36047054800,-0.40984
36047054900,-0.10291
36047055000,-0.36814
36047055100,0.19697
36047055200,-0.3281
36047055300,0.36596
36047055400,-0.3536
36047055500,0.37009
36047055600,-0.3534
36047055700,0.41636
36047055800,-0.37552
36047056000,-0.386
36047056100,0.17907
36047056200,-0.45254
36047056300,0.20452
36047056400,-0.30237
36047056500,0.25866
36047056600,-0.13768
36047056800,-0.1703
36047056900,0.2583
36047057000,-0.1519
36047057100,0.12029
36047057200,-0.16275
36047057300,0.16882
36047057400,-0.15609
36047057500,0.1504
36047057600,-0.21516
36047057800,-0.31142
36047057900,0.044747
36047058000,-0.22028
36047058200,-0.23619
36047058400,-0.28075
36047058600,-0.13237
36047058800,-0.24987
36047058900,0.16632
36047059000,-0.21593
36047059100,0.13928
36047059200,-0.26924
36047059300,0.050876
36047059401,-0.2697
36047059402,-0.2273
36047059600,-0.34565
36047059800,-0.29229
36047060000,-0.32524
36047060600,-0.34407
36047060800,-0.27892
36047061002,-0.42183
36047061003,-0.34826
36047061004,-0.38345
36047061200,-0.39413
36047061600,-0.2716
36047062000,-0.33225
36047062200,-0.23613
36047062600,-0.20136
36047062800,-0.18898
36047063200,-0.15466
36047063600,-0.046915
36047063800,-0.20033
36047064000,-0.16586
36047064200,-0.38722
36047064400,-0.2414
36047064600,-0.25738
36047064800,-0.15528
36047065000,-0.078557
36047065200,-0.0099281
36047065400,-0.075258
36047065600,-0.035008
36047065800,-0.077745
36047066000,-0.076343
36047066200,-0.069937
36047066600,-0.032018
36047067000,-0.11889
36047067200,-0.065705
36047067400,-0.10055
36047067600,-0.1379
36047067800,-0.14655
36047068000,-0.1966
36047068200,-0.095977
36047068600,-0.07111
36047068800,-0.083495
36047069000,-0.077175
36047069200,-0.13127
36047069601,-0.086046
36047069602,-0.088427
36047069800,-0.0017489
36047070000,-0.16127
36047070201,-0.19604
36047070202,-0.0047531
36047070203,-0.21395
36047070600,-0.13411
36047072000,-0.12824
36047072200,-0.21893
36047072400,-0.053675
36047072600,-0.049512
36047072800,-0.040357
36047073000,-0.084039
36047073200,-0.15579
36047073400,-0.22199
36047073600,-0.125
36047073800,-0.25177
36047074000,-0.19935
36047074200,-0.29755
36047074400,-0.52999
36047074600,-0.24188
36047074800,-0.37641
36047075000,-0.47111
36047075200,-0.45566
36047075400,-0.50656
36047075600,-0.36279
36047075800,-0.38064
36047076000,-0.38354
36047076200,-0.30189
36047076400,-0.16245
36047076600,-0.19445
36047076800,-0.46408
36047077000,-0.12933
36047077200,-0.15807
36047077400,-0.2219
36047077600,-0.044827
36047078000,-0.10466
36047078200,-0.16937
36047078400,-0.14243
36047078600,-0.17793
36047078800,-0.18302
36047079000,-0.18366
36047079200,-0.22269
36047079400,-0.1856
36047079601,-0.15096
36047079602,-0.15219
36047079801,0.0022356
36047079802,-0.060715
36047080000,-0.069934
36047080200,-0.12564
36047080400,-0.14371
36047080600,-0.28135
36047080800,-0.078631
36047081000,-0.11667
36047081400,-0.17468
36047081600,-0.20915
36047081800,-0.11109
36047082000,-0.16594
36047082200,-0.21172
36047082400,-0.22191
36047082600,-0.21393
36047082800,-0.21492
36047083000,-0.19231
36047083200,-0.14691
36047083400,-0.11471
36047083600,-0.10468
36047083800,-0.13749
36047084000,-0.15834
36047084600,-0.079654
36047084800,-0.12814
36047085000,-0.14857
36047085200,0.029928
36047085400,-0.1935
36047085600,-0.14803
36047085800,-0.17696
36047086000,-0.17312
36047086200,-0.17166
36047086400,-0.16522
36047086600,-0.12202
36047086800,-0.19011
36047087000,-0.15558
36047087200,-0.1843
36047087401,-0.28028
36047087600,-0.23439
36047087800,-0.14465
36047088000,-0.14489
36047088200,-0.18876
36047088400,-0.20617
36047088600,-0.22148
36047088800,-0.19769
36047089000,-0.27228
36047089200,-0.1614
36047089400,-0.19483
36047089600,-0.24309
36047089800,-0.18139
36047090000,-0.19727
36047090200,-0.16975
36047090600,-0.25068
36047090800,-0.23294
36047091000,-0.24023
36047091200,-0.21642
36047091600,-0.14993
36047091800,-0.17729
36047092000,-0.23737
36047092200,-0.18421
36047092400,-0.14473
36047092800,-0.23146
36047093000,-0.11503
36047093200,-0.087437
36047093400,-0.074841
36047093600,-0.066307
36047093800,-0.12519
36047094401,0.0018138
36047094402,-0.11302
36047094600,-0.052386
36047095000,-0.07381
36047095400,-0.15319
36047095600,-0.10151
36047095800,-0.10945
36047096000,-0.14616
36047096200,-0.11774
36047096400,-0.13595
36047096600,-0.12961
36047096800,-0.2241
36047097000,-0.13635
36047097400,-0.17017
36047098200,-0.20359
36047098400,-0.17884
36047098600,-0.20151
36047098800,-0.1726
36047099000,-0.19698
36047099200,-0.12034
36047099400,-0.06658
36047099600,-0.16439
36047099800,-0.12244
36047100400,-0.14802
36047100600,-0.14935
36047100800,-0.12519
36047101000,-0.18439
36047101200,-0.1305
36047101400,-0.19537
36047101600,-0.20097
36047101800,-0.2071
36047102000,-0.20115
36047102200,-0.19549
36047102400,-0.091699
36047102600,-0.066534
36047102800,-0.096848
36047103400,-0.17718
36047105801,-0.13398
36047105804,-0.1275
36047107000,-0.23922
36047107800,-0.094759
36047109800,-0.1662
36047110400,-0.13595
36047110600,-0.1873
36047111000,-0.22133
36047111600,-0.14475
36047111800,-0.18168
36047112000,-0.19152
36047112200,-0.17521
36047112400,-0.19
36047112600,-0.14623
36047112800,-0.20495
36047113000,-0.17974
36047113200,-0.15259
36047113400,-0.24712
36047114201,-0.19452
36047114202,-0.10753
36047114400,-0.21467
36047114600,-0.25727
36047115000,-0.20942
36047115200,-0.13846
36047115600,-0.20902
36047115800,-0.14472
36047116000,-0.2242
36047116200,-0.098259
36047116400,-0.17647
36047116600,-0.20946
36047116800,-0.19495
36047117000,-0.307
36047117201,-0.20297
36047117202,-0.23116
36047117400,-0.25928
36047117601,-0.17259
36047117602,-0.18571
36047117800,-0.1774
36047118000,0.14425
36047118201,-0.18245
36047118202,-0.10473
36047118400,-0.16666
36047118600,-0.21676
36047118800,-0.15746
36047119000,-0.17148
36047119200,-0.13781
36047119400,-0.12061
36047119600,-0.21961
36047119800,-0.14445
36047120000,-0.18463
36047120200,-0.011025
36047120800,-0.1874
36047121000,-0.23419
36047121400,-0.2386
36047122000,-0.13502
36047123700,-0.72115
36047150200,0.19657
36047152200,-0.010316
36061000100,-0.074214
36061000201,0.075512
36061000202,0.087732
36061000500,-0.048344
36061000600,0.082226
36061000700,1.1379
36061000800,0.059379
36061000900,0.74365
36061001001,0.36525
36061001002,0.012922
36061001200,0.29954
36061001300,1.0043
36061001401,0.38845
36061001402,0.38812
36061001501,0.41361
36061001502,0.98993
36061001600,0.18968
36061001800,0.30056
36061002000,0.035747
36061002100,1.1102
36061002201,0.31058
36061002202,0.54561
36061002400,0.084793
36061002500,-0.045108
36061002601,0.35743
36061002602,0.54954
36061002700,0.13811
36061002800,0.29568
36061002900,-0.011946
36061003001,0.64037
36061003002,0.449
36061003100,0.74553
36061003200,0.60151
36061003300,0.90993
36061003400,0.60368
36061003601,0.43767
36061003602,0.72121
36061003700,0.58105
36061003800,0.69788
36061003900,0.81662
36061004000,0.67564
36061004100,0.28955
36061004200,0.74828
36061004300,0.70615
36061004400,0.60869
36061004500,0.57303
36061004700,0.84677
36061004800,0.67307
36061004900,0.79929
36061005000,0.79597
36061005200,0.9242
36061005400,0.86021
36061005501,0.99949
36061005502,0.86853
36061005600,0.87917
36061005700,0.75794
36061005800,1.0315
36061005900,0.76602
36061006000,0.63682
36061006100,0.8136
36061006200,0.056849
36061006300,0.89569
36061006400,0.71236
36061006500,0.86925
36061006600,0.59769
36061006700,0.8918
36061006800,0.82033
36061006900,0.92031
36061007000,0.67861
36061007100,0.82783
36061007200,0.83202
36061007300,0.85957
36061007400,0.85339
36061007500,0.75314
36061007600,0.54433
36061007700,0.82342
36061007800,0.78486
36061007900,0.75293
36061008000,0.82163
36061008100,0.77534
36061008200,0.73467
36061008300,0.57532
36061008400,0.60788
36061008601,0.75715
36061008602,0.4361
36061008603,0.74072
36061008700,0.81858
36061008800,0.82117
36061008900,0.73599
36061009000,0.83862
36061009100,0.79654
36061009200,1.0175
36061009300,0.55391
36061009400,0.62546
36061009500,0.55222
36061009600,0.68469
36061009700,0.31141
36061009800,0.84744
36061009900,0.84466
36061010000,0.87047
36061010100,0.64801
36061010200,1.1459
36061010300,0.6446
36061010400,0.80911
36061010601,0.64783
36061010602,0.68102
36061010800,0.91348
36061010900,0.57379
36061011000,0.89417
36061011100,0.54423
36061011201,0.627
36061011202,0.89794
36061011203,0.76354
36061011300,0.43913
36061011401,0.72559
36061011402,0.74005
36061011500,0.7302
36061011600,0.6539
36061011700,0.73588
36061011800,0.85353
36061011900,0.50712
36061012000,0.84461
36061012100,0.71559
36061012200,0.75678
36061012400,0.70244
36061012500,1.1787
36061012600,0.79955
36061012700,0.6638
36061012800,0.74303
36061012900,0.60181
36061013000,0.69288
36061013100,0.88228
36061013200,0.66503
36061013300,0.82591
36061013400,0.79275
36061013500,0.53821
36061013600,0.63781
36061013700,0.90214
36061013800,0.76697
36061013900,0.79074
36061014000,0.792
36061014200,0.72078
36061014300,-0.10877
36061014401,0.66858
36061014402,0.68325
36061014500,0.83496
36061014601,0.78299
36061014602,0.73655
36061014700,0.64542
36061014801,0.72889
36061014802,0.78731
36061014900,0.83798
36061015001,0.76357
36061015002,0.80509
36061015100,0.62978
36061015200,0.45126
36061015300,0.85067
36061015400,0.61024
36061015500,0.60638
36061015601,0.57248
36061015602,0.23759
36061015700,0.83589
36061015801,0.69606
36061015802,0.3827
36061015900,0.68089
36061016001,0.69509
36061016002,0.32933
36061016100,0.79306
36061016200,-0.069602
36061016300,0.64638
36061016400,0.046132
36061016500,0.70035
36061016600,0.15637
36061016700,0.6958
36061016800,0.057049
36061016900,0.64355
36061017000,0.055865
36061017100,0.68639
36061017200,0.06557
36061017300,0.65368
36061017401,-0.047362
36061017402,-0.059022
36061017500,0.61184
36061017700,0.45931
36061017800,0.077809
36061017900,0.64066
36061018000,-0.044586
36061018100,0.47906
36061018200,-0.052888
36061018300,0.66488
36061018400,0.062308
36061018500,0.56134
36061018600,-0.11235
36061018700,0.54743
36061018800,0.042794
36061018900,0.20015
36061019000,0.15265
36061019100,0.57177
36061019200,-0.0095658
36061019300,0.27466
36061019400,0.0058103
36061019500,0.60445
36061019600,0.036552
36061019701,0.55555
36061019702,0.1384
36061019800,0.18391
36061019900,0.87511
36061020000,0.13172
36061020101,0.38713
36061020102,0.15423
36061020300,1.3659
36061020500,1.1254
36061020600,0.021805
36061020701,1.7407
36061020800,0.059722
36061020901,-0.01309
36061021000,-0.044758
36061021100,0.63219
36061021200,0.054978
36061021303,0.10825
36061021400,0.040472
36061021500,-0.067798
36061021600,0.082854
36061021800,0.11139
36061021900,-0.047209
36061022000,0.080931
36061022102,0.21651
36061022200,0.1327
36061022301,0.074278
36061022302,-0.0027762
36061022400,-0.10176
36061022500,0.080343
36061022600,0.092897
36061022700,0.18057
36061022800,0.038489
36061022900,0.072386
36061023000,-0.03808
36061023100,0.15168
36061023200,-0.15874
36061023300,0.17551
36061023400,0.030156
36061023501,0.04995
36061023502,-0.06897
36061023600,-0.093482
36061023700,0.085018
36061023801,0.43859
36061023802,0.5142
36061023900,0.089831
36061024000,-0.14647
36061024100,0.084617
36061024200,-0.063001
36061024301,0.10992
36061024302,-0.21078
36061024500,0.031625
36061024700,0.12783
36061024900,-0.021139
36061025100,-0.01461
36061025300,0.13563
36061025500,0.40492
36061025700,0.2925
36061025900,0.1983
36061026100,-0.093968
36061026300,0.061816
36061026500,0.19164
36061026700,0.0089997
36061026900,-0.063918
36061027100,0.056807
36061027300,0.40596
36061027500,0.43273
36061027700,-0.12754
36061027900,0.053433
36061028100,0.3307
36061028300,0.07121
36061028500,-0.0092763
36061028700,0.12602
36061029100,-0.024072
36061029300,-0.028529
36061029500,0.25928
36061029700,0.27126
36061029900,-0.11011
36061030300,0.22483
36061030700,0.28561
36061030900,-0.063719
36061031100,0.20623
36061031703,0.94148
36061031704,0.96764
36061031900,-0.14855
36081000100,0.69487
36081000200,-0.041244
36081000400,-0.050807
36081000600,-0.060117
36081000700,0.38494
36081000800,0.0099379
36081001000,0.02801
36081001200,0.094892
36081001400,0.021481
36081001600,-0.033676
36081001800,0.039021
36081001900,0.35408
36081002000,0.086827
36081002200,0.044288
36081002400,-0.0065454
36081002500,-0.22613
36081002600,0.025783
36081002800,-0.012297
36081003000,0.001943
36081003100,0.054469
36081003200,-0.047066
36081003300,0.14584
36081003400,-0.039484
36081003600,-0.05557
36081003700,-0.43737
36081003800,-0.0057538
36081003900,-0.16006
36081004001,-0.016225
36081004002,-0.1416
36081004200,0.012054
36081004300,-0.22393
36081004401,-0.011028
36081004500,0.17529
36081004700,0.01179
36081005000,0.13381
36081005100,0.1242
36081005200,-0.060753
36081005300,0.37332
36081005400,-0.036452
36081005500,0.11226
36081005700,0.32407
36081005800,-0.013035
36081005900,0.40464
36081006100,0.37137
36081006201,-0.044403
36081006202,0.025024
36081006300,0.3706
36081006501,0.3254
36081006502,0.36098
36081006900,0.34234
36081007100,0.31679
36081007300,0.38647
36081007500,0.33236
36081007700,0.31112
36081007900,0.15945
36081008100,-0.018749
36081008300,0.098226
36081008500,-0.029969
36081008600,-0.014058
36081008700,-0.28972
36081008800,-0.0077382
36081009100,0.22785
36081009400,-0.01919
36081009500,0.36181
36081009600,-0.072804
36081009700,0.34702
36081009800,-0.14012
36081009900,0.0494
36081010000,-0.058066
36081010100,0.20466
36081010200,-0.092858
36081010300,0.21388
36081010400,-0.052885
36081010500,0.065123
36081010600,-0.03419
36081010800,-0.086463
36081011000,-0.060838
36081011100,0.21928
36081011200,-0.055771
36081011300,0.25108
36081011400,-0.054906
36081011500,0.30255
36081011600,-0.04711
36081011700,0.23795
36081011800,-0.11105
36081011900,0.26228
36081012000,-0.22232
36081012100,0.24546
36081012200,-0.077524
36081012301,0.14776
36081012400,-0.17269
36081012500,0.23035
36081012601,-0.062628
36081012602,-0.078758
36081012800,0.018584
36081013000,0.0099976
36081013200,0.045255
36081013400,0.12022
36081013500,0.074829
36081013600,0.11889
36081013700,0.30724
36081013800,0.075689
36081014000,0.082352
36081014100,0.11967
36081014201,-0.15727
36081014202,-0.17978
36081014300,0.28389
36081014400,-0.11882
36081014500,0.21505
36081014700,0.22711
36081014800,-0.095271
36081014900,0.19494
36081015000,-0.14154
36081015100,0.23528
36081015200,-0.18817
36081015300,0.28033
36081015400,-0.12315
36081015500,0.2603
36081015600,-0.090443
36081015700,0.19974
36081015801,-0.12514
36081015802,-0.14579
36081015900,0.3049
36081016100,0.18949
36081016300,-0.10032
36081016400,-0.15728
36081016600,-0.043872
36081016800,-0.1255
36081016900,0.22518
36081017000,-0.12685
36081017100,-0.11772
36081017200,-0.091167
36081017400,-0.052884
36081017600,-0.094266
36081017800,-0.12168
36081017900,0.10191
36081018000,-0.15902
36081018101,0.30123
36081018102,0.26882
36081018200,-0.27984
36081018300,0.22671
36081018401,-0.19573
36081018402,-0.228
36081018501,0.26605
36081018502,0.23462
36081018600,-0.24239
36081018700,0.13788
36081018800,-0.26005
36081018900,0.077719
36081019000,-0.21412
36081019200,-0.2778
36081019400,-0.30401
36081019600,-0.28717
36081019800,-0.32022
36081019900,-0.26753
36081020200,-0.27092
36081020400,-0.31295
36081020500,-0.10791
36081020600,-0.28114
36081020800,-0.29571
36081021200,-0.30955
36081021400,-0.05802
36081021600,0.039243
36081021900,-0.1758
36081022001,0.10896
36081022002,0.06916
36081022900,-0.18837
36081023000,-0.019125
36081023200,0.018802
36081023500,0.052642
36081023600,-0.21955
36081023800,-0.20037
36081024000,-0.24665
36081024300,0.084597
36081024500,0.065196
36081024600,-0.42685
36081024700,0.036112
36081024900,0.20338
36081025100,0.16062
36081025301,0.17094
36081025302,0.19302
36081025400,-0.30489
36081025500,0.16196
36081025700,-0.0096404
36081025800,-0.33311
36081025900,0.13779
36081026000,-0.32662
36081026100,0.071642
36081026200,-0.29712
36081026300,0.076464
36081026400,-0.31462
36081026500,0.11577
36081026600,-0.29719
36081026700,0.067632
36081026901,0.0321
36081026902,0.080735
36081027000,-0.28784
36081027100,0.049645
36081027200,-0.22062
36081027300,-0.0779
36081027400,-0.21307
36081027500,-0.0037266
36081027600,-0.30987
36081027700,0.01651
36081027800,-0.2767
36081027900,0.12467
36081028000,-0.24613
36081028100,0.16775
36081028200,-0.2742
36081028300,0.17272
36081028400,-0.23437
36081028500,0.25435
36081028700,0.23918
36081028800,-0.24352
36081028900,0.14573
36081029100,0.16322
36081029300,-0.0052605
36081029400,-0.2133
36081029500,0.10503
36081029700,0.15475
36081029900,0.024977
36081030600,-0.16994
36081030902,-0.025617
36081030903,-0.0084155
36081030904,0.034544
36081031700,0.16649
36081032000,-0.14769
36081032700,0.041999
36081032800,-0.16675
36081032900,-0.010346
36081033000,-0.20405
36081033100,-0.08306
36081033401,-0.17447
36081033402,-0.1988
36081033700,-0.034499
36081033900,-0.025082
36081034700,-0.083058
36081035100,-0.0078681
36081035200,-0.26101
36081035300,-0.031601
36081035700,-0.12267
36081035800,-0.093102
36081036100,-0.19768
36081036300,-0.20969
36081036500,-0.064169
36081036600,-0.23091
36081036700,-0.088877
36081036800,-0.2741
36081037100,-0.16945
36081037300,-0.15068
36081037500,-0.17588
36081037600,-0.2237
36081037700,-0.16793
36081037900,-0.18184
36081038100,-0.133
36081038302,0.058776
36081038400,-0.19525
36081039400,-0.27181
36081039800,-0.2946
36081039900,-0.099507
36081040000,-0.21199
36081040100,-0.16973
36081040200,-0.26991
36081040300,-0.21169
36081040400,-0.24461
36081040500,-0.19655
36081040700,-0.1934
36081040900,-0.14027
36081041100,-0.18027
36081041300,-0.10788
36081041400,-0.30271
36081041500,-0.10422
36081042400,-0.24882
36081042600,-0.061986
36081042700,-0.13136
36081043200,-0.29295
36081043400,-0.19188
36081043701,-0.14495
36081043702,-0.15717
36081043900,-0.14114
36081044000,-0.25909
36081044301,-0.13801
36081044302,-0.13974
36081044400,-0.325
36081044601,-0.29656
36081044602,-0.29365
36081044800,-0.067605
36081045000,-0.090366
36081045200,-0.10177
36081045400,-0.10206
36081045500,-0.14448
36081045600,-0.10363
36081045700,0.083584
36081045800,-0.035123
36081045900,0.049458
36081046000,-0.27116
36081046100,-0.037864
36081046200,-0.27777
36081046300,-0.1003
36081046400,-0.037465
36081046500,-0.016427
36081046600,-0.053644
36081046700,0.048764
36081046800,-0.31155
36081046900,0.064263
36081047000,-0.24367
36081047100,0.059982
36081047200,-0.031395
36081047300,0.16051
36081047500,0.079715
36081047600,0.059949
36081047800,-0.010907
36081047900,0.040453
36081048000,-0.12778
36081048100,0.093725
36081048200,-0.17334
36081048300,0.11212
36081048400,-0.21918
36081048500,0.070377
36081048900,-0.031254
36081049200,-0.13406
36081049301,0.015952
36081049302,-0.084041
36081049500,-0.093935
36081049600,-0.14547
36081049700,-0.0058922
36081049900,0.02337
36081050000,-0.28373
36081050201,-0.27634
36081050202,-0.18776
36081050400,-0.25308
36081050500,0.024359
36081050600,-0.22949
36081050700,0.038966
36081050800,-0.22148
36081051000,-0.22412
36081051100,-0.005734
36081051200,-0.21715
36081051300,-0.078981
36081051500,-0.012152
36081051600,-0.15819
36081051700,-0.012253
36081051800,-0.19732
36081052000,-0.24748
36081052100,-0.033898
36081052200,-0.23501
36081052400,-0.25525
36081052500,-0.051996
36081052600,-0.16867
36081052800,-0.26787
36081053000,-0.22904
36081053100,-0.13467
36081053200,-0.11146
36081053401,-0.18234
36081053500,-0.15503
36081053601,-0.13207
36081053800,-0.11033
36081053900,-0.15784
36081054000,-0.1828
36081054200,-0.060409
36081054500,-0.10081
36081054700,-0.1356
36081054800,-0.16176
36081054900,-0.060552
36081055100,-0.060539
36081055200,-0.1856
36081055300,-0.14473
36081055400,-0.014794
36081055500,-0.040412
36081055600,-0.051794
36081055700,-0.022241
36081055800,0.013094
36081055900,-0.17531
36081056000,-0.057219
36081056100,-0.052979
36081056200,0.055595
36081056400,0.041306
36081056500,-0.093849
36081056600,0.020153
36081056700,0.021317
36081056800,-0.093617
36081057700,0.092417
36081057900,-0.058507
36081058000,-0.14866
36081058100,0.085149
36081058200,-0.16944
36081058300,0.19631
36081058500,0.052624
36081058700,0.091021
36081058900,0.050819
36081059000,-0.23165
36081059100,-0.050022
36081059200,-0.098483
36081059300,0.08006
36081059400,-0.15297
36081059500,0.082082
36081059600,-0.13411
36081059800,-0.15064
36081059900,-0.03406
36081060000,-0.077752
36081060100,0.039304
36081060300,0.087776
36081060600,-0.062646
36081060701,0.12106
36081060800,-0.090472
36081061000,-0.039154
36081061200,-0.076177
36081061301,0.1497
36081061400,-0.10942
36081061601,-0.097641
36081061602,-0.040881
36081061800,0.0071363
36081061900,0.087031
36081062000,-0.096014
36081062100,0.0652
36081062200,-0.10258
36081062300,0.041331
36081062400,0.11471
36081062500,0.0089466
36081062600,-0.077075
36081062700,0.033841
36081062900,0.097799
36081063000,-0.089161
36081063200,-0.1333
36081063301,0.024015
36081063302,0.030529
36081063500,0.030313
36081063700,0.01234
36081063800,-0.067354
36081063900,0.0010164
36081064101,0.018335
36081064102,0.41808
36081064500,0.11287
36081064600,-0.15156
36081065000,-0.10725
36081065400,-0.11426
36081065600,-0.099852
36081065702,0.035921
36081065703,0.032356
36081065900,0.12035
36081066000,-0.11349
36081066100,0.057683
36081066300,0.096719
36081066400,-0.13742
36081066501,0.013464
36081066701,0.010927
36081066900,0.0011224
36081067100,0.011723
36081067700,0.026218
36081067900,-0.019366
36081068000,-0.066598
36081068200,-0.09574
36081068300,0.033036
36081068700,0.0711
36081069000,-0.088054
36081069300,0.12581
36081069400,-0.16488
36081069500,0.025758
36081069701,0.1105
36081069702,0.1412
36081070300,0.16784
36081070700,0.14689
36081070900,0.15938
36081071100,0.19753
36081071303,0.18032
36081071304,0.15498
36081071305,0.24025
36081071306,0.25402
36081071600,-0.1809
36081071701,0.061713
36081071702,0.15013
36081071900,-0.036718
36081072100,0.048903
36081072300,0.10406
36081072900,0.040685
36081073100,0.20812
36081073700,0.24505
36081073900,0.35676
36081074100,0.2674
36081074300,0.032862
36081074500,-0.066082
36081074700,-0.030975
36081074900,0.12552
36081075701,0.31806
36081075702,0.29664
36081076901,0.33267
36081076902,0.1989
36081077300,0.17548
36081077500,0.080994
36081077902,-0.078185
36081077903,-0.026282
36081077904,-0.018851
36081077905,0.11896
36081077906,-0.092722
36081077907,-0.075552
36081077908,-0.097541
36081078800,-0.22515
36081079000,-0.30479
36081079200,-0.21902
36081079300,0.043312
36081079701,0.060259
36081079702,0.091142
36081079900,-0.024411
36081080301,0.0084395
36081080302,0.091167
36081080900,-0.015783
36081081400,-0.16617
36081081800,-0.12865
36081083700,0.085039
36081083800,-0.030495
36081084000,-0.10095
36081084500,-0.023229
36081084601,-0.093199
36081084602,-0.1174
36081084900,-0.096246
36081085300,-0.044987
36081085500,-0.022478
36081085700,-0.033383
36081085900,-0.0058136
36081086100,0.011002
36081086300,-0.079657
36081086400,-0.11388
36081086500,-0.096309
36081086900,-0.10047
36081087100,-0.14958
36081088400,-0.013202
36081088901,0.05058
36081089200,0.035957
36081090700,-0.0064087
36081091601,0.23251
36081091602,-0.02191
36081091800,-0.0064648
36081091900,-0.061944
36081092200,-0.050193
36081092500,-0.025898
36081092800,-0.093519
36081092900,-0.049627
36081093401,-0.041667
36081093402,-0.037613
36081093800,-0.1683
36081093900,-0.01153
36081094201,-0.2625
36081094202,-0.17038
36081094203,-0.2571
36081094500,-0.028274
36081094700,-0.026057
36081095400,-0.24704
36081096400,-0.28618
36081097202,-0.27746
36081097203,-0.26981
36081097204,-0.2865
36081097300,0.042683
36081098100,-0.0029415
36081098700,-0.040554
36081099100,-0.020005
36081099200,-0.35048
36081099701,0.015211
36081099703,0.004055
36081099704,0.0085095
36081099705,-0.063213
36081099801,-0.32351
36081099802,-0.3268
36081099900,0.13577
36081100801,-0.43213
36081100802,-0.41222
36081101001,-0.37934
36081101002,-0.46301
36081101700,0.011007
36081102900,0.015488
36081103201,-0.33206
36081103202,-0.43638
36081103300,0.0085715
36081103900,0.092691
36081104700,0.08503
36081105900,0.11634
36081107201,-0.10666
36081107202,-0.019507
36081108500,0.0013347
36081109300,-0.14507
36081109700,-0.080633
36081109900,-0.13741
36081111300,-0.12357
36081112300,-0.1598
36081112900,-0.16948
36081113300,0.030851
36081113900,0.016791
36081114100,0.1153
36081114700,0.16288
36081115100,0.035843
36081115500,-0.096281
36081115700,-0.032016
36081115900,-0.064025
36081116100,-0.0096842
36081116300,-0.14962
36081116700,-0.053048
36081117100,-0.043391
36081117500,-0.022321
36081118100,-0.12251
36081118500,-0.12552
36081118700,0.035204
36081118900,-0.002685
36081119100,-0.029075
36081119300,-0.058877
36081119500,0.010937
36081119900,-0.015098
36081120100,-0.0033516
36081120300,0.0084583
36081120500,-0.085968
36081120700,0.049845
36081121100,0.030368
36081121500,0.10166
36081122300,0.0040892
36081122701,-0.051903
36081122702,-0.19441
36081124100,0.083613
36081124700,0.04003
36081125700,-0.091459
36081126500,-0.15188
36081126700,-0.066691
36081127700,0.096558
36081128300,-0.15932
36081129102,0.054195
36081129103,-9.7853e-05
36081129104,0.13945
36081130100,0.1227
36081133300,0.12779
36081133900,0.050281
36081134100,0.10969
36081134700,0.072854
36081136700,0.15346
36081137700,0.13322
36081138501,0.15197
36081138502,-0.14143
36081139900,0.11005
36081140300,0.068558
36081140901,-0.034068
36081140902,0.021716
36081141700,0.063907
36081142900,0.055477
36081143500,-0.030666
36081144100,-0.043995
36081144700,-0.12169
36081145101,-0.029405
36081145102,-0.070361
36081145900,-0.00040297
36081146300,-0.031943
36081146700,-0.11611
36081147100,-0.11289
36081147900,0.027791
36081148300,-0.15143
36081150701,-0.036712
36081150702,0.067979
36081152901,0.06684
36081152902,-0.0061435
36081155101,-0.11259
36081155102,-0.051308
36081156700,-0.11637
36081157101,-0.0079076
36081157102,-0.038582
36081157901,-0.05883
36081157902,-0.052604
36081157903,-0.022485
36081161700,-0.038495
36081162100,-0.056996
36081990100,-0.047265
36085000300,0.0084018
36085000600,-0.17014
36085000700,-0.13399
36085000800,-0.22877
36085000900,-0.072942
36085001100,-0.089453
36085001700,-0.093653
36085001800,-0.13681
36085002001,-0.19395
36085002002,-0.23033
36085002100,-0.16807
36085002700,-0.24737
36085002900,-0.30719
36085003300,-0.19651
36085003600,-0.18307
36085003900,-0.21879
36085004000,-0.36028
36085004700,-0.21664
36085005000,-0.26365
36085005900,-0.16768
36085006400,-0.35828
36085006700,-0.13553
36085007000,-0.24496
36085007400,-0.18541
36085007500,-0.13459
36085007700,-0.22329
36085008100,-0.18308
36085009601,-0.31417
36085009602,-0.3061
36085009700,-0.19927
36085010500,-0.25717
36085011201,-0.34828
36085011202,-0.29859
36085011401,-0.29008
36085011402,-0.26311
36085012100,-0.23741
36085012200,-0.24936
36085012500,-0.24368
36085012804,-0.26621
36085012805,-0.23965
36085012806,-0.24688
36085013201,-0.282
36085013203,-0.17024
36085013204,-0.20695
36085013301,-0.31081
36085013302,-0.24897
36085013400,-0.26571
36085013800,-0.29222
36085014100,-0.22702
36085014604,-0.23378
36085014605,-0.2013
36085014606,-0.21022
36085014607,-0.23267
36085014608,-0.21735
36085014700,-0.3595
36085015100,-0.22502
36085015400,-0.18372
36085015601,-0.24069
36085015602,-0.26707
36085015603,-0.2462
36085016901,-0.22618
36085017005,-0.15672
36085017007,-0.30909
36085017008,-0.22952
36085017009,-0.13272
36085017010,-0.26543
36085017011,-0.083551
36085017012,-0.22854
36085017300,-0.41821
36085017600,-0.24155
36085017700,-0.33082
36085018100,-0.20896
36085018701,-0.30507
36085018702,-0.40337
36085018901,-0.21692
36085018902,-0.30266
36085019700,-0.31442
36085019800,-0.23646
36085020100,-0.24357
36085020700,-0.22332
36085020801,-0.36939
36085020803,-0.34451
36085020804,-0.24957
36085021300,-0.24955
36085022300,-0.3671
36085022600,-0.25123
36085022800,-0.16648
36085023100,-0.31881
36085023900,-0.35635
36085024401,-0.17396
36085024402,-0.18986
36085024700,-0.21749
36085024800,-0.18065
36085025100,-0.23332
36085027301,-0.32252
36085027302,-0.31283
36085027702,-0.28536
36085027704,-0.28998
36085027705,-0.3974
36085027706,-0.44171
36085027900,-0.22378
36085029102,-0.37938
36085029103,-0.37959
36085029104,-0.4261
36085030301,-0.43603
36085030302,-0.30227
36085031901,-0.44393
36085031902,-0.46515
36085032300,-0.34012
