36005000200,-5.41246977062921
36005000400,-2.95796977062921
36005001600,-1.93595977062921
36005001900,-0.0154697706292124
36005002000,-3.82946977062921
36005002300,-5.95656977062921
36005002400,-3.64006977062921
36005002500,-3.38798977062921
36005002701,-4.64966977062921
36005002702,-2.69319977062921
36005002800,-2.91360977062921
36005003100,-2.48469377062921
36005003300,-3.19896977062921
36005003500,-2.92644977062921
36005003700,-5.63526977062921
36005003800,-7.60406977062921
36005003900,-2.41967977062921
36005004001,-4.57526977062921
36005004100,-2.54540477062921
36005004200,-1.00306977062921
36005004300,-2.36647977062921
36005004400,-1.22626977062921
36005004600,-3.37777977062921
36005004800,-3.82536977062921
36005005001,-4.92246977062921
36005005002,-3.39777977062921
36005005100,-0.739569770629212
36005005200,-2.00545977062921
36005005300,-4.10006977062921
36005005400,-3.20797977062921
36005005600,-5.06326977062921
36005005902,-3.02137977062921
36005006000,-1.50836977062921
36005006100,-2.23051977062921
36005006200,-4.23756977062921
36005006300,-1.03056977062921
36005006400,-5.97466977062921
36005006500,0.468430229370788
36005006700,-3.07137977062921
36005006800,-3.17226977062921
36005006900,-3.76766977062921
36005007000,-3.46780977062921
36005007100,-1.74473977062921
36005007200,-3.57006977062921
36005007300,-2.71370977062921
36005007400,-4.74916977062921
36005007500,-3.28121977062921
36005007600,-3.68746977062921
36005007700,-2.55743177062921
36005007800,-3.87046977062921
36005007900,-3.30387977062921
36005008300,-2.01359977062921
36005008400,-5.07736977062921
36005008500,-2.87897977062921
36005008600,-5.25546977062921
36005008700,-1.90182977062921
36005008900,-2.83251977062921
36005009000,-0.541769770629212
36005009200,-2.26816977062921
36005009300,1.17773022937079
36005009600,-0.379369770629213
36005009800,-2.30889977062921
36005011000,-3.73056977062921
36005011502,-2.04817977062921
36005011700,0.258930229370788
36005011800,-1.95180977062921
36005011900,-2.39277977062921
36005012101,-4.34056977062921
36005012102,-4.59296977062921
36005012300,-3.95136977062921
36005012500,-4.13956977062921
36005012701,-2.37808977062921
36005012901,-2.73173977062921
36005013000,-5.71876977062921
36005013100,-3.28453977062921
36005013200,-2.13404977062921
36005013300,-3.63136977062921
36005013500,-5.75886977062921
36005013800,-4.04066977062921
36005014100,-3.22206977062921
36005014300,-4.19126977062921
36005014400,-3.56016977062921
36005014500,-2.31457977062921
36005014701,-3.54726977062921
36005014702,-3.53386977062921
36005014900,-0.988869770629212
36005015100,-3.85706977062921
36005015200,-2.53355177062921
36005015300,-3.94836977062921
36005015500,-1.31266977062921
36005015700,-2.61744077062921
36005015800,-2.42214677062921
36005015900,-1.80838977062921
36005016000,-3.18890977062921
36005016100,-2.16688977062921
36005016200,-2.68895977062921
36005016400,-2.80670977062921
36005016500,-2.07000977062921
36005016600,-2.66344977062921
36005016700,-2.50024577062921
36005016900,-3.03051977062921
36005017300,-3.50464977062921
36005017500,-3.43699977062921
36005017701,-2.43447677062921
36005017702,-3.82716977062921
36005017901,-4.16126977062921
36005017902,-4.80486977062921
36005018101,-4.49856977062921
36005018102,-2.99709977062921
36005018301,-2.67181977062921
36005018302,-1.62587977062921
36005018400,-2.84994977062921
36005018500,-1.66488977062921
36005018900,-2.54505977062921
36005019300,-3.51599977062921
36005019400,-2.85785977062921
36005019500,-2.51655377062921
36005019700,-1.75295977062921
36005019900,-2.37993977062921
36005020000,-1.23436977062921
36005020100,-2.14902977062921
36005020200,-2.99074977062921
36005020400,-2.02104977062921
36005020501,-3.78906977062921
36005020502,-4.86686977062921
36005020601,-3.66666977062921
36005020900,-3.05042977062921
36005021001,-1.69743977062921
36005021002,-3.50638977062921
36005021100,-3.16119977062921
36005021200,-3.14911977062921
36005021301,-4.93046977062921
36005021302,-3.40051977062921
36005021501,-2.73723977062921
36005021502,-2.85209977062921
36005021601,-1.54877977062921
36005021602,-2.33851977062921
36005021700,-2.99381977062921
36005021800,-3.50804977062921
36005021900,-2.04288977062921
36005022000,-4.11686977062921
36005022101,-3.61916977062921
36005022102,-3.38132977062921
36005022200,-2.48528377062921
36005022300,-3.03190977062921
36005022401,-3.16938977062921
36005022403,-2.83234977062921
36005022404,-3.30154977062921
36005022500,-5.52206977062921
36005022701,-4.20146977062921
36005022702,-3.88006977062921
36005022703,-4.65326977062921
36005022800,-3.23714977062921
36005022901,-1.06556977062921
36005022902,-4.49516977062921
36005023000,-4.29696977062921
36005023100,-2.74457977062921
36005023200,-0.833969770629212
36005023301,-3.22154977062921
36005023302,-5.50896977062921
36005023501,-4.31806977062921
36005023502,-2.83560977062921
36005023600,-3.42297977062921
36005023702,-1.25296977062921
36005023703,-3.09464977062921
36005023704,-4.33646977062921
36005023800,-1.13296977062921
36005023900,-2.63890977062921
36005024000,-4.26876977062921
36005024100,-2.83962977062921
36005024300,-2.07862977062921
36005024400,-3.12884977062921
36005024501,-3.32992977062921
36005024502,-4.70986977062921
36005024600,-3.58856977062921
36005024700,-4.26876977062921
36005024800,-2.46385977062921
36005024900,-4.98966977062921
36005025000,-3.22178977062921
36005025100,-1.92768977062921
36005025200,-3.14637977062921
36005025300,-2.93168977062921
36005025400,-3.39671977062921
36005025500,-2.38231977062921
36005025600,-3.00938977062921
36005025700,-3.77176977062921
36005026100,-0.736369770629212
36005026300,-1.51036977062921
36005026400,-3.16016977062921
36005026500,-1.76639977062921
36005026601,-2.02428977062921
36005026602,-2.34858977062921
36005026701,-4.14226977062921
36005026702,-4.01866977062921
36005026900,-2.02068977062921
36005027300,-3.05008977062921
36005027401,-2.93279977062921
36005027402,-3.33622977062921
36005027600,-7.42616977062921
36005027700,-2.27098977062921
36005027900,-2.48950577062921
36005028100,-3.46424977062921
36005028300,-2.02047977062921
36005028400,0.363330229370788
36005028500,-2.26426977062921
36005028600,0.355630229370788
36005028700,-1.11646977062921
36005028800,-2.60913277062921
36005028900,-2.05401977062921
36005029301,-3.22781977062921
36005029302,-1.77446977062921
36005029500,-1.88560977062921
36005029600,0.312630229370788
36005029700,-2.19864977062921
36005030000,-2.16017977062921
36005030100,-2.05891977062921
36005030200,-3.69596977062921
36005030701,-1.83633977062921
36005030900,-0.878969770629212
36005031000,-1.49386977062921
36005031200,-2.96991977062921
36005031400,-3.62656977062921
36005031600,-5.27756977062921
36005031800,-3.88426977062921
36005031900,-2.26637977062921
36005032300,-1.44996977062921
36005032400,-2.80957977062921
36005032600,-2.95229977062921
36005032800,-2.65905977062921
36005033000,-2.52676067062921
36005033201,-2.26324977062921
36005033202,-1.96376977062921
36005033400,-1.91150977062921
36005033500,-2.58179877062921
36005033600,-3.86296977062921
36005033700,-2.23196977062921
36005033800,-3.31943977062921
36005034000,-2.08631977062921
36005034200,-3.48549977062921
36005034300,-2.87152977062921
36005034400,-3.84706977062921
36005034500,-1.57283977062921
36005034800,-2.75681977062921
36005035000,-3.51252977062921
36005035100,-1.04586977062921
36005035600,-4.73406977062921
36005035800,-2.88993977062921
36005035900,-3.40588977062921
36005036000,-2.80613977062921
36005036100,-2.68932977062921
36005036300,-3.91656977062921
36005036400,-3.44654977062921
36005036501,-3.21077977062921
36005036502,-4.86486977062921
36005036700,-4.34626977062921
36005036800,-3.00625977062921
36005036901,-2.83804977062921
36005036902,-4.01806977062921
36005037000,-4.86996977062921
36005037100,-3.81366977062921
36005037200,-4.45286977062921
36005037300,-3.58136977062921
36005037400,-3.74826977062921
36005037504,-2.36763977062921
36005037600,-5.02896977062921
36005037800,-4.77286977062921
36005037900,-0.997669770629212
36005038000,-2.21188977062921
36005038100,-3.73526977062921
36005038200,-5.34266977062921
36005038301,-4.45096977062921
36005038302,-2.41521977062921
36005038500,-3.22501977062921
36005038600,-2.32829977062921
36005038700,-1.83146977062921
36005038800,-5.45256977062921
36005038900,-2.82780977062921
36005039000,-4.49366977062921
36005039100,-2.15373977062921
36005039200,-4.18686977062921
36005039300,-3.43063977062921
36005039400,-3.58296977062921
36005039500,-2.38916977062921
36005039600,-4.34156977062921
36005039700,-0.733769770629212
36005039800,-3.82116977062921
36005039901,-1.15296977062921
36005039902,-2.67001977062921
36005040100,-1.88529977062921
36005040302,-5.79276977062921
36005040303,-3.35680977062921
36005040304,-3.24609977062921
36005040400,-4.63756977062921
36005040501,-4.51336977062921
36005040502,-4.67846977062921
36005040600,-3.84306977062921
36005040701,-4.54086977062921
36005040702,-2.96132977062921
36005040800,-4.48186977062921
36005040900,-2.92460977062921
36005041100,-3.02848977062921
36005041300,-3.44274977062921
36005041400,-2.19948977062921
36005041500,-4.03576977062921
36005041800,-2.01142977062921
36005041900,-2.96387977062921
36005042000,-1.27626977062921
36005042100,0.894030229370788
36005042200,-2.21276977062921
36005042300,-3.88796977062921
36005042400,-3.37565977062921
36005042500,-2.43609577062921
36005042600,-3.46971977062921
36005042800,-3.26023977062921
36005042901,-3.28480977062921
36005042902,-4.09656977062921
36005043000,-2.98071977062921
36005043100,-1.74964977062921
36005043400,-2.51543277062921
36005043500,-2.98296977062921
36005043600,-4.35836977062921
36005044200,-4.45386977062921
36005044400,-3.04983977062921
36005044800,-9.15666977062921
36005044901,-3.35704977062921
36005044902,-3.63686977062921
36005045101,-3.48027977062921
36005045102,-3.93506977062921
36005045600,-1.94197977062921
36005045800,-4.15906977062921
36005046000,-3.19753977062921
36005046201,0.109430229370788
36005046202,-1.44216977062921
36005048400,-1.61454977062921
36005050400,-4.99636977062921
36005051600,-1.07646977062921
36047000100,-2.81933977062921
36047000200,-0.456869770629212
36047000301,-2.88355977062921
36047000501,-2.66198977062921
36047000502,-1.70177977062921
36047000700,-1.03236977062921
36047000900,3.09423022937079
36047001100,1.76623022937079
36047001300,-0.919069770629212
36047001500,-2.30686977062921
36047001800,0.426830229370788
36047002000,-1.73300977062921
36047002100,-0.276469770629213
36047002200,0.115930229370788
36047002300,-4.78146977062921
36047002901,-2.87330977062921
36047003000,-4.68146977062921
36047003100,-1.18966977062921
36047003300,-0.786769770629212
36047003400,-2.00991977062921
36047003500,-1.12166977062921
36047003600,-3.84096977062921
36047003700,1.22053022937079
36047003800,-4.58136977062921
36047003900,-2.35781977062921
36047004100,-2.11541977062921
36047004300,-2.48475777062921
36047004400,-4.26426977062921
36047004500,-2.62902977062921
36047004600,-3.17993977062921
36047004700,-4.34606977062921
36047004900,-2.34046977062921
36047005000,-3.36565977062921
36047005100,-2.45487477062921
36047005201,-2.81880977062921
36047005202,-3.72906977062921
36047005300,0.241530229370788
36047005400,-3.23555977062921
36047005601,-2.63393977062921
36047005602,-3.01886977062921
36047005800,-1.76135977062921
36047005900,-1.33896977062921
36047006000,-2.57929277062921
36047006200,-1.86461977062921
36047006300,-2.54631777062921
36047006400,-2.38163977062921
36047006500,-2.73975977062921
36047006600,-2.34328977062921
36047006700,-2.77916977062921
36047006800,-2.19818977062921
36047006900,-1.49046977062921
36047007000,-3.62006977062921
36047007100,-3.26390977062921
36047007200,-5.30096977062921
36047007400,-3.83606977062921
36047007500,-2.58938777062921
36047007600,-2.77888977062921
36047007700,-1.63004977062921
36047007800,-2.97939977062921
36047008000,-3.54276977062921
36047008200,-2.33176977062921
36047008400,-1.24956977062921
36047008500,-4.05096977062921
36047008800,-3.18789977062921
36047009000,-3.39083977062921
36047009200,-4.31576977062921
36047009400,-3.20297977062921
36047009600,-3.61026977062921
36047009800,-3.30633977062921
36047010000,-3.42460977062921
36047010100,-1.84831977062921
36047010200,-2.10589977062921
36047010400,-1.80580977062921
36047010600,-2.02754977062921
36047010800,-2.66394977062921
36047011000,-3.41398977062921
36047011200,-3.80766977062921
36047011400,0.324130229370788
36047011600,-4.29296977062921
36047011700,-2.13477977062921
36047011800,-1.10386977062921
36047011900,-0.517869770629213
36047012000,-1.62462977062921
36047012100,-1.37786977062921
36047012200,-3.54976977062921
36047012600,-2.47336077062921
36047012700,-2.19157977062921
36047012801,-3.93286977062921
36047012901,-2.10640977062921
36047012902,-2.96588977062921
36047013000,-2.66265977062921
36047013100,-2.66775977062921
36047013200,-3.23368977062921
36047013300,-2.46866377062921
36047013400,-1.98368977062921
36047013500,-3.55536977062921
36047013600,-2.16301977062921
36047013700,-2.13043977062921
36047013800,-2.30941977062921
36047013900,-2.38951977062921
36047014000,-2.93743977062921
36047014100,-2.77534977062921
36047014200,-2.68453977062921
36047014300,-2.44800977062921
36047014500,-2.20665977062921
36047014700,-5.21106977062921
36047014800,-3.36650977062921
36047014900,-2.60283077062921
36047015000,-3.12363977062921
36047015100,-2.51160707062921
36047015200,-0.466769770629212
36047015300,-0.317069770629212
36047015500,-2.95961977062921
36047015700,-2.16835977062921
36047015900,-2.01327977062921
36047016000,-1.26926977062921
36047016100,-2.43551177062921
36047016200,-2.64417977062921
36047016300,-2.79828977062921
36047016400,-3.82056977062921
36047016500,-2.19080977062921
36047016600,-5.42426977062921
36047016700,-2.83901977062921
36047016800,-7.27846977062921
36047016900,-2.29613977062921
36047017000,-3.13933977062921
36047017100,-3.68686977062921
36047017200,-3.17133977062921
36047017400,-4.53356977062921
36047017500,-5.47346977062921
36047017600,-3.21292977062921
36047017700,-8.61906977062921
36047017800,-2.34225977062921
36047017900,-3.74166977062921
36047018000,-3.69626977062921
36047018100,-3.15419977062921
36047018200,-3.29283977062921
36047018300,-3.10659977062921
36047018400,-5.36556977062921
36047018501,-4.41836977062921
36047018600,-4.47586977062921
36047018700,-4.59656977062921
36047018800,-3.49849977062921
36047019000,-1.89515977062921
36047019100,-1.41226977062921
36047019200,-2.22263977062921
36047019300,-2.91461977062921
36047019400,-0.786869770629212
36047019500,-2.53601477062921
36047019600,-2.08931977062921
36047019700,-3.26921977062921
36047019800,-1.91051977062921
36047019900,-2.93649977062921
36047020000,-2.27317977062921
36047020100,-3.44532977062921
36047020200,-4.51776977062921
36047020300,-1.42496977062921
36047020400,-4.85386977062921
36047020500,-2.86302977062921
36047020600,-3.26418977062921
36047020700,-3.77386977062921
36047020800,-3.73286977062921
36047021000,-3.04013977062921
36047021100,-2.26123977062921
36047021200,-2.27375977062921
36047021300,-2.07507977062921
36047021400,-3.04300977062921
36047021500,-3.05877977062921
36047021600,-3.44452977062921
36047021700,-4.59736977062921
36047021800,-1.98123977062921
36047021900,-4.06436977062921
36047022000,-2.74422977062921
36047022100,-5.33296977062921
36047022200,-2.93288977062921
36047022400,-3.36488977062921
36047022600,-2.30947977062921
36047022700,-3.38573977062921
36047022800,-1.66028977062921
36047022900,-4.87266977062921
36047023000,-1.69463977062921
36047023100,-3.45756977062921
36047023200,-1.26976977062921
36047023300,-3.66586977062921
36047023400,-3.52316977062921
36047023500,-3.92226977062921
36047023600,-3.52266977062921
36047023800,-3.34630977062921
36047024000,-2.10316977062921
36047024100,-2.08231977062921
36047024200,-2.52145037062921
36047024300,-3.28734977062921
36047024400,-2.59268477062921
36047024500,-3.81276977062921
36047024600,-3.99666977062921
36047024700,-1.95356977062921
36047024800,-2.59851777062921
36047024900,-4.16246977062921
36047025000,-3.39956977062921
36047025100,-4.41126977062921
36047025200,-2.75684977062921
36047025300,-3.69196977062921
36047025400,-3.02386977062921
36047025500,-8.04306977062921
36047025600,-3.36570977062921
36047025700,-2.96074977062921
36047025800,-3.23159977062921
36047025901,-3.96216977062921
36047025902,-5.96646977062921
36047026000,-2.92289977062921
36047026100,-3.70206977062921
36047026200,-4.37956977062921
36047026300,-7.34596977062921
36047026400,-2.39157977062921
36047026500,-3.58886977062921
36047026600,-2.68507977062921
36047026700,-3.64506977062921
36047026800,-3.90006977062921
36047026900,-3.13599977062921
36047027000,-3.17053977062921
36047027100,-1.06226977062921
36047027200,-4.68396977062921
36047027300,-3.56226977062921
36047027400,-3.27642977062921
36047027500,-5.09756977062921
36047027600,-2.79205977062921
36047027700,-3.82436977062921
36047027800,-2.56718277062921
36047027900,-3.36169977062921
36047028000,-2.55217777062921
36047028100,-3.90906977062921
36047028200,-2.87860977062921
36047028300,-3.03239977062921
36047028400,-2.75025977062921
36047028501,-0.670869770629212
36047028502,-6.08286977062921
36047028600,-3.44845977062921
36047028700,-3.58486977062921
36047028800,-2.86020977062921
36047028900,-4.31106977062921
36047029000,-1.93349977062921
36047029100,-3.95686977062921
36047029200,-4.09406977062921
36047029300,-4.06136977062921
36047029400,-1.09966977062921
36047029500,-4.41226977062921
36047029600,-2.52616797062921
36047029700,-3.91016977062921
36047029800,-2.61703877062921
36047029900,-3.36787977062921
36047030000,-2.31674977062921
36047030100,-3.08279977062921
36047030200,-4.43816977062921
36047030300,-3.48986977062921
36047030400,-1.86404977062921
36047030500,-1.92336977062921
36047030600,-2.69974977062921
36047030700,-1.98120977062921
36047030800,-1.86768977062921
36047030900,-4.32456977062921
36047031100,-3.90906977062921
36047031300,-3.57586977062921
36047031400,-2.03854977062921
36047031500,-3.94436977062921
36047031701,-3.82816977062921
36047031702,-4.03876977062921
36047031900,-4.04466977062921
36047032100,-4.10036977062921
36047032300,-3.55246977062921
36047032500,-3.46490977062921
36047032600,-1.26846977062921
36047032700,-2.18076977062921
36047032800,-1.45676977062921
36047032900,-3.96176977062921
36047033000,-4.33606977062921
36047033100,-3.44726977062921
36047033300,-4.34206977062921
36047033500,-4.06836977062921
36047033600,-2.86169977062921
36047033700,-3.55026977062921
36047033900,-3.70166977062921
36047034000,-2.09030977062921
36047034100,-2.76836977062921
36047034200,-2.54342077062921
36047034300,-3.85046977062921
36047034500,-4.95436977062921
36047034700,-4.91006977062921
36047034800,-1.27596977062921
36047034900,-3.15384977062921
36047035000,-3.21476977062921
36047035100,-3.72236977062921
36047035200,-1.97020977062921
36047035300,-3.54636977062921
36047035400,-2.13843977062921
36047035500,-3.89046977062921
36047035601,-3.82986977062921
36047035602,-3.44211977062921
36047035700,-6.14376977062921
36047035900,-4.16806977062921
36047036001,-3.50760977062921
36047036002,-2.86891977062921
36047036100,-2.66657977062921
36047036200,-2.30692977062921
36047036300,-4.07506977062921
36047036400,-2.67128977062921
36047036501,-4.52226977062921
36047036502,-3.45266977062921
36047036600,-0.164669770629212
36047036700,-2.72594977062921
36047036900,-4.22496977062921
36047037000,-0.300769770629212
36047037100,-3.08030977062921
36047037300,-3.77976977062921
36047037401,-3.62866977062921
36047037402,-2.51633547062921
36047037500,-2.38296977062921
36047037700,-5.13316977062921
36047037900,-4.15996977062921
36047038100,-5.03826977062921
36047038200,-3.60136977062921
36047038300,-4.30986977062921
36047038500,-5.06066977062921
36047038600,-3.21745977062921
36047038700,-3.08963977062921
36047038800,-3.28725977062921
36047038900,-2.55406277062921
36047039000,-4.86806977062921
36047039100,-2.44302677062921
36047039200,-3.40882977062921
36047039300,-3.41590977062921
36047039400,-2.40656977062921
36047039500,-3.36269977062921
36047039600,-3.70866977062921
36047039700,-3.50672977062921
36047039800,-2.61988977062921
36047039900,-4.33236977062921
36047040000,-2.24406977062921
36047040100,-3.87636977062921
36047040200,-3.48850977062921
36047040300,-2.53757377062921
36047040400,-2.92418977062921
36047040500,-4.30686977062921
36047040600,-4.56486977062921
36047040800,-3.85226977062921
36047040900,-4.12416977062921
36047041000,-2.97981977062921
36047041100,-5.57496977062921
36047041200,-2.75639977062921
36047041300,-5.59866977062921
36047041401,-4.31976977062921
36047041402,-5.42476977062921
36047041500,-5.46586977062921
36047041600,-3.30031977062921
36047041700,-4.91416977062921
36047041800,-2.74104977062921
36047041900,-3.95186977062921
36047042000,-2.89372977062921
36047042100,-4.62366977062921
36047042200,-2.75583977062921
36047042300,-2.57275877062921
36047042400,-3.80466977062921
36047042500,-3.02733977062921
36047042600,-3.00725977062921
36047042700,-3.70056977062921
36047042800,-2.87176977062921
36047042900,-3.35881977062921
36047043000,-2.00326977062921
36047043100,-2.14490977062921
36047043200,-3.06350977062921
36047043300,-2.82120977062921
36047043400,-3.22689977062921
36047043500,-4.04536977062921
36047043600,-2.75563977062921
36047043700,-3.41398977062921
36047043800,-3.34060977062921
36047043900,-1.05826977062921
36047044000,-3.71496977062921
36047044100,-3.30042977062921
36047044200,-2.21481977062921
36047044300,-1.08856977062921
36047044400,-3.93576977062921
36047044500,-3.14979977062921
36047044600,-2.43989977062921
36047044700,-2.53033177062921
36047044800,-3.59426977062921
36047044900,-0.00206977062921254
36047045000,-3.06343977062921
36047045200,-4.73576977062921
36047045300,-1.21846977062921
36047045400,-3.31390977062921
36047045600,-3.02202977062921
36047045800,-5.36126977062921
36047046000,-3.23625977062921
36047046201,-3.54286977062921
36047046202,-3.76006977062921
36047046400,-1.50726977062921
36047046800,-4.52836977062921
36047047000,-4.10566977062921
36047047200,-4.45306977062921
36047047400,-3.57966977062921
36047047600,-2.99864977062921
36047047700,-2.81705977062921
36047047800,-2.25616977062921
36047048000,-3.66556977062921
36047048100,-1.41676977062921
36047048200,-1.51846977062921
36047048400,-3.20688977062921
36047048500,-1.04516977062921
36047048600,-3.09308977062921
36047048800,-3.73626977062921
36047048900,-7.55146977062921
36047049000,-3.46454977062921
36047049100,-1.01106977062921
36047049200,-3.04433977062921
36047049300,-3.45229977062921
36047049400,-2.44701477062921
36047049500,-2.99479977062921
36047049600,-2.81459977062921
36047049700,-2.82804977062921
36047049800,-3.15724977062921
36047049900,-2.62550977062921
36047050000,-3.83306977062921
36047050100,-1.77886977062921
36047050202,-4.04416977062921
36047050300,-3.38476977062921
36047050400,-3.15510977062921
36047050500,-3.57846977062921
36047050600,-3.01793977062921
36047050700,-1.57330977062921
36047050801,-3.23994977062921
36047050803,-3.41791977062921
36047050804,-5.26686977062921
36047050900,-3.62186977062921
36047051001,-2.36168977062921
36047051002,-2.82807977062921
36047051100,-3.21171977062921
36047051200,-2.88968977062921
36047051300,-2.08338977062921
36047051400,-3.67506977062921
36047051500,-3.88616977062921
36047051601,-4.32836977062921
36047051602,-3.58096977062921
36047051700,-2.80649977062921
36047051800,-3.15121977062921
36047051900,-2.55020077062921
36047052000,-3.70856977062921
36047052300,-3.00532977062921
36047052500,-1.38966977062921
36047052600,-3.13558977062921
36047052700,-3.33780977062921
36047052800,-4.41276977062921
36047052900,-3.50571977062921
36047053000,-2.71042977062921
36047053100,-2.42727577062921
36047053200,-3.58626977062921
36047053300,-3.59566977062921
36047053400,-2.40647977062921
36047053500,-3.32186977062921
36047053700,-1.64482977062921
36047053800,-0.285369770629212
36047053900,-4.40116977062921
36047054200,-3.03723977062921
36047054300,-0.664969770629212
36047054400,-4.59686977062921
36047054500,-4.51556977062921
36047054600,-1.76382977062921
36047054700,-3.78056977062921
36047054800,-4.92066977062921
36047054900,-0.315769770629212
36047055000,-3.10153977062921
36047055100,-2.78612977062921
36047055200,-2.06506977062921
36047055300,-2.74906977062921
36047055400,-1.39676977062921
36047055500,-2.36702977062921
36047055600,-3.30224977062921
36047055700,-2.15244977062921
36047055800,-3.75786977062921
36047056000,-3.72106977062921
36047056100,-1.42186977062921
36047056200,-5.05296977062921
36047056300,-2.40304977062921
36047056400,-3.95646977062921
36047056500,-2.23673977062921
36047056600,-2.11372977062921
36047056800,-4.11606977062921
36047056900,-2.83291977062921
36047057000,-2.02047977062921
36047057100,-2.51856557062921
36047057200,-4.87466977062921
36047057300,-1.19516977062921
36047057400,-3.55516977062921
36047057500,-2.67192977062921
36047057600,-2.54642977062921
36047057800,-2.52248987062921
36047057900,-1.21436977062921
36047058000,-3.08339977062921
36047058200,-1.50076977062921
36047058400,-3.58356977062921
36047058600,-3.57446977062921
36047058800,-3.18390977062921
36047058900,-1.02216977062921
36047059000,-3.65086977062921
36047059100,-4.00826977062921
36047059200,-2.59588277062921
36047059300,-2.08305977062921
36047059401,-2.15252977062921
36047059402,-1.94113977062921
36047059600,-2.89577977062921
36047059800,-4.02436977062921
36047060000,-2.17128977062921
36047060600,-1.46546977062921
36047060800,-1.13706977062921
36047061002,-3.51446977062921
36047061003,-4.40126977062921
36047061004,-2.44466577062921
36047061200,-5.17946977062921
36047061600,-1.37476977062921
36047062000,-3.14766977062921
36047062200,-1.86191977062921
36047062600,-4.11386977062921
36047062800,-2.51594127062921
36047063200,-2.65436977062921
36047063600,-5.36146977062921
36047063800,-4.87426977062921
36047064000,-4.10656977062921
36047064200,-1.45826977062921
36047064400,-3.23528977062921
36047064600,-3.43377977062921
36047064800,-4.17646977062921
36047065000,-2.06711977062921
36047065200,-2.69498977062921
36047065400,-4.90256977062921
36047065600,-4.37026977062921
36047065800,-4.34016977062921
36047066000,-5.33876977062921
36047066200,-1.85039977062921
36047066600,-2.74205977062921
36047067000,-3.73446977062921
36047067200,-3.55796977062921
36047067400,-3.15620977062921
36047067600,-2.82896977062921
36047067800,-5.59756977062921
36047068000,-3.30119977062921
36047068200,-3.71836977062921
36047068600,-4.19296977062921
36047068800,-1.24776977062921
36047069000,-3.06785977062921
36047069200,-4.77196977062921
36047069601,-2.58093477062921
36047069602,-2.45958177062921
36047069800,-1.48246977062921
36047070000,-3.51174977062921
36047070201,-2.57832577062921
36047070202,-0.252169770629212
36047070600,-1.03876977062921
36047072000,-2.54602777062921
36047072200,-2.95778977062921
36047072400,-3.51612977062921
36047072600,-2.58318477062921
36047072800,-4.32126977062921
36047073000,-4.66626977062921
36047073200,-7.57636977062921
36047073400,-4.31216977062921
36047073600,-3.31905977062921
36047073800,-2.73169977062921
36047074000,-1.41496977062921
36047074200,-4.01876977062921
36047074400,-6.05716977062921
36047074600,-2.08990977062921
36047074800,-3.60016977062921
36047075000,-3.32962977062921
36047075200,-4.13816977062921
36047075400,-5.46066977062921
36047075600,-4.59726977062921
36047075800,-5.08306977062921
36047076000,-3.80246977062921
36047076200,-4.14346977062921
36047076400,-5.22856977062921
36047076600,-5.67836977062921
36047076800,-2.14769977062921
36047077000,-3.92906977062921
36047077200,-3.73666977062921
36047077400,-1.45796977062921
36047077600,-3.35827977062921
36047078000,-5.56456977062921
36047078200,-6.86646977062921
36047078400,-4.99546977062921
36047078600,-2.54740077062921
36047078800,-3.51619977062921
36047079000,-4.16886977062921
36047079200,-2.74957977062921
36047079400,-2.07166977062921
36047079601,-4.27616977062921
36047079602,-2.93598977062921
36047079801,-4.87486977062921
36047079802,-3.53676977062921
36047080000,-4.67996977062921
36047080200,-3.58666977062921
36047080400,-3.28353977062921
36047080600,-4.01056977062921
36047080800,0.276230229370788
36047081000,-4.59886977062921
36047081400,-3.76576977062921
36047081600,0.000530229370787616
36047081800,-3.10317977062921
36047082000,-3.42685977062921
36047082200,-3.12186977062921
36047082400,-2.92386977062921
36047082600,-4.82546977062921
36047082800,-3.76666977062921
36047083000,-3.69966977062921
36047083200,-4.74826977062921
36047083400,-4.59286977062921
36047083600,-2.47275777062921
36047083800,-3.91056977062921
36047084000,-3.18909977062921
36047084600,-3.35471977062921
36047084800,-3.54236977062921
36047085000,-4.04576977062921
36047085400,-4.45856977062921
36047085600,-3.86846977062921
36047085800,-4.23816977062921
36047086000,-3.67886977062921
36047086200,-3.48537977062921
36047086400,-3.93376977062921
36047086600,-5.18966977062921
36047086800,-2.76414977062921
36047087000,-4.29746977062921
36047087200,-1.54315977062921
36047087401,-4.40716977062921
36047087600,-3.65626977062921
36047087800,-1.09216977062921
36047088000,-3.75456977062921
36047088200,-4.60706977062921
36047088400,-4.50546977062921
36047088600,-4.16046977062921
36047088800,-3.59266977062921
36047089000,-0.192769770629212
36047089200,-2.94647977062921
36047089400,-4.66826977062921
36047089600,-5.74346977062921
36047089800,-4.29626977062921
36047090000,-4.17406977062921
36047090200,-1.86648977062921
36047090600,-2.87272977062921
36047090800,-2.52171767062921
36047091000,-3.94106977062921
36047091200,-6.26956977062921
36047091600,-3.63236977062921
36047091800,-3.68466977062921
36047092000,-4.80056977062921
36047092200,-4.42216977062921
36047092400,-2.46773177062921
36047092800,-4.96146977062921
36047093000,-3.57246977062921
36047093200,-0.901069770629212
36047093400,-4.89576977062921
36047093600,-4.66406977062921
36047093800,-4.70806977062921
36047094401,-1.72424977062921
36047094402,-9.67216977062921
36047094600,-1.90628977062921
36047095000,-3.43472977062921
36047095400,-3.99416977062921
36047095600,-3.57316977062921
36047095800,-3.39438977062921
36047096000,-1.60048977062921
36047096200,-2.91384977062921
36047096400,-4.18436977062921
36047096600,-3.81716977062921
36047096800,-2.66669977062921
36047097000,-4.62746977062921
36047097400,-2.12107977062921
36047098200,-4.95396977062921
36047098400,-5.22486977062921
36047098600,-4.85326977062921
36047098800,-2.53993077062921
36047099000,-4.33656977062921
36047099200,-4.58476977062921
36047099400,-6.67176977062921
36047099600,-4.83456977062921
36047099800,-3.88686977062921
36047100400,-6.05586977062921
36047100600,-5.73356977062921
36047100800,-4.23296977062921
36047101000,-3.89726977062921
36047101200,-4.91486977062921
36047101400,-6.65456977062921
36047101600,-5.29666977062921
36047101800,-4.25706977062921
36047102000,-3.98036977062921
36047102200,-4.26406977062921
36047102400,-3.95636977062921
36047102600,-5.25846977062921
36047102800,-2.67087977062921
36047103400,-4.24326977062921
36047105801,-3.62476977062921
36047105804,-1.01016977062921
36047107000,0.181130229370788
36047107800,-1.33796977062921
36047109800,-1.21126977062921
36047110400,-0.580369770629212
36047111000,-5.54996977062921
36047111600,-1.06976977062921
36047111800,-5.92086977062921
36047112000,-4.11326977062921
36047112200,-5.03066977062921
36047112400,-4.49286977062921
36047112600,-3.54346977062921
36047112800,-4.06996977062921
36047113000,-4.18736977062921
36047113200,-3.30760977062921
36047113400,-2.30936977062921
36047114201,-4.21166977062921
36047114202,-7.76796977062921
36047114400,-0.872169770629212
36047114600,-5.19906977062921
36047115000,-5.71216977062921
36047115200,-4.36936977062921
36047115600,-3.27574977062921
36047115800,-3.44884977062921
36047116000,-5.17696977062921
36047116200,-8.72596977062921
36047116400,-4.60396977062921
36047116600,-6.11706977062921
36047116800,-3.03355977062921
36047117000,-3.51820977062921
36047117201,-4.79116977062921
36047117202,-5.85016977062921
36047117400,-1.70384977062921
36047117601,-5.32416977062921
36047117602,-3.54726977062921
36047117800,-4.05766977062921
36047118000,-3.08975977062921
36047118201,-4.30346977062921
36047118202,-5.37746977062921
36047118400,-3.53666977062921
36047118600,-4.66536977062921
36047118800,-2.87941977062921
36047119000,-3.76146977062921
36047119200,-3.43758977062921
36047119400,-4.52426977062921
36047119600,-4.26796977062921
36047119800,-2.02052977062921
36047120000,-3.88746977062921
36047120200,-5.64196977062921
36047120800,-2.94728977062921
36047121000,-3.16534977062921
36047121400,-5.68986977062921
36047122000,-2.33855977062921
36047123700,-1.84718977062921
36047150200,-3.14153977062921
36047152200,-2.47101977062921
36061000201,-3.31580977062921
36061000202,-1.67163977062921
36061000600,-0.907969770629212
36061000700,1.75153022937079
36061000800,-0.784369770629212
36061000900,1.32613022937079
36061001001,-4.23756977062921
36061001002,-3.27894977062921
36061001200,-1.54644977062921
36061001300,0.980530229370788
36061001401,-3.15735977062921
36061001402,-2.14529977062921
36061001501,0.331330229370788
36061001502,0.732230229370788
36061001600,-0.927769770629212
36061001800,-1.03436977062921
36061002000,-4.53556977062921
36061002100,1.66983022937079
36061002201,-2.26334977062921
36061002202,-3.16583977062921
36061002400,-6.16096977062921
36061002500,-3.18182977062921
36061002601,-3.07721977062921
36061002602,-2.94358977062921
36061002700,-2.58742577062921
36061002800,-1.76423977062921
36061002900,2.00093022937079
36061003001,-1.69646977062921
36061003002,-2.87257977062921
36061003100,1.66753022937079
36061003200,-1.58317977062921
36061003300,1.86443022937079
36061003400,-1.84276977062921
36061003601,-1.84207977062921
36061003602,-2.29286977062921
36061003700,0.966930229370788
36061003800,-1.25006977062921
36061003900,0.411630229370788
36061004000,0.405130229370787
36061004100,-0.339369770629212
36061004200,-1.86245977062921
36061004300,-0.335569770629212
36061004400,-2.71748977062921
36061004500,-0.558869770629212
36061004700,-0.811969770629212
36061004800,-1.65177977062921
36061004900,-0.224069770629213
36061005000,0.258430229370788
36061005200,0.766030229370787
36061005400,0.448430229370788
36061005501,-1.72402977062921
36061005502,-0.864969770629212
36061005600,0.328730229370787
36061005700,-0.622269770629212
36061005800,0.577330229370788
36061005900,-2.08074977062921
36061006000,-2.50490177062921
36061006100,-0.428669770629212
36061006200,1.40333022937079
36061006300,-1.21926977062921
36061006400,-1.31106977062921
36061006500,-0.230269770629212
36061006600,-1.12706977062921
36061006700,-1.32856977062921
36061006800,0.181930229370788
36061006900,-0.688269770629212
36061007000,-1.32016977062921
36061007100,-0.434769770629212
36061007200,0.227630229370788
36061007300,-1.14206977062921
36061007400,0.603630229370788
36061007500,-1.98212977062921
36061007600,1.12873022937079
36061007700,-1.29016977062921
36061007800,-0.935569770629212
36061007900,-0.572369770629212
36061008000,0.631330229370787
36061008100,-0.342469770629212
36061008200,1.18423022937079
36061008300,-0.233869770629212
36061008400,0.756330229370787
36061008601,-2.77360977062921
36061008602,-4.05846977062921
36061008603,-1.80181977062921
36061008700,-0.516269770629212
36061008800,0.642130229370788
36061008900,-1.87818977062921
36061009000,0.0653302293707876
36061009100,-0.162869770629212
36061009200,1.31033022937079
36061009300,-1.94619977062921
36061009400,1.20953022937079
36061009500,0.648030229370788
36061009600,1.37713022937079
36061009700,-2.77986977062921
36061009800,-0.394169770629212
36061009900,0.678230229370788
36061010000,0.838330229370788
36061010100,1.26353022937079
36061010200,0.902130229370788
36061010300,0.185630229370787
36061010400,0.980230229370788
36061010601,-1.73119977062921
36061010602,-1.66957977062921
36061010800,-0.103269770629212
36061010900,1.30873022937079
36061011000,-1.18196977062921
36061011100,0.320430229370788
36061011201,0.149230229370787
36061011202,0.224930229370788
36061011203,0.0399302293707877
36061011300,1.01503022937079
36061011401,0.0144302293707876
36061011402,-0.354069770629212
36061011500,-0.259769770629212
36061011600,0.430030229370788
36061011700,-1.25056977062921
36061011800,-1.05536977062921
36061011900,1.18473022937079
36061012000,-1.04466977062921
36061012100,-0.326469770629212
36061012200,-0.953469770629212
36061012400,0.209830229370787
36061012500,0.920530229370788
36061012600,-0.392469770629212
36061012700,-0.613269770629212
36061012800,-0.420369770629212
36061012900,0.0745302293707875
36061013000,-0.629069770629212
36061013100,0.739030229370788
36061013200,-1.30146977062921
36061013300,-1.44356977062921
36061013400,-1.00186977062921
36061013500,-0.0711697706292123
36061013600,-0.695769770629212
36061013700,0.934830229370788
36061013800,-0.849369770629212
36061013900,-0.0842697706292124
36061014000,-1.23356977062921
36061014200,-0.604669770629212
36061014300,-3.49743977062921
36061014401,-2.44366377062921
36061014402,-2.08645977062921
36061014500,0.866730229370788
36061014601,-1.20066977062921
36061014602,-1.83810977062921
36061014700,-2.58503477062921
36061014801,-2.19489977062921
36061014802,-1.30326977062921
36061014900,-0.378869770629212
36061015001,-2.18566977062921
36061015002,-1.12706977062921
36061015100,-1.66092977062921
36061015200,-1.16566977062921
36061015300,-0.189169770629212
36061015400,-1.23276977062921
36061015500,-2.11835977062921
36061015601,-2.11124977062921
36061015602,-0.758169770629212
36061015700,-1.03496977062921
36061015801,-1.74942977062921
36061015802,-3.32460977062921
36061015900,-1.10416977062921
36061016001,-1.52439977062921
36061016002,-2.76025977062921
36061016100,-1.87166977062921
36061016200,-2.77286977062921
36061016300,-0.511869770629212
36061016400,-1.83103977062921
36061016500,-1.79598977062921
36061016600,-1.95667977062921
36061016700,-0.896469770629212
36061016800,0.538630229370788
36061016900,-1.23526977062921
36061017000,-1.65710977062921
36061017100,-0.449869770629213
36061017200,-2.40405977062921
36061017300,-1.66022977062921
36061017401,-1.50376977062921
36061017402,-3.15657977062921
36061017500,-0.867669770629212
36061017700,-1.56717977062921
36061017800,-2.96477977062921
36061017900,-1.44506977062921
36061018000,-2.61531977062921
36061018100,-1.67857977062921
36061018200,-2.65726977062921
36061018300,-1.31456977062921
36061018400,-3.16663977062921
36061018500,-2.51850027062921
36061018600,-3.21729977062921
36061018700,-1.60643977062921
36061018800,-2.35968977062921
36061018900,-1.28576977062921
36061019000,-2.59015177062921
36061019100,-1.53153977062921
36061019200,-3.34166977062921
36061019300,-1.95377977062921
36061019400,-0.355769770629212
36061019500,-1.80145977062921
36061019600,-1.41876977062921
36061019701,-3.16786977062921
36061019702,-4.37636977062921
36061019800,-1.27996977062921
36061019900,-1.00206977062921
36061020000,-2.11674977062921
36061020101,-0.849669770629212
36061020102,-4.30916977062921
36061020300,0.773430229370788
36061020500,-0.548769770629212
36061020600,-1.81242977062921
36061020701,-3.97206977062921
36061020800,-3.24964977062921
36061020901,-1.85970977062921
36061021000,-4.29086977062921
36061021100,-1.21776977062921
36061021200,-0.689769770629212
36061021303,-2.49761577062921
36061021400,-3.82456977062921
36061021500,-3.71236977062921
36061021600,-2.85331977062921
36061021703,-1.73896977062921
36061021800,-2.16839977062921
36061021900,-0.694269770629212
36061022000,-3.11850977062921
36061022102,-3.64986977062921
36061022200,-1.24666977062921
36061022301,-2.62925977062921
36061022302,-3.52956977062921
36061022400,-2.66572977062921
36061022500,-2.37597977062921
36061022600,-3.04005977062921
36061022700,-2.82943977062921
36061022800,-2.93391977062921
36061022900,-1.78865977062921
36061023000,-2.50306177062921
36061023100,-3.41224977062921
36061023200,-2.28501977062921
36061023300,-2.83619977062921
36061023400,-3.66436977062921
36061023501,-3.42168977062921
36061023502,-5.04316977062921
36061023600,-3.64746977062921
36061023700,-2.43108577062921
36061023801,-0.353869770629212
36061023802,-2.26078977062921
36061023900,-5.61846977062921
36061024000,-5.51886977062921
36061024100,-0.892669770629212
36061024200,-2.40308977062921
36061024301,-3.29139977062921
36061024302,-3.59106977062921
36061024500,-1.64310977062921
36061024700,-3.98586977062921
36061024900,-4.22216977062921
36061025100,0.107030229370788
36061025300,-2.10867977062921
36061025500,-0.894369770629212
36061025700,-2.51103927062921
36061025900,-3.81616977062921
36061026100,-1.93228977062921
36061026300,-1.82798977062921
36061026500,-1.56253977062921
36061026700,-6.05456977062921
36061026900,-0.757769770629212
36061027100,-1.48816977062921
36061027300,-2.52681597062921
36061027500,-3.68736977062921
36061027700,-1.60750977062921
36061027900,-2.36644977062921
36061028100,-3.91556977062921
36061028300,-1.57086977062921
36061028500,-2.11155977062921
36061028700,-2.21161977062921
36061029100,-2.48825577062921
36061029300,-2.12351977062921
36061029500,-3.13708977062921
36061029700,-6.45026977062921
36061029900,-2.27869977062921
36061030300,-3.10709977062921
36061030700,-2.62390977062921
36061030900,-2.89070977062921
36061031100,-6.80716977062921
36061031703,-0.126769770629212
36061031704,-0.792669770629212
36061031900,-1.72812977062921
36081000100,-0.162469770629212
36081000200,-4.95776977062921
36081000400,-3.57116977062921
36081000600,-3.84346977062921
36081000700,-1.03526977062921
36081000800,-4.20386977062921
36081001000,-3.87946977062921
36081001200,-3.39999977062921
36081001400,-3.30332977062921
36081001600,-3.71456977062921
36081001800,-3.92706977062921
36081001900,0.0637302293707878
36081002000,-4.12146977062921
36081002200,-3.63976977062921
36081002400,-4.29076977062921
36081002500,-3.82326977062921
36081002600,-3.84086977062921
36081002800,-3.65986977062921
36081003000,-4.81976977062921
36081003100,-2.25544977062921
36081003200,-0.761469770629212
36081003300,0.147430229370788
36081003400,-3.49091977062921
36081003600,-3.47626977062921
36081003700,-2.77352977062921
36081003800,-3.41279977062921
36081003900,-1.72306977062921
36081004001,-3.37905977062921
36081004002,-3.02562977062921
36081004200,-3.95146977062921
36081004300,-2.22773977062921
36081004401,-3.43864977062921
36081004500,-3.05200977062921
36081004700,-2.78925977062921
36081005100,-1.88717977062921
36081005200,-4.13166977062921
36081005300,-2.57561277062921
36081005400,-1.90865977062921
36081005500,-0.645469770629212
36081005700,-1.75516977062921
36081005800,-3.24161977062921
36081005900,-2.45547277062921
36081006100,-2.42544777062921
36081006201,-3.35001977062921
36081006202,-2.29404977062921
36081006300,-1.97764977062921
36081006501,-3.31819977062921
36081006502,-2.24577977062921
36081006900,-2.07922977062921
36081007100,-0.973569770629212
36081007300,-1.54892977062921
36081007500,-1.97062977062921
36081007700,-2.71486977062921
36081007900,-3.47838977062921
36081008100,-1.38736977062921
36081008300,-2.69782977062921
36081008500,-1.34526977062921
36081008600,-3.22648977062921
36081008700,-1.46596977062921
36081008800,-4.16096977062921
36081009100,-4.69616977062921
36081009400,-3.73796977062921
36081009500,-5.15866977062921
36081009600,-4.36026977062921
36081009700,-3.93086977062921
36081009800,-3.72706977062921
36081010000,-4.56936977062921
36081010100,-4.00036977062921
36081010200,-3.98536977062921
36081010300,-3.24285977062921
36081010400,-3.83556977062921
36081010500,-3.96906977062921
36081010600,-3.44421977062921
36081010701,-2.59996277062921
36081010800,-4.27126977062921
36081011000,-4.42996977062921
36081011100,-2.91469977062921
36081011200,-2.07136977062921
36081011300,-1.52444977062921
36081011400,-2.73595977062921
36081011500,-1.99787977062921
36081011600,-4.04666977062921
36081011700,-2.94226977062921
36081011800,-4.38356977062921
36081011900,-2.64874977062921
36081012000,-2.62619977062921
36081012100,-3.29512977062921
36081012200,-3.10270977062921
36081012301,-0.705969770629212
36081012400,-2.25505977062921
36081012500,-4.50116977062921
36081012601,-4.07716977062921
36081012602,-3.92856977062921
36081012800,-4.13656977062921
36081013000,-3.99886977062921
36081013200,-1.54611977062921
36081013400,-3.17411977062921
36081013500,-4.29266977062921
36081013600,-2.95604977062921
36081013700,-3.14889977062921
36081013800,-3.36486977062921
36081014000,-3.61506977062921
36081014100,-1.53754977062921
36081014201,-3.90876977062921
36081014202,-0.416669770629212
36081014300,-2.99831977062921
36081014400,-1.83224977062921
36081014500,-4.47716977062921
36081014700,-3.00551977062921
36081014800,-5.53436977062921
36081014900,-2.85449977062921
36081015000,-4.96066977062921
36081015100,-4.15386977062921
36081015200,-5.13146977062921
36081015300,-3.21300977062921
36081015400,-3.69536977062921
36081015500,-1.87123977062921
36081015600,-3.43755977062921
36081015700,-0.961469770629212
36081015801,-3.55686977062921
36081015802,-2.34182977062921
36081015900,-3.10774977062921
36081016100,-3.90226977062921
36081016300,-4.14376977062921
36081016400,-5.16376977062921
36081016600,-2.38837977062921
36081016800,-3.28641977062921
36081016900,-2.69905977062921
36081017000,-4.51226977062921
36081017100,-0.428469770629212
36081017200,-3.55816977062921
36081017400,-5.22096977062921
36081017600,-5.55446977062921
36081017800,-3.89726977062921
36081017900,-0.215369770629212
36081018000,-4.43706977062921
36081018101,-3.82536977062921
36081018102,-3.44107977062921
36081018200,-4.61476977062921
36081018300,-1.42716977062921
36081018401,-4.57646977062921
36081018402,-4.13726977062921
36081018501,-4.60756977062921
36081018502,-3.82766977062921
36081018700,-3.87166977062921
36081018800,-7.09106977062921
36081018900,-1.74270977062921
36081019000,-4.00456977062921
36081019200,-8.11806977062921
36081019400,-6.06416977062921
36081019600,-4.93016977062921
36081019800,-4.99966977062921
36081019900,0.503630229370787
36081020200,-6.24066977062921
36081020400,-2.29943977062921
36081020500,-0.168369770629212
36081020600,-4.40466977062921
36081020800,-2.23152977062921
36081021200,-2.32891977062921
36081021400,-1.73391977062921
36081021600,-1.44576977062921
36081021900,-0.404469770629212
36081022001,-3.19383977062921
36081022002,-3.84656977062921
36081022900,-2.66740977062921
36081023000,-3.89946977062921
36081023200,-2.10664977062921
36081023500,-2.01724977062921
36081023600,-1.11646977062921
36081023800,-2.72308977062921
36081024000,-2.40735977062921
36081024300,-2.50925277062921
36081024500,-1.55263977062921
36081024600,-2.28773977062921
36081024700,-4.71976977062921
36081024900,-2.31302977062921
36081025100,-2.91476977062921
36081025301,-2.82121977062921
36081025302,-3.39813977062921
36081025400,-2.54318377062921
36081025500,-1.78338977062921
36081025700,-2.36361977062921
36081025800,-5.41496977062921
36081025900,-0.880669770629212
36081026000,-5.06896977062921
36081026100,-2.77721977062921
36081026200,-5.06396977062921
36081026300,-3.02302977062921
36081026400,-4.98056977062921
36081026500,-3.33636977062921
36081026600,-4.41116977062921
36081026700,-0.217469770629212
36081026901,-2.65002977062921
36081026902,-3.78226977062921
36081027000,-4.10546977062921
36081027100,-3.67796977062921
36081027200,-3.60876977062921
36081027300,-2.42318077062921
36081027500,-2.78681977062921
36081027600,-5.04166977062921
36081027700,-2.90690977062921
36081027800,-6.82346977062921
36081027900,-2.89269977062921
36081028000,-3.02502977062921
36081028100,-1.95747977062921
36081028200,-3.85006977062921
36081028300,-1.74820977062921
36081028400,-3.40788977062921
36081028500,-3.11135977062921
36081028700,-2.28561977062921
36081028800,-3.72966977062921
36081028900,-2.05984977062921
36081029100,-2.29809977062921
36081029300,-3.35468977062921
36081029400,-1.37086977062921
36081029500,-3.46049977062921
36081029700,-1.42696977062921
36081029900,-3.99626977062921
36081030600,-0.605469770629212
36081030902,-3.60626977062921
36081030903,-2.11484977062921
36081030904,-1.03196977062921
36081031700,-1.54057977062921
36081032000,-0.171569770629212
36081032700,-3.91126977062921
36081032800,-4.09936977062921
36081032900,-2.52923757062921
36081033000,-4.31236977062921
36081033100,-0.292269770629213
36081033401,-4.43326977062921
36081033402,-1.02466977062921
36081033700,-3.71426977062921
36081033900,-3.17873977062921
36081034700,-2.45914077062921
36081035100,-4.67126977062921
36081035200,-2.21275977062921
36081035300,-1.98324977062921
36081035700,-1.40066977062921
36081035800,-2.04848977062921
36081036100,-3.83786977062921
36081036300,-3.86726977062921
36081036500,-3.80556977062921
36081036600,-2.96478977062921
36081036700,-3.78916977062921
36081036800,-5.80876977062921
36081037100,-6.85216977062921
36081037300,-2.53930277062921
36081037500,-2.62178977062921
36081037600,-4.95086977062921
36081037700,-4.28796977062921
36081037900,-4.02936977062921
36081038100,-2.82306977062921
36081038301,-1.89966977062921
36081038302,-1.60811977062921
36081038400,-3.93426977062921
36081039400,-4.09566977062921
36081039800,-4.28966977062921
36081039900,-3.31995977062921
36081040000,-4.99196977062921
36081040100,-3.65676977062921
36081040200,-5.40806977062921
36081040300,-3.61126977062921
36081040400,-3.62806977062921
36081040500,-2.21917977062921
36081040700,-3.45170977062921
36081040900,-4.06936977062921
36081041100,-4.80586977062921
36081041300,-1.55824977062921
36081041400,-1.78327977062921
36081041500,-3.13119977062921
36081042400,-3.95316977062921
36081042600,-2.77837977062921
36081042700,-3.24231977062921
36081043200,-3.58866977062921
36081043400,-3.95806977062921
36081043701,-2.15602977062921
36081043702,-3.78076977062921
36081043900,-3.17511977062921
36081044000,-3.88586977062921
36081044301,-3.89186977062921
36081044302,-2.28535977062921
36081044400,-0.964569770629212
36081044601,-0.772669770629212
36081044602,-2.75555977062921
36081044800,-4.11516977062921
36081045000,-4.74626977062921
36081045200,-2.39815977062921
36081045400,-3.18719977062921
36081045500,-3.22119977062921
36081045600,-5.07596977062921
36081045700,-5.18766977062921
36081045800,-2.54788977062921
36081045900,-5.48676977062921
36081046000,-1.48126977062921
36081046100,-3.42817977062921
36081046200,-1.01496977062921
36081046300,-4.67446977062921
36081046400,-4.51786977062921
36081046500,-3.69596977062921
36081046600,-2.18853977062921
36081046700,-3.68556977062921
36081046800,-4.07776977062921
36081046900,-3.29524977062921
36081047000,-4.17676977062921
36081047100,-2.01960977062921
36081047200,-2.36108977062921
36081047300,-1.61373977062921
36081047500,-2.91950977062921
36081047600,-4.46856977062921
36081047800,-2.13526977062921
36081047900,-2.62472977062921
36081048000,0.0141302293707875
36081048100,-2.52879987062921
36081048200,-3.00363977062921
36081048300,-3.55786977062921
36081048400,-4.52216977062921
36081048500,-2.14172977062921
36081048900,-1.75536977062921
36081049200,-3.94916977062921
36081049301,-4.31286977062921
36081049302,-1.98175977062921
36081049500,-5.39796977062921
36081049600,-4.12416977062921
36081049700,-2.88204977062921
36081049900,-3.02215977062921
36081050000,-2.91299977062921
36081050201,-6.59986977062921
36081050202,-6.06736977062921
36081050400,-7.03906977062921
36081050500,-5.99966977062921
36081050600,-6.35446977062921
36081050700,-3.75836977062921
36081050800,-4.86276977062921
36081051000,-3.60206977062921
36081051100,-3.41897977062921
36081051200,-3.45698977062921
36081051300,-4.40616977062921
36081051500,-1.54995977062921
36081051600,-8.48236977062921
36081051700,-1.49466977062921
36081051800,-6.60456977062921
36081052000,-5.28836977062921
36081052100,-2.35379977062921
36081052200,-7.33866977062921
36081052400,-6.24986977062921
36081052500,-3.17940977062921
36081052600,-3.04674977062921
36081052800,-4.35796977062921
36081053000,-4.78636977062921
36081053100,-1.03966977062921
36081053200,-4.27126977062921
36081053401,-4.35816977062921
36081053500,-0.697769770629212
36081053601,-7.29196977062921
36081053800,-4.04226977062921
36081053900,-1.93715977062921
36081054000,-2.47903377062921
36081054200,-2.61014577062921
36081054500,-3.61936977062921
36081054700,-4.54456977062921
36081054800,-2.71874977062921
36081054900,-3.24216977062921
36081055100,-2.72595977062921
36081055200,-2.87153977062921
36081055300,-2.50371877062921
36081055400,-3.41187977062921
36081055500,-3.12943977062921
36081055600,-5.61986977062921
36081055700,-2.07581977062921
36081055800,-5.47206977062921
36081055900,-3.09507977062921
36081056000,-4.20336977062921
36081056100,-4.33936977062921
36081056200,-5.16316977062921
36081056400,-3.05945977062921
36081056500,-4.93016977062921
36081056600,-3.33964977062921
36081056700,-4.68026977062921
36081056800,-1.60333977062921
36081057700,-2.51317977062921
36081057900,-7.16496977062921
36081058000,-4.95096977062921
36081058100,-3.65446977062921
36081058200,-3.11977977062921
36081058300,-2.31654977062921
36081058500,-4.37146977062921
36081058700,-3.20344977062921
36081058900,-3.74046977062921
36081059100,-3.47353977062921
36081059200,-7.43986977062921
36081059300,-2.63364977062921
36081059400,-5.20636977062921
36081059500,-2.48672377062921
36081059600,-4.04416977062921
36081059800,-3.98576977062921
36081059900,-5.18156977062921
36081060000,-1.63417977062921
36081060100,-3.78926977062921
36081060300,-2.58603377062921
36081060600,-4.38096977062921
36081060701,-5.81586977062921
36081060800,-3.48602977062921
36081061200,-6.15546977062921
36081061301,-1.23866977062921
36081061302,-3.58346977062921
36081061400,-5.79816977062921
36081061601,-6.38076977062921
36081061602,-2.36607977062921
36081061800,-3.95736977062921
36081061900,-2.57040577062921
36081062000,-5.58706977062921
36081062100,-2.65952977062921
36081062200,-3.39882977062921
36081062300,-2.73804977062921
36081062400,-5.11546977062921
36081062500,-3.22203977062921
36081062600,-4.04156977062921
36081062700,-3.91116977062921
36081062900,-2.48041677062921
36081063000,-4.38986977062921
36081063200,-1.76677977062921
36081063301,-3.26635977062921
36081063302,-3.32540977062921
36081063500,-3.34127977062921
36081063700,-1.09856977062921
36081063800,-2.27509977062921
36081063900,-2.89181977062921
36081064101,-5.07326977062921
36081064102,-8.12116977062921
36081064500,-2.52281887062921
36081064600,-6.03386977062921
36081065400,-3.41554977062921
36081065501,-4.36966977062921
36081065600,-2.74647977062921
36081065702,-2.89071977062921
36081065703,-3.04526977062921
36081065900,-4.11416977062921
36081066000,-5.05166977062921
36081066100,-5.35716977062921
36081066300,-3.38653977062921
36081066400,-0.794569770629212
36081066501,-3.23744977062921
36081066701,-3.97926977062921
36081066900,-4.73106977062921
36081067100,-3.24530977062921
36081067700,-4.34406977062921
36081067900,-2.01757977062921
36081068000,-3.43330977062921
36081068200,-5.04156977062921
36081068300,-0.652769770629212
36081068700,-3.24161977062921
36081069000,-3.50169977062921
36081069300,-2.05237977062921
36081069400,-2.55062177062921
36081069500,-3.24538977062921
36081069701,-2.34596977062921
36081069702,-2.86782977062921
36081070300,-3.47972977062921
36081070700,-3.75506977062921
36081070900,-3.33572977062921
36081071100,-0.385869770629212
36081071303,-3.18642977062921
36081071304,-1.74451977062921
36081071305,-2.57551677062921
36081071306,-3.08798977062921
36081071600,1.73323022937079
36081071701,-0.556669770629212
36081071702,-2.48421577062921
36081071900,-4.68496977062921
36081072100,-4.15226977062921
36081072300,-3.76426977062921
36081072900,-3.07857977062921
36081073100,-3.31988977062921
36081073700,-1.84774977062921
36081073900,-1.61510977062921
36081074100,-3.09001977062921
36081074300,-2.30815977062921
36081074500,-3.31691977062921
36081074700,-3.15506977062921
36081074900,-4.40486977062921
36081075701,0.122530229370788
36081075702,-2.99712977062921
36081076901,-3.17562977062921
36081076902,-2.93526977062921
36081077300,-2.07489977062921
36081077500,-2.81421977062921
36081077902,-1.79988977062921
36081077903,-2.75096977062921
36081077904,-3.29231977062921
36081077905,-3.68926977062921
36081077906,-2.63247977062921
36081077907,-2.29794977062921
36081077908,-4.57816977062921
36081078800,-3.93626977062921
36081079000,-4.03356977062921
36081079200,-2.21980977062921
36081079701,-3.21658977062921
36081079702,-2.32241977062921
36081079900,-0.322069770629212
36081080301,-2.72528977062921
36081080302,-4.22166977062921
36081080900,-2.12171977062921
36081081400,-3.70516977062921
36081081800,-3.06617977062921
36081083700,-3.21526977062921
36081083800,-3.62686977062921
36081084000,-2.44976277062921
36081084500,-3.17507977062921
36081084601,-4.49936977062921
36081084602,-2.05077977062921
36081084900,-0.829369770629212
36081085300,-1.21086977062921
36081085500,-3.11889977062921
36081085700,-1.00206977062921
36081085900,-3.14947977062921
36081086100,-3.21425977062921
36081086300,-2.86048977062921
36081086400,-2.58074577062921
36081086500,-2.23118977062921
36081086900,-0.619469770629212
36081087100,-0.280869770629212
36081088400,-2.37996977062921
36081088901,-2.24062977062921
36081089200,-0.629869770629212
36081090700,-0.00636977062921229
36081091601,-2.07272977062921
36081091602,-7.30666977062921
36081091900,-0.841969770629212
36081092200,-4.13096977062921
36081092500,-1.44186977062921
36081092800,-3.66476977062921
36081092900,-0.355669770629212
36081093401,-1.37206977062921
36081093402,-2.37866977062921
36081093800,-1.32296977062921
36081093900,-3.43546977062921
36081094201,-2.12385977062921
36081094202,-2.72629977062921
36081094203,-2.50269977062921
36081094500,-0.00296977062921222
36081094700,-1.35136977062921
36081095400,-2.91024977062921
36081096400,-2.09263977062921
36081097202,-4.03326977062921
36081097203,-4.61696977062921
36081097204,-1.41556977062921
36081097300,-3.00475977062921
36081098100,-1.29846977062921
36081098700,-0.603969770629212
36081099100,-2.33353977062921
36081099200,-3.47706977062921
36081099701,-2.86080977062921
36081099703,-2.09286977062921
36081099704,-1.00706977062921
36081099705,-3.20236977062921
36081099801,-1.04926977062921
36081099802,-3.26240977062921
36081099900,-4.64726977062921
36081100801,-5.05676977062921
36081100802,-2.71193977062921
36081101001,-1.02806977062921
36081101002,-3.40024977062921
36081101700,-2.04468977062921
36081102900,-2.63655977062921
36081103201,-4.04506977062921
36081103202,-1.06006977062921
36081103300,-3.33342977062921
36081103900,-2.47531577062921
36081104700,-2.36569977062921
36081105900,-2.57696877062921
36081107201,-3.09784977062921
36081108500,-2.81945977062921
36081109300,-1.79686977062921
36081109700,-3.00629977062921
36081109900,-2.21304977062921
36081111300,-3.09689977062921
36081112300,-1.56248977062921
36081112900,-3.39050977062921
36081113300,-3.54516977062921
36081113900,-2.85680977062921
36081114100,-2.69170977062921
36081114700,-4.79826977062921
36081115100,-4.66966977062921
36081115500,-3.61896977062921
36081115700,-2.15079977062921
36081115900,-3.42928977062921
36081116100,-1.74652977062921
36081116300,-1.44636977062921
36081116700,-3.34674977062921
36081117100,-1.22046977062921
36081117500,-1.99233977062921
36081118100,-2.91143977062921
36081118500,-3.99136977062921
36081118700,-4.80476977062921
36081118900,-2.91473977062921
36081119100,-3.08975977062921
36081119300,-3.59716977062921
36081119500,-5.82866977062921
36081119900,-4.50716977062921
36081120100,-0.870169770629212
36081120300,-4.48286977062921
36081120500,-2.73508977062921
36081120700,-3.49358977062921
36081121100,-5.52166977062921
36081121500,-2.72910977062921
36081122300,-2.02290977062921
36081122701,-1.76154977062921
36081122702,-1.98173977062921
36081124100,-3.09237977062921
36081124700,-2.49196577062921
36081125700,-2.12764977062921
36081126500,-1.93748977062921
36081126700,-0.0809697706292125
36081127700,-2.18794977062921
36081128300,-6.12156977062921
36081129102,-2.79826977062921
36081129103,-2.76316977062921
36081129104,-3.42137977062921
36081130100,-2.57288277062921
36081133300,-2.91124977062921
36081133900,-3.94646977062921
36081134100,-1.59220977062921
36081134700,-0.746069770629212
36081136700,-2.01262977062921
36081137700,-2.71333977062921
36081138501,-2.21623977062921
36081138502,-3.41363977062921
36081139900,-3.27997977062921
36081140300,-3.96336977062921
36081140901,-3.67636977062921
36081140902,-2.48636677062921
36081141700,-2.79083977062921
36081142900,-3.26648977062921
36081143500,-4.14206977062921
36081144100,-3.85396977062921
36081144700,-1.95438977062921
36081145101,-2.80045977062921
36081145102,-3.37881977062921
36081145900,-2.74886977062921
36081146300,-2.01337977062921
36081146700,-1.35346977062921
36081147100,-1.72564977062921
36081147900,-1.33196977062921
36081148300,-2.50593777062921
36081150701,-2.49488077062921
36081150702,-1.38906977062921
36081152901,-1.35606977062921
36081152902,-1.58820977062921
36081155101,-2.31991977062921
36081155102,0.229230229370788
36081156700,-0.263369770629212
36081157101,-2.68041977062921
36081157102,-3.61916977062921
36081157901,-2.92213977062921
36081157902,-2.17297977062921
36081157903,-2.78430977062921
36081161700,-2.32956977062921
36081162100,-2.95878977062921
36085000300,-1.11276977062921
36085000600,-2.01309977062921
36085000700,-2.69286977062921
36085000800,-2.43158777062921
36085000900,-5.34786977062921
36085001100,-3.22793977062921
36085001700,-3.92246977062921
36085001800,-3.11396977062921
36085002001,-5.07916977062921
36085002002,-2.82077977062921
36085002100,-0.862469770629212
36085002700,-1.84408977062921
36085002900,-3.12296977062921
36085003300,-3.22521977062921
36085003600,-4.16336977062921
36085003900,-2.24603977062921
36085004000,-1.47716977062921
36085004700,-1.65950977062921
36085005000,-2.39125977062921
36085005900,-2.97305977062921
36085006400,-1.71019977062921
36085006700,-0.200569770629212
36085007000,0.531230229370788
36085007400,-2.65282977062921
36085007500,-0.903469770629212
36085007700,-4.57986977062921
36085008100,-1.72821977062921
36085009601,-1.53170977062921
36085009602,-2.97104977062921
36085009700,-1.44666977062921
36085010500,-1.39836977062921
36085011201,-2.34028977062921
36085011202,-1.79646977062921
36085011401,-2.51659287062921
36085011402,-2.68615977062921
36085012100,-1.95242977062921
36085012200,-2.09010977062921
36085012500,-3.22801977062921
36085012804,-1.83208977062921
36085012805,-4.23966977062921
36085012806,-2.35801977062921
36085013201,-3.40484977062921
36085013203,-2.26567977062921
36085013204,-2.95740977062921
36085013301,-9.28566977062921
36085013302,-1.39396977062921
36085013400,-1.43486977062921
36085013800,-3.16823977062921
36085014100,-3.28515977062921
36085014604,-2.08845977062921
36085014605,-2.66255977062921
36085014606,-0.897669770629212
36085014607,-2.24091977062921
36085014608,-4.23676977062921
36085014700,-2.14556977062921
36085015100,-2.30670977062921
36085015400,-7.43826977062921
36085015601,-1.35686977062921
36085015602,-2.64206977062921
36085015603,-1.86356977062921
36085016901,-2.20098977062921
36085017005,-2.05893977062921
36085017007,-3.16176977062921
36085017008,-2.95793977062921
36085017009,-2.92640977062921
36085017010,-1.83249977062921
36085017011,-2.95656977062921
36085017012,-3.71726977062921
36085017300,-4.46506977062921
36085017600,-1.92537977062921
36085017700,-1.99328977062921
36085018100,-0.774569770629212
36085018701,-3.20932977062921
36085018702,-1.58959977062921
36085018901,-2.03525977062921
36085018902,-1.79321977062921
36085019700,-4.53256977062921
36085019800,-0.794869770629212
36085020100,-1.70691977062921
36085020700,-0.893669770629212
36085020801,-1.81031977062921
36085020803,-3.50336977062921
36085020804,-2.45417877062921
36085021300,-2.23764977062921
36085022300,-1.78262977062921
36085022600,0.653430229370787
36085022800,-2.43443077062921
36085023100,-2.89955977062921
36085023900,-1.08486977062921
36085024401,-2.23933977062921
36085024402,-2.95405977062921
36085024700,-2.01368977062921
36085024800,-1.19636977062921
36085025100,-2.13005977062921
36085027301,-0.0908697706292125
36085027302,-2.66839977062921
36085027702,1.04803022937079
36085027704,-2.98515977062921
36085027705,-3.31834977062921
36085027706,-2.45731077062921
36085027900,-1.33886977062921
36085029102,0.835430229370788
36085029103,-1.07146977062921
36085029104,-1.80304977062921
36085030301,-2.39794977062921
36085030302,-2.21093977062921
36085031901,-1.62585977062921
36085031902,-1.54268977062921
36085032300,-0.243469770629212
