36005000200,-3.4104
36005000400,0.91016
36005001600,-1.3344
36005001900,-0.055654
36005002000,-1.1308
36005002300,-0.13502
36005002400,0.56284
36005002500,-0.26741
36005002701,-1.339
36005002702,-0.83976
36005002800,-1.3491
36005003100,-0.01325
36005003300,0.62389
36005003500,-0.77425
36005003700,0.47619
36005003800,-3.8462
36005003900,-0.19479
36005004001,-1.1058
36005004100,-0.16233
36005004200,-1.2225
36005004300,-1.0728
36005004400,-1.0326
36005004600,-0.99849
36005004800,0.51326
36005005001,-0.50491
36005005002,-0.75682
36005005100,-0.048294
36005005200,0.32703
36005005300,-0.015957
36005005400,-0.44614
36005005600,0.47957
36005005902,-0.0077
36005006000,1.0003
36005006100,0.58961
36005006200,-1.0382
36005006300,0.18598
36005006400,-0.61356
36005006500,-0.40495
36005006700,-1.0706
36005006800,-1.5745
36005006900,-0.53898
36005007000,0.20757
36005007100,-0.51537
36005007200,-0.041987
36005007300,-1.4656
36005007400,-0.039767
36005007500,-0.2215
36005007600,-0.16157
36005007700,-0.30323
36005007800,-0.24022
36005007900,-0.68077
36005008300,0.16785
36005008400,-2.3896
36005008500,-1.142
36005008600,-2.0217
36005008700,-1.0068
36005008900,-0.97385
36005009000,-0.55007
36005009200,-0.21171
36005009300,-0.01651
36005009600,-0.67359
36005009800,-1.4229
36005011000,0.011509
36005011502,0.49248
36005011700,-0.1395
36005011800,-0.28712
36005011900,-0.72965
36005012101,-0.94883
36005012102,1.1581
36005012300,-0.89539
36005012500,-0.16848
36005012701,-0.18589
36005012901,0.17604
36005013000,-2.7489
36005013100,-1.0389
36005013200,-0.39685
36005013300,-2.8342
36005013500,0.83032
36005013800,-2.7367
36005014100,1.8937
36005014300,-0.75244
36005014400,-2.4482
36005014500,-0.046745
36005014701,-0.97719
36005014702,0.5157
36005014900,0.030142
36005015100,-1.023
36005015200,-1.1372
36005015300,-0.77942
36005015500,-1.4341
36005015700,-0.47653
36005015800,-0.42004
36005015900,-0.075316
36005016000,-1.1134
36005016100,-0.42939
36005016200,-0.94558
36005016400,-1.1331
36005016500,-0.7436
36005016600,-0.16623
36005016700,-0.97492
36005016900,0.28122
36005017300,0.11171
36005017500,-1.0156
36005017701,-1.8047
36005017702,-1.1964
36005017901,-0.068482
36005017902,-1.8601
36005018101,-2.6169
36005018102,-0.73435
36005018301,-1.008
36005018302,0.71603
36005018400,-0.33961
36005018500,0.13966
36005018900,-0.26597
36005019300,-0.089174
36005019400,-0.4247
36005019500,-0.0092632
36005019700,0.027942
36005019900,-0.51555
36005020000,-0.067803
36005020100,0.1667
36005020200,0.60086
36005020400,0.25777
36005020501,-1.3404
36005020502,-1.7904
36005020601,-0.93811
36005020900,-1.1488
36005021001,-0.22647
36005021002,-0.42317
36005021100,-1.1188
36005021200,-0.58223
36005021301,-0.64189
36005021302,-1.2609
36005021501,-0.094114
36005021502,-0.65765
36005021601,-0.68134
36005021602,0.59784
36005021700,0.11093
36005021800,-1.2242
36005021900,-0.63865
36005022000,-1.7592
36005022101,-0.75875
36005022102,-0.65495
36005022200,-0.34835
36005022300,-0.66773
36005022401,0.067635
36005022403,0.050291
36005022404,-0.22823
36005022500,-0.80464
36005022701,-2.1676
36005022702,-1.033
36005022703,1.2023
36005022800,1.1006
36005022901,-0.037184
36005022902,-0.88774
36005023000,-1.5769
36005023100,-1.2148
36005023200,-1.4223
36005023301,-2.367
36005023302,-2.1376
36005023501,-1.3824
36005023502,-0.4634
36005023600,-0.011198
36005023702,-0.63064
36005023703,-0.96865
36005023704,-0.78812
36005023800,-0.57882
36005023900,-0.37817
36005024000,0.059975
36005024100,-1.2094
36005024300,-0.2027
36005024400,0.22516
36005024501,-1.1391
36005024502,-1.5074
36005024600,-0.026774
36005024700,-1.4353
36005024800,-1.2423
36005024900,-0.29488
36005025000,-0.27976
36005025100,-0.32752
36005025200,-1.389
36005025300,-0.69924
36005025400,-0.17488
36005025500,-0.22499
36005025600,-0.87018
36005025700,-1.1061
36005026100,0.42252
36005026300,-1.2491
36005026400,-1.1298
36005026500,0.18846
36005026601,-1.127
36005026602,-0.064782
36005026701,-1.7782
36005026702,-2.3043
36005026900,-0.88259
36005027300,-2.3094
36005027401,-1.3768
36005027402,0.012522
36005027600,1.023
36005027700,-0.68
36005027900,-2.1215
36005028100,-0.48544
36005028300,-0.54071
36005028400,0.11858
36005028500,-0.95003
36005028600,1.3418
36005028700,-0.34481
36005028800,-0.39005
36005028900,-0.61691
36005029301,-0.072165
36005029302,-0.086695
36005029500,0.71505
36005029600,0.62894
36005029700,1.2029
36005030000,-0.59573
36005030100,-0.87402
36005030200,-0.024114
36005030701,0.18285
36005030900,-1.5396
36005031000,-2.6702
36005031200,0.74379
36005031400,-2.3725
36005031600,-2.9277
36005031800,-1.9142
36005031900,1.663
36005032300,1.3766
36005032400,-0.088761
36005032600,-1.0384
36005032800,-1.9627
36005033000,-0.45694
36005033201,-1.8247
36005033202,-0.90333
36005033400,1.4325
36005033500,-0.68842
36005033600,-0.19678
36005033700,0.43824
36005033800,0.04379
36005034000,-2.57
36005034200,-1.3229
36005034300,-3.3847
36005034400,-2.8793
36005034500,1.6283
36005034800,-1.05
36005035000,-2.9598
36005035100,2.0165
36005035600,-1.1522
36005035800,-0.54269
36005035900,-0.020731
36005036000,-1.6066
36005036100,-0.71193
36005036300,-1.6919
36005036400,-1.0837
36005036501,0.21189
36005036502,-0.89087
36005036700,0.26263
36005036800,-0.13672
36005036901,-1.3374
36005036902,-0.58746
36005037000,-1.2292
36005037100,0.75911
36005037200,-2.8349
36005037300,-0.62311
36005037400,-0.67713
36005037504,-0.77375
36005037600,-0.76815
36005037800,-2.7498
36005037900,-0.29959
36005038000,-0.714
36005038100,-0.80187
36005038200,0.15636
36005038301,-0.42391
36005038302,-0.18448
36005038500,0.016606
36005038600,-1.8998
36005038700,0.43406
36005038800,-0.40577
36005038900,-0.49433
36005039000,-2.0904
36005039100,-0.67135
36005039200,-2.2413
36005039300,-2.0653
36005039400,-3.0624
36005039500,-0.94478
36005039600,-0.71926
36005039700,1.7491
36005039800,-0.9883
36005039901,0.10572
36005039902,-1.7649
36005040100,-0.33734
36005040302,-2.7965
36005040303,-1.7337
36005040304,-1.0885
36005040400,-2.5729
36005040501,-1.8397
36005040502,-2.0299
36005040600,-2.7284
36005040701,-1.69
36005040702,-0.5165
36005040800,-0.36628
36005040900,-0.59534
36005041100,-0.65375
36005041300,-0.94351
36005041400,-0.12241
36005041500,0.58677
36005041800,0.037533
36005041900,0.2318
36005042000,0.38688
36005042100,0.10431
36005042200,-0.69652
36005042300,-0.35947
36005042400,-2.4694
36005042500,-0.25916
36005042600,-2.0298
36005042800,0.59838
36005042901,-1.5051
36005042902,-2.6563
36005043000,-0.52743
36005043100,-1.2669
36005043400,-0.75008
36005043500,0.37973
36005043600,0.60759
36005044200,-1.3017
36005044400,1.866
36005044800,-6.0223
36005044901,-0.29217
36005044902,1.4356
36005045101,0.87875
36005045102,-0.20482
36005045600,0.56368
36005045800,-3.7601
36005046000,-0.44655
36005046201,-0.75175
36005046202,-1.9609
36005048400,-1.4407
36005050400,0.89824
36005051600,-1.4854
36047000100,1.6406
36047000200,-0.29745
36047000301,1.8391
36047000501,1.3544
36047000502,1.1575
36047000700,1.3942
36047000900,0.52638
36047001100,-0.26375
36047001300,-0.44382
36047001500,0.73848
36047001800,-0.027111
36047002000,-0.65877
36047002100,1.7053
36047002200,-0.30466
36047002300,0.63266
36047002901,1.3797
36047003000,1.97
36047003100,1.2872
36047003300,0.60788
36047003400,0.15036
36047003500,1.1969
36047003600,1.3626
36047003700,0.57987
36047003800,1.3833
36047003900,0.84661
36047004100,1.2772
36047004300,2.3686
36047004400,0.94262
36047004500,2.2308
36047004600,1.4875
36047004700,1.5871
36047004900,0.12613
36047005000,1.5328
36047005100,1.1868
36047005201,0.53624
36047005202,2.2077
36047005300,0.097904
36047005400,0.38327
36047005601,0.34854
36047005602,1.0026
36047005800,0.94369
36047005900,-0.21813
36047006000,1.107
36047006200,0.91134
36047006300,0.32498
36047006400,0.79546
36047006500,1.7341
36047006600,0.95774
36047006700,1.6969
36047006800,0.68576
36047006900,2.9226
36047007000,0.35075
36047007100,0.76971
36047007200,0.81757
36047007400,0.24914
36047007500,1.33
36047007600,0.54253
36047007700,1.1851
36047007800,-0.17942
36047008000,0.32423
36047008200,0.24611
36047008400,0.18881
36047008500,1.2741
36047008800,-1.4831
36047009000,-1.609
36047009200,0.016416
36047009400,-2.4291
36047009600,-0.64794
36047009800,0.46093
36047010000,0.25736
36047010100,-0.46732
36047010200,0.43693
36047010400,0.4067
36047010600,0.5575
36047010800,-0.01028
36047011000,-4.5882
36047011200,-4.2798
36047011400,-0.49805
36047011600,-0.39057
36047011700,-0.016912
36047011800,-0.057028
36047011900,0.10684
36047012000,0.037161
36047012100,-0.82641
36047012200,0.22733
36047012600,-0.04901
36047012700,0.98412
36047012801,0.58754
36047012901,0.43606
36047012902,1.5575
36047013000,1.4516
36047013100,1.917
36047013200,0.44974
36047013300,1.9104
36047013400,0.67384
36047013500,1.7571
36047013600,1.1987
36047013700,1.3904
36047013800,0.95094
36047013900,1.0788
36047014000,1.4755
36047014100,1.4109
36047014200,0.7538
36047014300,0.28331
36047014500,0.21675
36047014700,0.61542
36047014800,1.1108
36047014900,1.4465
36047015000,0.24392
36047015100,1.9008
36047015200,0.79772
36047015300,0.80012
36047015500,1.8806
36047015700,2.2216
36047015900,2.1341
36047016000,0.73668
36047016100,2.0256
36047016200,1.6646
36047016300,1.663
36047016400,0.99306
36047016500,1.6334
36047016600,0.50522
36047016700,1.7008
36047016800,-1.5691
36047016900,1.0724
36047017000,-0.114
36047017100,1.353
36047017200,-0.46259
36047017400,-1.0312
36047017500,0.055142
36047017600,0.68515
36047017700,0.090832
36047017800,-0.05663
36047017900,1.2855
36047018000,-0.26372
36047018100,1.5607
36047018200,-0.2609
36047018300,1.0209
36047018400,0.56673
36047018501,-0.10491
36047018600,-0.027594
36047018700,2.0698
36047018800,0.34014
36047019000,-1.0183
36047019100,-0.70971
36047019200,-2.1752
36047019300,0.76265
36047019400,0.5203
36047019500,0.87896
36047019600,0.32697
36047019700,1.2823
36047019800,1.784
36047019900,1.0841
36047020000,0.71225
36047020100,0.69282
36047020200,1.9184
36047020300,0.56556
36047020400,1.5887
36047020500,0.56487
36047020600,0.27681
36047020700,1.7768
36047020800,0.33624
36047021000,0.53546
36047021100,0.61615
36047021200,-0.025501
36047021300,1.973
36047021400,-1.7927
36047021500,0.85149
36047021600,-3.3404
36047021700,1.8543
36047021800,-3.5421
36047021900,0.27014
36047022000,-3.9859
36047022100,0.53406
36047022200,-2.8752
36047022400,-3.6939
36047022600,-5.0839
36047022700,0.79356
36047022800,-2.1531
36047022900,0.26123
36047023000,-1.9054
36047023100,0.69737
36047023200,-3.5731
36047023300,0.36134
36047023400,-5.8928
36047023500,0.34366
36047023600,-6.2013
36047023800,-5.6167
36047024000,-1.1117
36047024100,-0.14692
36047024200,-2.7957
36047024300,0.94465
36047024400,-1.5658
36047024500,0.76985
36047024600,-1.1094
36047024700,0.23712
36047024800,-2.0248
36047024900,-0.1499
36047025000,-1.5613
36047025100,-0.07883
36047025200,-0.65516
36047025300,0.014682
36047025400,-0.36813
36047025500,-0.2427
36047025600,0.27083
36047025700,0.19818
36047025800,0.20102
36047025901,-0.080598
36047025902,-0.59101
36047026000,-0.011605
36047026100,-0.3659
36047026200,-1.3247
36047026300,-0.99532
36047026400,0.0090277
36047026500,-0.74644
36047026600,-1.389
36047026700,-0.56115
36047026800,-0.23219
36047026900,1.2154
36047027000,0.21167
36047027100,0.31772
36047027200,-1.1045
36047027300,0.50794
36047027400,-0.36672
36047027500,0.072765
36047027600,-0.29316
36047027700,0.033859
36047027800,-0.52039
36047027900,0.47936
36047028000,0.18294
36047028100,-0.50106
36047028200,1.7879
36047028300,-0.15721
36047028400,-0.12601
36047028501,0.47523
36047028502,-0.45504
36047028600,-0.2077
36047028700,-0.19568
36047028800,-0.12819
36047028900,0.96641
36047029000,0.00021089
36047029100,1.5279
36047029200,0.12855
36047029300,2.4774
36047029400,-0.35017
36047029500,0.86295
36047029600,-0.32583
36047029700,0.59012
36047029800,0.05086
36047029900,-0.8916
36047030000,-0.34989
36047030100,1.5168
36047030200,1.0706
36047030300,0.0076233
36047030400,0.14181
36047030500,-0.073485
36047030600,-0.2742
36047030700,-0.3274
36047030800,-0.38181
36047030900,0.64035
36047031100,-0.10026
36047031300,0.94006
36047031400,-0.18465
36047031500,0.46128
36047031701,0.14966
36047031702,0.37042
36047031900,-5.1838
36047032100,0.67093
36047032300,0.48682
36047032500,0.38284
36047032600,-0.17086
36047032700,0.77557
36047032800,-0.083533
36047032900,-2.8053
36047033000,-0.63622
36047033100,-2.2455
36047033300,-5.2335
36047033500,-3.7913
36047033600,-1.259
36047033700,-4.3073
36047033900,0.77197
36047034000,-0.81128
36047034100,-0.076478
36047034200,-0.48606
36047034300,0.51307
36047034500,-0.30128
36047034700,0.4053
36047034800,-0.24115
36047034900,-0.18092
36047035000,-1.1308
36047035100,-0.43563
36047035200,-0.31412
36047035300,-0.98157
36047035400,-1.0344
36047035500,-1.4858
36047035601,-1.7322
36047035602,-1.8605
36047035700,-1.1299
36047035900,-0.82299
36047036001,-2.2989
36047036002,-1.4553
36047036100,0.12164
36047036200,-2.103
36047036300,-0.99012
36047036400,-0.83233
36047036501,2.0056
36047036502,-0.077396
36047036600,-0.47681
36047036700,-0.77695
36047036900,-0.0719
36047037000,0.38223
36047037100,-1.1428
36047037300,-0.63936
36047037401,-1.829
36047037402,-0.24485
36047037500,-1.1005
36047037700,0.1022
36047037900,-0.16367
36047038100,0.61789
36047038200,-2.8738
36047038300,2.5291
36047038500,1.7224
36047038600,-1.6371
36047038700,0.84604
36047038800,-1.1046
36047038900,0.1279
36047039000,-2.0227
36047039100,0.19159
36047039200,-1.3219
36047039300,0.50171
36047039400,-1.3667
36047039500,-0.24785
36047039600,-0.68824
36047039700,0.3736
36047039800,-1.3344
36047039900,0.51288
36047040000,-1.1072
36047040100,2.2195
36047040200,-0.36931
36047040300,-1.1951
36047040400,-1.262
36047040500,-0.57221
36047040600,1.0295
36047040800,-0.70999
36047040900,0.82213
36047041000,-3.4879
36047041100,0.87874
36047041200,-2.402
36047041300,-1.2213
36047041401,-1.8533
36047041402,-3.4389
36047041500,-1.698
36047041600,-2.8093
36047041700,0.051609
36047041800,-1.4807
36047041900,0.90077
36047042000,-2.4599
36047042100,-2.6481
36047042200,-1.2657
36047042300,-0.44215
36047042400,-0.61847
36047042500,0.58845
36047042600,-0.7428
36047042700,1.6809
36047042800,-1.1315
36047042900,0.23961
36047043000,-1.4615
36047043100,0.49439
36047043200,-0.83538
36047043300,0.78354
36047043400,-0.99456
36047043500,0.027778
36047043600,-0.70778
36047043700,0.86917
36047043800,-1.1337
36047043900,-0.61047
36047044000,-2.4307
36047044100,0.34019
36047044200,-0.55906
36047044300,0.33675
36047044400,-3.6915
36047044500,-0.18433
36047044600,0.58013
36047044700,0.24714
36047044800,-1.8725
36047044900,0.052613
36047045000,-1.9589
36047045200,-4.1045
36047045300,0.16768
36047045400,-2.7841
36047045600,-3.0926
36047045800,-2.4032
36047046000,-1.5464
36047046201,-1.2229
36047046202,-2.6885
36047046400,-2.2534
36047046800,-4.29
36047047000,-4.5759
36047047200,-5.6845
36047047400,-4.7314
36047047600,-3.7899
36047047700,1.2066
36047047800,-3.7149
36047048000,-3.6408
36047048100,-0.040611
36047048200,-0.46306
36047048400,-2.6863
36047048500,0.56603
36047048600,-4.225
36047048800,-1.8232
36047048900,-0.074159
36047049000,-1.8967
36047049100,-0.78127
36047049200,-2.2708
36047049300,0.35832
36047049400,-2.2933
36047049500,1.247
36047049600,-0.71904
36047049700,1.6766
36047049800,-1.4163
36047049900,1.34
36047050000,1.2754
36047050100,-0.54079
36047050202,0.86594
36047050300,1.518
36047050400,0.29125
36047050500,0.80218
36047050600,-0.15261
36047050700,-0.62387
36047050801,0.10994
36047050803,0.043617
36047050804,-0.83563
36047050900,-2.2989
36047051001,-0.29914
36047051002,-0.47386
36047051100,-0.046755
36047051200,-0.12522
36047051300,0.11217
36047051400,0.15222
36047051500,1.7148
36047051601,-0.35177
36047051602,-0.6982
36047051700,1.8425
36047051800,0.52377
36047051900,1.5339
36047052000,-0.3168
36047052300,0.82096
36047052500,-1.3515
36047052600,0.12773
36047052700,-3.5215
36047052800,-0.45023
36047052900,-5.0881
36047053000,-1.6749
36047053100,-3.9403
36047053200,-2.8409
36047053300,-6.2386
36047053400,-3.4325
36047053500,-7.6119
36047053700,-3.2835
36047053800,-0.57652
36047053900,-4.6848
36047054200,-0.6696
36047054300,-0.18731
36047054400,-3.7403
36047054500,-4.4458
36047054600,-2.3602
36047054700,-5.1654
36047054800,-2.709
36047054900,-1.4744
36047055000,-1.5996
36047055100,0.62906
36047055200,-2.0665
36047055300,1.6545
36047055400,-0.92078
36047055500,1.1552
36047055600,-1.1661
36047055700,1.513
36047055800,-3.8056
36047056000,-1.8586
36047056100,0.52775
36047056200,-3.7037
36047056300,0.24503
36047056400,-0.83558
36047056500,0.98199
36047056600,0.71444
36047056800,-1.4037
36047056900,1.5572
36047057000,-1.5142
36047057100,1.0234
36047057200,-0.12959
36047057300,0.065473
36047057400,-1.3553
36047057500,1.1749
36047057600,-0.72787
36047057800,-1.1865
36047057900,0.41303
36047058000,-0.32004
36047058200,-1.2794
36047058400,-1.5202
36047058600,-2.2938
36047058800,-0.47439
36047058900,0.65376
36047059000,-0.821
36047059100,1.1936
36047059200,-1.4699
36047059300,0.96736
36047059401,-1.0745
36047059402,-0.65046
36047059600,-1.3974
36047059800,-2.6549
36047060000,-0.85236
36047060600,-1.3825
36047060800,-0.78312
36047061002,-1.9243
36047061003,-1.864
36047061004,-1.8686
36047061200,-3.9297
36047061600,0.53716
36047062000,-1.3757
36047062200,-1.3144
36047062600,-1.0479
36047062800,-0.31752
36047063200,0.52088
36047063600,1.389
36047063800,0.321
36047064000,0.22051
36047064200,-2.5198
36047064400,-1.0304
36047064600,-1.6083
36047064800,-1.403
36047065000,-1.9963
36047065200,0.56952
36047065400,1.1695
36047065600,-0.57232
36047065800,-0.20828
36047066000,0.19606
36047066200,0.23437
36047066600,1.0775
36047067000,1.0012
36047067200,0.015499
36047067400,1.1202
36047067600,-0.00060267
36047067800,-0.73412
36047068000,-0.35456
36047068200,0.16812
36047068600,0.12502
36047068800,0.53456
36047069000,-0.18978
36047069200,0.34302
36047069601,0.17666
36047069602,0.75934
36047069800,-0.36096
36047070000,0.54551
36047070201,-0.29492
36047070202,0.058331
36047070600,-1.5337
36047072000,-0.057551
36047072200,-0.31133
36047072400,0.25605
36047072600,0.71409
36047072800,0.47841
36047073000,-0.33829
36047073200,1.4119
36047073400,-1.2596
36047073600,0.271
36047073800,-2.8327
36047074000,-0.87297
36047074200,-2.4879
36047074400,-4.5712
36047074600,-0.09736
36047074800,-3.7897
36047075000,-2.7591
36047075200,-3.4744
36047075400,-4.1823
36047075600,-2.1286
36047075800,-1.8712
36047076000,-1.2822
36047076200,-2.3679
36047076400,-0.84166
36047076600,-0.74964
36047076800,-3.5736
36047077000,0.22698
36047077200,0.22158
36047077400,0.37377
36047077600,0.33069
36047078000,-0.59386
36047078200,0.023443
36047078400,-0.11437
36047078600,-0.58538
36047078800,0.22035
36047079000,-0.28823
36047079200,-0.01089
36047079400,0.93801
36047079601,0.25681
36047079602,0.54661
36047079801,0.42978
36047079802,0.48405
36047080000,1.0488
36047080200,0.60417
36047080400,0.90603
36047080600,-2.319
36047080800,0.66847
36047081000,-0.97657
36047081400,0.97573
36047081600,0.98432
36047081800,-0.49689
36047082000,-0.15373
36047082200,-0.37803
36047082400,0.3194
36047082600,0.81322
36047082800,0.032509
36047083000,-0.78414
36047083200,1.5504
36047083400,-0.45904
36047083600,-0.85431
36047083800,-0.16341
36047084000,0.34154
36047084600,0.36885
36047084800,-0.27824
36047085000,-0.32192
36047085400,-0.18864
36047085600,-0.53179
36047085800,-0.055473
36047086000,0.7055
36047086200,-0.3695
36047086400,-0.073133
36047086600,0.26175
36047086800,-0.73529
36047087000,-0.16952
36047087200,1.2587
36047087401,-4.8066
36047087600,2.0844
36047087800,-0.33078
36047088000,-0.53576
36047088200,-0.080555
36047088400,0.64238
36047088600,1.4751
36047088800,-1.051
36047089000,-0.4423
36047089200,0.51424
36047089400,-0.30675
36047089600,0.096985
36047089800,0.86624
36047090000,-0.17648
36047090200,-0.89398
36047090600,-0.58138
36047090800,-0.60681
36047091000,-0.23465
36047091200,0.60301
36047091600,-0.0081125
36047091800,-0.38464
36047092000,0.53736
36047092200,0.82133
36047092400,0.31533
36047092800,0.28057
36047093000,0.81182
36047093200,-0.14492
36047093400,0.41649
36047093600,0.27271
36047093800,1.2355
36047094401,-0.54232
36047094402,-5.473
36047094600,0.17962
36047095000,-2.1787
36047095400,-0.72496
36047095600,-0.042524
36047095800,-0.24776
36047096000,-0.20405
36047096200,-0.17926
36047096400,-0.53671
36047096600,-0.39631
36047096800,-1.1834
36047097000,0.24537
36047097400,-1.1584
36047098200,-1.4842
36047098400,-1.691
36047098600,-0.39617
36047098800,-1.0475
36047099000,0.55348
36047099200,0.49
36047099400,3.5273
36047099600,-2.3254
36047099800,-0.27225
36047100400,-0.56987
36047100600,1.7252
36047100800,1.281
36047101000,-0.071406
36047101200,0.52841
36047101400,1.6908
36047101600,-0.02805
36047101800,-1.6321
36047102000,0.7407
36047102200,-0.1092
36047102400,0.30024
36047102600,2.0986
36047102800,-0.1029
36047103400,-1.7499
36047105801,0.93122
36047105804,0.1392
36047107000,0.45999
36047107800,-0.22405
36047109800,-0.40827
36047110400,-0.43444
36047111000,-0.78961
36047111600,-0.55029
36047111800,0.099633
36047112000,-0.87706
36047112200,-0.58014
36047112400,-0.61029
36047112600,0.93227
36047112800,-0.099533
36047113000,-0.42271
36047113200,0.8471
36047113400,-0.56748
36047114201,-0.81416
36047114202,1.7851
36047114400,-0.8639
36047114600,-1.6819
36047115000,0.43355
36047115200,-0.30556
36047115600,0.47554
36047115800,-0.25283
36047116000,2.0567
36047116200,-1.1418
36047116400,-0.27517
36047116600,-1.6297
36047116800,-0.25559
36047117000,-0.89943
36047117201,-0.89098
36047117202,-2.3287
36047117400,-1.0371
36047117601,-1.0329
36047117602,-0.013596
36047117800,-1.2122
36047118000,1.1895
36047118201,-0.31327
36047118202,0.42466
36047118400,0.66068
36047118600,-0.12726
36047118800,0.1909
36047119000,-0.24693
36047119200,-0.34302
36047119400,0.68893
36047119600,0.015496
36047119800,0.044266
36047120000,-0.027461
36047120200,0.21766
36047120800,-0.62975
36047121000,0.68746
36047121400,-1.7171
36047122000,-0.41776
36047123700,-3.4884
36047150200,0.20252
36047152200,0.39212
36061000201,1.2394
36061000202,1.1334
36061000600,1.0142
36061000700,2.1929
36061000800,0.93051
36061000900,1.9616
36061001001,1.248
36061001002,1.2337
36061001200,0.88257
36061001300,2.3742
36061001401,1.1065
36061001402,1.6468
36061001501,1.6238
36061001502,1.6232
36061001600,1.1016
36061001800,1.365
36061002000,2.4398
36061002100,0.86532
36061002201,1.3505
36061002202,1.5308
36061002400,1.9665
36061002500,1.3218
36061002601,1.2468
36061002602,2.0419
36061002700,1.0009
36061002800,1.016
36061002900,0.66487
36061003001,2.3405
36061003002,1.827
36061003100,0.85756
36061003200,2.0048
36061003300,0.98045
36061003400,2.0549
36061003601,1.6235
36061003602,2.1673
36061003700,2.3719
36061003800,2.3442
36061003900,3.4593
36061004000,1.4949
36061004100,1.2445
36061004200,1.8371
36061004300,2.6116
36061004400,1.5108
36061004500,2.2833
36061004700,2.6681
36061004800,1.617
36061004900,2.5605
36061005000,1.6815
36061005200,2.361
36061005400,2.0378
36061005501,2.1948
36061005502,2.5028
36061005600,2.2242
36061005700,2.338
36061005800,2.3285
36061005900,1.6508
36061006000,0.83092
36061006100,2.242
36061006200,1.4015
36061006300,2.2423
36061006400,1.4977
36061006500,3.056
36061006600,2.7264
36061006700,2.2002
36061006800,1.8069
36061006900,2.0231
36061007000,1.6979
36061007100,1.4261
36061007200,1.7654
36061007300,2.1699
36061007400,2.1724
36061007500,2.5946
36061007600,0.96364
36061007700,2.1722
36061007800,1.4453
36061007900,2.289
36061008000,2.4237
36061008100,1.6788
36061008200,2.2601
36061008300,2.7665
36061008400,1.6957
36061008601,1.7639
36061008602,2.2999
36061008603,1.7079
36061008700,2.6031
36061008800,2.5408
36061008900,2.8158
36061009000,2.4456
36061009100,1.9169
36061009200,2.6936
36061009300,1.7255
36061009400,2.3755
36061009500,1.8669
36061009600,2.1501
36061009700,1.4836
36061009800,2.4146
36061009900,2.1367
36061010000,2.8789
36061010100,1.348
36061010200,3.1261
36061010300,0.9549
36061010400,3.036
36061010601,1.4827
36061010602,1.5499
36061010800,2.6383
36061010900,1.7435
36061011000,2.1357
36061011100,1.1867
36061011201,2.3044
36061011202,2.9682
36061011203,3.0365
36061011300,1.9437
36061011401,2.5348
36061011402,2.1339
36061011500,1.6852
36061011600,2.2082
36061011700,1.7788
36061011800,1.675
36061011900,2.7188
36061012000,1.8643
36061012100,2.0915
36061012200,2.466
36061012400,1.8054
36061012500,2.9314
36061012600,1.8277
36061012700,2.6981
36061012800,1.9386
36061012900,0.75587
36061013000,2.5103
36061013100,2.9779
36061013200,2.1351
36061013300,1.8669
36061013400,2.0022
36061013500,1.8683
36061013600,1.7203
36061013700,2.4829
36061013800,1.513
36061013900,2.1468
36061014000,2.1133
36061014200,2.5357
36061014300,1.5695
36061014401,2.4156
36061014402,1.716
36061014500,1.3757
36061014601,1.5031
36061014602,1.9515
36061014700,1.5596
36061014801,2.1495
36061014802,2.0567
36061014900,2.4547
36061015001,2.1913
36061015002,2.2431
36061015100,1.9192
36061015200,1.8295
36061015300,2.6387
36061015400,1.7051
36061015500,1.8916
36061015601,1.3228
36061015602,0.69572
36061015700,2.1024
36061015801,2.3748
36061015802,1.2573
36061015900,1.4097
36061016001,2.7513
36061016002,1.8148
36061016100,2.2448
36061016200,1.1579
36061016300,1.5343
36061016400,0.20311
36061016500,1.8954
36061016600,0.6163
36061016700,1.7683
36061016800,1.8713
36061016900,2.0384
36061017000,0.8597
36061017100,1.083
36061017200,0.93536
36061017300,2.3343
36061017401,-0.094325
36061017402,1.4195
36061017500,1.4222
36061017700,2.3909
36061017800,0.667
36061017900,1.7093
36061018000,0.87415
36061018100,1.78
36061018200,0.34425
36061018300,1.6897
36061018400,0.70684
36061018500,0.6468
36061018600,1.5676
36061018700,1.7641
36061018800,0.69728
36061018900,0.96126
36061019000,0.86953
36061019100,1.7208
36061019200,0.50012
36061019300,1.4347
36061019400,0.6021
36061019500,1.7085
36061019600,0.83009
36061019701,2.1586
36061019702,0.99062
36061019800,0.76873
36061019900,1.3563
36061020000,1.5445
36061020101,2.0837
36061020102,1.63
36061020300,3.5288
36061020500,2.4033
36061020600,0.7605
36061020701,1.8258
36061020800,0.65225
36061020901,0.77784
36061021000,0.44197
36061021100,2.1643
36061021200,0.22296
36061021303,0.54672
36061021400,-0.36862
36061021500,0.74785
36061021600,1.1455
36061021703,0.8675
36061021800,0.85766
36061021900,1.0693
36061022000,1.044
36061022102,1.6652
36061022200,0.9062
36061022301,0.52043
36061022302,2.1894
36061022400,0.55051
36061022500,0.65248
36061022600,1.5624
36061022700,1.3825
36061022800,0.65326
36061022900,0.6909
36061023000,0.65628
36061023100,1.5347
36061023200,0.44356
36061023300,1.3638
36061023400,0.40962
36061023501,0.95778
36061023502,1.4154
36061023600,0.053234
36061023700,1.0652
36061023801,0.16377
36061023802,1.2122
36061023900,1.2015
36061024000,2.2178
36061024100,0.51111
36061024200,1.1582
36061024301,0.64614
36061024302,0.55263
36061024500,1.1947
36061024700,1.3192
36061024900,0.65135
36061025100,1.8517
36061025300,0.94798
36061025500,1.3679
36061025700,0.87091
36061025900,-0.84746
36061026100,-0.0040403
36061026300,0.66092
36061026500,-0.53544
36061026700,0.10309
36061026900,1.3952
36061027100,0.51065
36061027300,1.1351
36061027500,1.8578
36061027700,-0.17224
36061027900,0.57827
36061028100,1.501
36061028300,0.26379
36061028500,0.84448
36061028700,0.77841
36061029100,0.19076
36061029300,0.33685
36061029500,0.79206
36061029700,0.21483
36061029900,-0.60503
36061030300,0.75584
36061030700,1.108
36061030900,0.11619
36061031100,2.8363
36061031703,2.756
36061031704,2.6447
36061031900,2.152
36081000100,0.38699
36081000200,-0.17976
36081000400,0.38935
36081000600,0.18291
36081000700,0.87267
36081000800,0.99064
36081001000,0.31247
36081001200,0.81875
36081001400,0.55927
36081001600,-0.3926
36081001800,1.0923
36081001900,1.0749
36081002000,-0.90336
36081002200,0.26933
36081002400,-0.50549
36081002500,0.35167
36081002600,1.1405
36081002800,0.40001
36081003000,0.14389
36081003100,0.74281
36081003200,-1.0499
36081003300,0.22024
36081003400,-0.3214
36081003600,1.097
36081003700,-0.49415
36081003800,1.0409
36081003900,0.068385
36081004001,0.57936
36081004002,-0.52681
36081004200,0.63782
36081004300,0.29585
36081004401,0.21947
36081004500,1.2562
36081004700,1.0699
36081005100,0.63403
36081005200,1.2846
36081005300,1.478
36081005400,0.30114
36081005500,0.034157
36081005700,0.98714
36081005800,0.13077
36081005900,1.6241
36081006100,1.5902
36081006201,1.1741
36081006202,1.0101
36081006300,1.5586
36081006501,1.3503
36081006502,1.4341
36081006900,1.0886
36081007100,1.8623
36081007300,1.9521
36081007500,-0.17347
36081007700,0.66061
36081007900,0.44902
36081008100,-0.77676
36081008300,1.5314
36081008500,0.68802
36081008600,-0.063105
36081008700,-0.19954
36081008800,0.72264
36081009100,1.7674
36081009400,0.65498
36081009500,2.5974
36081009600,0.383
36081009700,2.0543
36081009800,0.47174
36081010000,0.88544
36081010100,1.7406
36081010200,0.19485
36081010300,1.6491
36081010400,0.058341
36081010500,1.6637
36081010600,0.6427
36081010701,1.3448
36081010800,-0.13365
36081011000,-0.36374
36081011100,0.78935
36081011200,0.21095
36081011300,1.0784
36081011400,-0.022499
36081011500,1.3184
36081011600,0.69862
36081011700,1.4389
36081011800,1.2358
36081011900,1.7651
36081012000,-0.70087
36081012100,1.8193
36081012200,0.40249
36081012301,0.42461
36081012400,-0.21055
36081012500,1.6202
36081012601,0.40676
36081012602,-0.18308
36081012800,0.11235
36081013000,0.47572
36081013200,-1.4339
36081013400,0.74781
36081013500,1.0336
36081013600,1.0678
36081013700,1.0996
36081013800,0.58556
36081014000,0.496
36081014100,0.55434
36081014201,-0.5639
36081014202,-0.23778
36081014300,1.5151
36081014400,-0.17712
36081014500,0.9225
36081014700,1.338
36081014800,-0.36678
36081014900,0.7274
36081015000,-1.7105
36081015100,0.75323
36081015200,0.69096
36081015300,1.4441
36081015400,-0.74441
36081015500,0.8522
36081015600,0.045476
36081015700,-0.21296
36081015801,-0.84116
36081015802,0.12629
36081015900,1.4316
36081016100,1.3897
36081016300,0.34529
36081016400,-0.71479
36081016600,-0.99145
36081016800,-1.4629
36081016900,1.6683
36081017000,0.47226
36081017100,0.1399
36081017200,0.1332
36081017400,-0.91164
36081017600,-2.1398
36081017800,-1.9545
36081017900,0.51087
36081018000,-0.21117
36081018101,1.1302
36081018102,1.1254
36081018200,-1.0944
36081018300,-0.38961
36081018401,-0.42219
36081018402,-1.0545
36081018501,1.5884
36081018502,1.4334
36081018700,0.41884
36081018800,-2.0687
36081018900,0.45834
36081019000,-1.299
36081019200,-5.8088
36081019400,-3.0169
36081019600,-1.3708
36081019800,-2.5814
36081019900,-0.119
36081020200,-0.5731
36081020400,-1.1509
36081020500,-0.29252
36081020600,-2.0097
36081020800,-1.4897
36081021200,-1.2844
36081021400,-0.19542
36081021600,0.19195
36081021900,0.049769
36081022001,1.2776
36081022002,1.3982
36081022900,-0.11659
36081023000,0.15056
36081023200,-1.0253
36081023500,0.10362
36081023600,0.1259
36081023800,-0.14686
36081024000,-1.0348
36081024300,0.98616
36081024500,-0.31381
36081024600,1.2707
36081024700,1.5635
36081024900,0.54706
36081025100,0.91771
36081025301,0.97275
36081025302,1.0985
36081025400,-0.69991
36081025500,0.21727
36081025700,0.59196
36081025800,-2.6657
36081025900,0.62688
36081026000,-0.40179
36081026100,1.2509
36081026200,-1.7421
36081026300,1.141
36081026400,-2.5687
36081026500,1.1094
36081026600,-1.9736
36081026700,0.52865
36081026901,1.2167
36081026902,0.70688
36081027000,-0.42546
36081027100,0.83692
36081027200,0.69569
36081027300,-0.49484
36081027500,0.93073
36081027600,-2.4761
36081027700,0.58118
36081027800,-3.294
36081027900,1.0072
36081028000,-1.7396
36081028100,0.65833
36081028200,0.21886
36081028300,0.89073
36081028400,-1.3529
36081028500,1.4478
36081028700,0.96573
36081028800,-1.0175
36081028900,0.89679
36081029100,0.023915
36081029300,0.37447
36081029400,0.44916
36081029500,0.87477
36081029700,0.43625
36081029900,0.64756
36081030600,0.49209
36081030902,1.0468
36081030903,0.7107
36081030904,1.2158
36081031700,0.26129
36081032000,0.79059
36081032700,1.2115
36081032800,-1.0896
36081032900,-0.05795
36081033000,-0.19166
36081033100,1.1166
36081033401,-0.78976
36081033402,-0.2568
36081033700,0.34083
36081033900,0.63183
36081034700,0.22498
36081035100,1.4603
36081035200,-0.97104
36081035300,-0.68635
36081035700,-0.03023
36081035800,0.32934
36081036100,0.72977
36081036300,0.798
36081036500,0.12771
36081036600,-1.121
36081036700,0.58615
36081036800,-1.1886
36081037100,0.47788
36081037300,-0.4538
36081037500,0.32656
36081037600,-3.5547
36081037700,-0.58071
36081037900,0.29804
36081038100,-0.4396
36081038301,0.43643
36081038302,0.24673
36081038400,0.75435
36081039400,-2.2676
36081039800,-2.0708
36081039900,-0.025761
36081040000,-2.2326
36081040100,0.23292
36081040200,-2.9159
36081040300,-0.12798
36081040400,-0.8768
36081040500,-0.23966
36081040700,-0.18023
36081040900,-0.046051
36081041100,0.42085
36081041300,-0.58651
36081041400,-0.96842
36081041500,-0.29495
36081042400,-1.0677
36081042600,1.6687
36081042700,-0.49278
36081043200,-2.5557
36081043400,-0.8081
36081043701,-0.84588
36081043702,-0.59459
36081043900,-0.36397
36081044000,0.051674
36081044301,-1.3594
36081044302,0.38384
36081044400,-0.90387
36081044601,-1.0163
36081044602,-1.7012
36081044800,-0.36218
36081045000,-1.794
36081045200,-0.85636
36081045400,-0.2807
36081045500,-0.39216
36081045600,-0.087575
36081045700,0.9156
36081045800,-0.061859
36081045900,1.4213
36081046000,-0.4113
36081046100,0.4687
36081046200,-2.5341
36081046300,0.96091
36081046400,-0.82256
36081046500,1.1036
36081046600,-0.2655
36081046700,0.46091
36081046800,-0.10637
36081046900,0.34195
36081047000,-0.85345
36081047100,0.021423
36081047200,-0.99459
36081047300,-0.3077
36081047500,0.75332
36081047600,0.68136
36081047800,-0.19057
36081047900,0.93199
36081048000,-2.2423
36081048100,-0.51014
36081048200,-0.34203
36081048300,1.0059
36081048400,-0.88553
36081048500,0.93435
36081048900,0.28033
36081049200,0.9269
36081049301,-0.17826
36081049302,0.53559
36081049500,1.6506
36081049600,-1.3311
36081049700,0.75483
36081049900,0.5426
36081050000,-1.6278
36081050201,-1.1948
36081050202,0.35949
36081050400,-4.0271
36081050500,0.82941
36081050600,-2.5719
36081050700,1.249
36081050800,-1.7671
36081051000,0.37059
36081051100,0.71743
36081051200,-2.0078
36081051300,0.56298
36081051500,0.51639
36081051600,-2.6047
36081051700,0.40043
36081051800,-3.703
36081052000,-0.21866
36081052100,0.85239
36081052200,-3.702
36081052400,1.0247
36081052500,-0.18326
36081052600,0.53851
36081052800,-1.7868
36081053000,-1.5234
36081053100,-0.065114
36081053200,-1.7237
36081053401,1.3788
36081053500,0.020015
36081053601,-1.8511
36081053800,-0.61846
36081053900,0.58227
36081054000,-0.078778
36081054200,0.02712
36081054500,-0.14077
36081054700,0.37091
36081054800,-1.7385
36081054900,-0.2304
36081055100,0.45966
36081055200,-1.2385
36081055300,0.24842
36081055400,-1.2905
36081055500,1.2807
36081055600,0.022506
36081055700,0.74765
36081055800,0.49177
36081055900,-0.060676
36081056000,0.878
36081056100,0.8718
36081056200,1.1705
36081056400,-0.016407
36081056500,0.39069
36081056600,1.1366
36081056700,1.0533
36081056800,-0.23082
36081057700,1.3227
36081057900,3.3004
36081058000,0.12494
36081058100,1.0117
36081058200,-2.0656
36081058300,0.9962
36081058500,1.6593
36081058700,1.2883
36081058900,1.6778
36081059100,0.39978
36081059200,-2.5934
36081059300,1.0611
36081059400,2.7191
36081059500,0.91188
36081059600,-0.93905
36081059800,-0.02871
36081059900,2.1254
36081060000,0.40934
36081060100,1.0129
36081060300,0.65345
36081060600,-1.6637
36081060701,2.1576
36081060800,-0.3981
36081061200,-0.66246
36081061301,-0.24555
36081061302,1.7707
36081061400,-2.5511
36081061601,-1.2838
36081061602,1.029
36081061800,0.66005
36081061900,0.63349
36081062000,0.49637
36081062100,0.42462
36081062200,1.06
36081062300,1.0602
36081062400,0.66212
36081062500,0.37753
36081062600,-0.9388
36081062700,1.2251
36081062900,1.0319
36081063000,-1.4057
36081063200,-1.7457
36081063301,0.24349
36081063302,0.27734
36081063500,1.5269
36081063700,0.24199
36081063800,-0.40521
36081063900,0.76374
36081064101,1.2656
36081064102,-2.777
36081064500,0.73379
36081064600,-2.1468
36081065400,0.15379
36081065501,1.266
36081065600,0.19605
36081065702,0.70832
36081065703,1.1369
36081065900,0.92558
36081066000,0.63792
36081066100,0.94195
36081066300,1.2579
36081066400,0.67605
36081066501,0.97177
36081066701,0.8861
36081066900,0.91658
36081067100,1.1397
36081067700,0.87098
36081067900,-0.41982
36081068000,-0.058592
36081068200,-0.21798
36081068300,-0.33637
36081068700,0.51357
36081069000,0.65197
36081069300,-0.50792
36081069400,1.6245
36081069500,0.44401
36081069701,0.48699
36081069702,0.76615
36081070300,0.15256
36081070700,1.009
36081070900,1.1337
36081071100,-1.1467
36081071303,0.71412
36081071304,0.22632
36081071305,-0.024342
36081071306,0.43004
36081071600,1.5089
36081071701,0.15317
36081071702,0.0083399
36081071900,1.6605
36081072100,0.68117
36081072300,1.9721
36081072900,0.7297
36081073100,2.0586
36081073700,0.92494
36081073900,0.27306
36081074100,1.5519
36081074300,1.2588
36081074500,0.44646
36081074700,0.19254
36081074900,1.8264
36081075701,0.34227
36081075702,0.95317
36081076901,0.99602
36081076902,0.61939
36081077300,-0.50369
36081077500,0.96143
36081077902,-1.443
36081077903,-0.068935
36081077904,0.69899
36081077905,0.87895
36081077906,0.92325
36081077907,0.75868
36081077908,-2.9286
36081078800,-1.346
36081079000,-0.93976
36081079200,-0.98862
36081079701,0.73616
36081079702,0.77545
36081079900,0.85547
36081080301,0.62323
36081080302,0.48559
36081080900,-0.31104
36081081400,-0.89674
36081081800,-0.26006
36081083700,1.0386
36081083800,-0.11435
36081084000,-0.12967
36081084500,0.84055
36081084601,0.52522
36081084602,-0.10621
36081084900,0.35378
36081085300,0.48838
36081085500,0.49629
36081085700,0.52078
36081085900,-0.02362
36081086100,0.79632
36081086300,-0.83285
36081086400,-0.41684
36081086500,0.40745
36081086900,0.47173
36081087100,0.86061
36081088400,0.57137
36081088901,1.0595
36081089200,0.83876
36081090700,-0.18903
36081091601,2.6701
36081091602,0.22145
36081091900,-1.8604
36081092200,1.1277
36081092500,0.7149
36081092800,-0.86239
36081092900,0.013378
36081093401,-1.7613
36081093402,0.0016182
36081093800,-1.1538
36081093900,0.205
36081094201,-2.2389
36081094202,-1.0622
36081094203,-0.14889
36081094500,0.62372
36081094700,0.55073
36081095400,-1.8053
36081096400,-2.0263
36081097202,-2.5621
36081097203,-4.2956
36081097204,-1.8783
36081097300,0.45629
36081098100,0.80211
36081098700,0.14546
36081099100,0.1561
36081099200,-1.8004
36081099701,1.0066
36081099703,0.12736
36081099704,0.14029
36081099705,-0.32769
36081099801,-1.3664
36081099802,-1.7872
36081099900,-0.63345
36081100801,-1.1326
36081100802,-3.5511
36081101001,-3.0547
36081101002,-5.402
36081101700,0.87868
36081102900,0.83457
36081103201,-2.8314
36081103202,-2.2611
36081103300,1.0357
36081103900,1.3116
36081104700,1.4849
36081105900,0.72416
36081107201,-0.052832
36081108500,0.68471
36081109300,-0.73951
36081109700,0.67966
36081109900,0.5562
36081111300,0.059081
36081112300,0.37123
36081112900,-0.74192
36081113300,0.61374
36081113900,0.64626
36081114100,1.4458
36081114700,2.0554
36081115100,1.2933
36081115500,0.74866
36081115700,0.59683
36081115900,0.10495
36081116100,-0.39457
36081116300,-0.76596
36081116700,0.32637
36081117100,0.58211
36081117500,0.47049
36081118100,0.26539
36081118500,0.67643
36081118700,1.2005
36081118900,-0.099217
36081119100,0.41448
36081119300,0.4519
36081119500,2.3169
36081119900,-0.64604
36081120100,0.61722
36081120300,-0.05845
36081120500,0.27613
36081120700,0.35812
36081121100,1.3356
36081121500,1.1289
36081122300,0.24928
36081122701,0.025973
36081122702,-1.1119
36081124100,0.81056
36081124700,1.1165
36081125700,-0.56587
36081126500,-0.90771
36081126700,0.91961
36081127700,1.4324
36081128300,0.045839
36081129102,0.93947
36081129103,0.39794
36081129104,1.4563
36081130100,0.14189
36081133300,1.1629
36081133900,1.1584
36081134100,0.27371
36081134700,-0.45704
36081136700,0.14432
36081137700,1.4593
36081138501,0.97368
36081138502,1.5021
36081139900,1.6284
36081140300,1.6135
36081140901,-0.12911
36081140902,-0.34743
36081141700,0.76667
36081142900,1.6532
36081143500,-1.0314
36081144100,-0.071955
36081144700,0.65274
36081145101,1.0083
36081145102,0.30246
36081145900,0.55883
36081146300,-0.07172
36081146700,0.19351
36081147100,-0.91061
36081147900,0.77751
36081148300,0.38795
36081150701,-0.13825
36081150702,1.1669
36081152901,-0.34947
36081152902,0.75745
36081155101,-0.16777
36081155102,0.23427
36081156700,0.1438
36081157101,0.61891
36081157102,0.077754
36081157901,0.42279
36081157902,0.51709
36081157903,-0.55221
36081161700,0.34667
36081162100,-1.0578
36085000300,0.018157
36085000600,0.0086921
36085000700,0.60396
36085000800,-1.0412
36085000900,1.5566
36085001100,1.5899
36085001700,-1.8726
36085001800,-0.0026032
36085002001,-1.9576
36085002002,0.35101
36085002100,0.35136
36085002700,-2.0966
36085002900,-1.3691
36085003300,1.3065
36085003600,-1.2316
36085003900,2.6309
36085004000,0.49905
36085004700,0.035884
36085005000,-1.6106
36085005900,1.3554
36085006400,-2.145
36085006700,-0.37063
36085007000,-1.7891
36085007400,-0.19344
36085007500,0.67539
36085007700,-0.92874
36085008100,-0.40312
36085009601,-2.4306
36085009602,-2.5675
36085009700,1.0647
36085010500,-0.88262
36085011201,-1.5458
36085011202,-2.3334
36085011401,-0.41753
36085011402,-1.2956
36085012100,0.81661
36085012200,-1.2651
36085012500,-0.30733
36085012804,0.26971
36085012805,-2.018
36085012806,-1.0172
36085013201,-2.5096
36085013203,-1.5482
36085013204,-1.2929
36085013301,-4.7749
36085013302,0.15515
36085013400,-1.2562
36085013800,-1.5226
36085014100,-0.71299
36085014604,0.053475
36085014605,0.86204
36085014606,-2.2523
36085014607,-0.80969
36085014608,-0.013085
36085014700,-1.7507
36085015100,-0.74588
36085015400,-3.3871
36085015601,0.43165
36085015602,-0.45634
36085015603,-0.10613
36085016901,-1.6339
36085017005,-1.183
36085017007,0.70999
36085017008,0.03339
36085017009,0.16972
36085017010,0.72282
36085017011,0.72187
36085017012,0.47128
36085017300,-3.4259
36085017600,-1.6987
36085017700,-0.3054
36085018100,1.2977
36085018701,-0.69582
36085018702,-2.6297
36085018901,-1.2169
36085018902,0.096033
36085019700,-2.4734
36085019800,-1.8336
36085020100,0.60278
36085020700,1.1282
36085020801,-1.1636
36085020803,-1.9991
36085020804,1.3583
36085021300,0.059651
36085022300,-0.47227
36085022600,0.50899
36085022800,-0.18105
36085023100,-0.87984
36085023900,-0.33829
36085024401,0.49379
36085024402,-0.82806
36085024700,0.4765
36085024800,0.030804
36085025100,0.51474
36085027301,1.2953
36085027302,-0.38625
36085027702,1.6834
36085027704,-1.0873
36085027705,-0.55593
36085027706,-0.94321
36085027900,-1.7495
36085029102,0.68445
36085029103,-0.37762
36085029104,-1.3337
36085030301,-2.5738
36085030302,0.51237
36085031901,0.84668
36085031902,0.14021
36085032300,0.64789
